fixture_player_id,fixture_id,player_id,cards_red,cards_yellow,dribbles_attempts,dribbles_past,dribbles_success,duels_total,duels_won,fouls_committed,fouls_drawn,games_captain,games_minutes,games_number,games_position,games_rating,games_substitute,goals_assists,goals_conceded,goals_saves,goals_total,offsides,passes_accuracy,passes_key,passes_total,penalty_commited,penalty_missed,penalty_saved,penalty_scored,penalty_won,shots_on,shots_total,tackles_blocks,tackles_interceptions,tackles_total
4824505,281083,96198,0,0,,1.0,,7.0,5.0,,1.0,false,74.0,4.0,D,6.6,false,,0.0,,,,44,,51.0,,0,,0,,,,,1.0,3.0
4190435,268028,73432,0,0,,,,,,,,false,,10.0,F,,true,,0.0,,,,,,,,0,,0,,,,,,
1675677,211086,55345,0,0,,2.0,,7.0,2.0,2.0,,true,90.0,32.0,M,7,false,0.0,0.0,,,,32,2.0,37.0,,0,,0,,,3.0,1.0,2.0,2.0
4375904,272262,89383,0,0,0.0,1.0,0.0,7.0,5.0,1.0,0.0,false,90.0,26.0,D,7.1,false,,,,,,72%,1.0,24.0,,0,,0,,0.0,0.0,0.0,3.0,5.0
6946801,111283,67244,0,0,,,,3.0,1.0,1.0,,false,45.0,2.0,D,6.7,false,0.0,0.0,,,,24,,31.0,,0,,0,,,,1.0,,1.0
9703904,360273,62662,0,1,1.0,2.0,1.0,11.0,2.0,4.0,1.0,false,90.0,77.0,F,6.4,false,,,,,,91%,0.0,22.0,,0,,0,,0.0,2.0,,2.0,
3290483,249715,1827,0,0,,,,,,,,false,1.0,37.0,M,,true,,0.0,,,,,,,,0,,0,,,,,,
4588636,277217,92238,0,0,1.0,2.0,1.0,3.0,1.0,,,false,21.0,11.0,M,6.3,true,0.0,0.0,,,1.0,6,,8.0,,0,,0,,,,,,
2859339,239013,69840,0,0,,,,,,,,false,,42.0,D,,true,,0.0,,,,,,,,0,,0,,,,,,
1389624,204892,48475,0,0,,,,2.0,2.0,,,true,38.0,23.0,D,6.3,false,,0.0,,,,32,,40.0,,0,,0,,,1.0,,1.0,
2552888,231766,63723,0,0,,,,4.0,2.0,1.0,2.0,false,90.0,6.0,D,6.3,false,0.0,0.0,,,,74,,89.0,,0,,0,,,,1.0,3.0,
942235,194040,46924,0,0,,,,15.0,7.0,1.0,,false,90.0,11.0,D,6.3,false,0.0,0.0,,,,17,2.0,31.0,,0,,0,,,,1.0,1.0,3.0
953546,194350,35003,0,0,,,,,,1.0,1.0,false,90.0,5.0,D,,false,,0.0,,,,0%,,0.0,,0,,0,,0.0,0.0,1.0,0.0,0.0
7540139,135271,142127,0,0,,,,,,,,false,1.0,17.0,M,,true,0.0,0.0,,,,1,,1.0,,0,,0,,,,,,
2182967,222868,61526,0,0,,,,,,,,false,,4.0,M,,true,,0.0,,,,,,,,0,,0,,,,,,
3673192,258529,81054,0,0,0.0,,0.0,6.0,5.0,1.0,1.0,false,40.0,3.0,M,7.1,false,,,,,,82%,0.0,24.0,,0,,0,,0.0,0.0,,1.0,
853438,192121,36612,0,0,,,,,,,,false,,28.0,D,,true,,0.0,,,,,,,,0,,0,,,,,,
5304034,292670,103198,0,0,,,,,,,,false,,31.0,M,,true,,0.0,,,,,,,,0,,0,,,,,,
3915088,262639,83034,0,0,0.0,1.0,0.0,5.0,2.0,2.0,2.0,false,90.0,4.0,D,6.6,false,,,,,,70%,0.0,14.0,,0,,0,,0.0,0.0,,5.0,
7896981,105605,147318,0,0,1.0,1.0,1.0,16.0,12.0,,3.0,false,98.0,15.0,D,6.9,false,,0.0,,,,48,,64.0,,0,,0,,,,,2.0,3.0
3481893,254333,78317,0,1,0.0,1.0,0.0,8.0,4.0,1.0,3.0,false,81.0,44.0,M,6.5,false,,,,,,76%,1.0,16.0,,0,,0,,0.0,1.0,,1.0,
7202724,94907,77620,0,0,1.0,,,11.0,3.0,1.0,,false,72.0,9.0,F,6.7,false,,0.0,,,,10,,13.0,,0,,0,,1.0,1.0,,1.0,
6283631,308235,85755,0,0,0.0,1.0,0.0,6.0,2.0,1.0,0.0,false,90.0,19.0,D,6.9,false,,,,,,98%,0.0,51.0,,0,,0,,0.0,1.0,0.0,3.0,2.0
1626917,210027,55172,0,0,,,,,,,,false,,19.0,D,,true,,0.0,,,,,,,,0,,0,,,,,,
3810960,42723,66619,0,0,,,,,,,,false,90.0,30.0,G,6.7,false,,1.0,2.0,,,23,,24.0,,0,0.0,0,,,,,,
770366,2142,45575,0,0,,,,2.0,,1.0,,false,16.0,10.0,M,6.5,true,,0.0,,,,2,,3.0,,0,,0,,,,,,
7920468,105150,147074,0,0,,,,15.0,5.0,,2.0,false,90.0,73.0,M,6.3,false,,0.0,,,1.0,44,1.0,47.0,,0,,0,,,1.0,,,3.0
1811681,213553,54614,0,0,1.0,2.0,,6.0,2.0,,2.0,false,82.0,4.0,M,6.9,false,,0.0,,1.0,,32,,37.0,,0,,0,,1.0,1.0,,1.0,
4277249,270009,66767,0,0,0.0,1.0,0.0,4.0,2.0,0.0,0.0,false,31.0,15.0,D,6.7,true,,0.0,,,,66%,0.0,8.0,,0,,0,,0.0,0.0,0.0,0.0,1.0
869614,192572,36066,0,0,1.0,1.0,1.0,5.0,3.0,,,false,90.0,55.0,D,8,false,1.0,0.0,,,,24,4.0,35.0,,0,,0,,,,1.0,,1.0
9277494,149308,71444,0,0,,,,8.0,7.0,,1.0,false,90.0,5.0,D,7,false,,0.0,,,,21,,28.0,,0,,0,,,1.0,,1.0,2.0
4462660,274495,90730,0,0,,,,1.0,1.0,,,false,9.0,25.0,F,6.7,true,,0.0,,,,,,,,0,,0,,,,,1.0,1.0
2682027,235046,66946,0,0,,,,,,,,false,9.0,12.0,D,6.6,true,,0.0,,,,13,,13.0,,0,,0,,,,,,
8991933,155731,43271,0,0,,,,2.0,1.0,1.0,,false,20.0,23.0,D,6.6,true,,0.0,,,,8,,13.0,,0,,0,,,,,,1.0
2482670,230311,63355,0,0,0.0,1.0,0.0,,,1.0,1.0,false,81.0,20.0,M,7.0,false,1.0,0.0,,,,86%,1.0,32.0,,0,,0,,0.0,3.0,0.0,0.0,2.0
9637337,161613,42834,0,0,,,,,,,,false,,1.0,G,,true,,0.0,,,,,,,,0,,0,,,,,,
3079767,244700,73120,0,0,1.0,,0.0,12.0,8.0,2.0,0.0,false,90.0,16.0,D,7.7,false,,,,,,82%,0.0,32.0,,0,,0,,0.0,2.0,,3.0,
3014500,242922,49708,0,0,1.0,,1.0,2.0,2.0,,,false,64.0,9.0,M,7.7,false,0.0,0.0,,1.0,,20,3.0,23.0,,0,,0,,2.0,2.0,,,1.0
4976477,284794,82973,0,0,0.0,2.0,0.0,7.0,4.0,0.0,1.0,false,90.0,22.0,D,6.4,false,,,,,,91%,0.0,44.0,,0,,0,,0.0,0.0,,3.0,
919953,193426,46909,0,0,,,,1.0,1.0,,,false,1.0,13.0,F,,true,0.0,0.0,,,,2,1.0,2.0,,0,,0,,,,,,
1583531,209049,50521,0,0,0.0,,0.0,0.0,0.0,0.0,0.0,false,90.0,1.0,G,5.7,false,,4.0,5.0,,,61%,0.0,16.0,,0,0.0,0,,0.0,0.0,0.0,0.0,
4986650,285054,97968,0,0,1.0,,0.0,5.0,2.0,2.0,1.0,false,6.0,24.0,M,6.3,true,,,,,,62%,0.0,5.0,,0,,0,,0.0,0.0,,0.0,
4464101,274533,90471,0,0,,,,,,,,true,90.0,25.0,G,6.9,false,,0.0,,,,26,,29.0,,0,0.0,0,,,,,,
2065770,219336,59722,0,1,,,,6.0,4.0,1.0,4.0,false,90.0,22.0,D,6.2,false,0.0,0.0,,,,27,,29.0,,0,,0,,,,,2.0,
2184412,222908,58551,0,0,,,,,,,,false,,11.0,F,,true,,0.0,,,,,,,,0,,0,,,,,,
3605664,256835,78132,0,0,2.0,2.0,1.0,11.0,3.0,2.0,,false,90.0,6.0,D,7.3,false,1.0,0.0,,,,63,2.0,69.0,,0,,0,,,,,1.0,
3946806,263504,77705,0,0,1.0,1.0,1.0,16.0,6.0,1.0,0.0,false,90.0,9.0,F,7.5,false,,0.0,,1.0,,85%,2.0,18.0,,0,,0,,3.0,4.0,0.0,0.0,1.0
9655003,359372,49477,0,0,0.0,,0.0,,,0.0,1.0,false,120.0,13.0,G,8.4,false,,4.0,5.0,,,66%,0.0,26.0,,0,0.0,0,,0.0,0.0,0.0,0.0,
4642459,278701,44550,0,0,6.0,,2.0,11.0,3.0,2.0,0.0,false,90.0,25.0,D,6.4,false,,,,,,80%,0.0,16.0,,0,,0,,0.0,0.0,0.0,3.0,
450124,182321,1176,0,0,2.0,,1.0,9.0,4.0,0.0,1.0,false,90.0,21.0,D,5.9,false,,0.0,,,,80%,1.0,33.0,,0,,0,,0.0,0.0,1.0,1.0,1.0
754884,190103,18253,0,0,,2.0,,10.0,6.0,1.0,1.0,true,90.0,5.0,D,7,false,,0.0,,,,75,,90.0,,0,,0,,,,1.0,3.0,
2695937,24723,67643,0,0,,1.0,,2.0,,,,false,12.0,38.0,M,6.5,true,,0.0,,,,3,,5.0,,0,,0,,,,,,
4381408,272415,89242,0,0,0.0,,0.0,2.0,0.0,1.0,0.0,false,32.0,4.0,D,6.3,true,,,,,,73%,1.0,17.0,,0,,0,,0.0,0.0,0.0,0.0,
3268357,249144,18391,0,1,4.0,2.0,2.0,15.0,7.0,3.0,2.0,false,90.0,11.0,M,8,false,,0.0,,,,52,6.0,59.0,,0,,0,,,,,1.0,3.0
4421797,273375,36582,0,0,3.0,1.0,2.0,16.0,10.0,1.0,2.0,false,90.0,8.0,M,7.2,false,0.0,0.0,,,,49,1.0,60.0,,0,,0,,,1.0,,1.0,4.0
946224,194148,45797,0,0,,,,,,,,false,,13.0,G,,true,,0.0,,,,,,,,0,,0,,,,,,
9603283,357145,138808,0,1,1.0,,,11.0,4.0,1.0,,false,45.0,16.0,M,6.7,true,0.0,0.0,,,,18,1.0,23.0,,0,,0,,,,1.0,,2.0
9412862,149663,54644,0,0,1.0,,1.0,7.0,5.0,2.0,,false,90.0,23.0,D,8,false,1.0,0.0,,,,51,2.0,59.0,,0,,0,,,1.0,,1.0,2.0
4198769,268245,86937,0,0,,,,,,,,false,,27.0,F,,true,,0.0,,,,,,,,0,,0,,,,,,
7888576,332242,147095,0,1,1.0,,1.0,,,1.0,0.0,false,90.0,4.0,D,6.9,false,,0.0,,,,76%,1.0,30.0,,0,,0,,0.0,0.0,0.0,1.0,5.0
4726460,73226,78285,0,0,,,,,,,,false,45.0,9.0,F,6.7,false,,0.0,,,1.0,7,1.0,11.0,,0,,0,,,,,,
983802,195181,46705,0,0,,,,,,,,false,,9.0,F,,true,,0.0,,,,,,,,0,,0,,,,,,
9243801,354054,54667,0,0,4.0,,4.0,12.0,7.0,2.0,2.0,false,81.0,14.0,M,7.3,false,,,,,,87%,0.0,50.0,,0,,0,,0.0,1.0,,1.0,
451799,182368,42982,0,0,0.0,,0.0,3.0,1.0,2.0,0.0,false,90.0,17.0,D,7.0,false,,0.0,,,1.0,88%,0.0,30.0,,0,,0,,0.0,0.0,0.0,1.0,1.0
1154434,199361,49017,0,0,1.0,,1.0,5.0,2.0,0.0,1.0,false,22.0,25.0,F,6.5,false,,,,,,100%,1.0,7.0,,0,,0,,0.0,0.0,,0.0,
2307410,225952,62603,0,0,0.0,,0.0,0.0,0.0,0.0,0.0,false,44.0,26.0,G,6.3,false,,5.0,4.0,,,61%,0.0,11.0,,0,0.0,0,,0.0,0.0,0.0,0.0,
604200,185990,19051,0,0,0.0,,0.0,0.0,0.0,0.0,0.0,false,90.0,1.0,G,7.8,false,,0.0,6.0,,,27%,0.0,8.0,,0,0.0,0,,0.0,0.0,,0.0,
6245051,307165,119573,0,1,0.0,,0.0,3.0,1.0,3.0,0.0,false,62.0,27.0,M,6.4,false,,,,,,86%,0.0,25.0,,0,,0,,0.0,0.0,,0.0,
689697,188356,36153,0,0,1.0,1.0,1.0,9.0,4.0,0.0,0.0,false,90.0,3.0,D,7.0,false,,0.0,,,,67%,0.0,19.0,,0,,0,,0.0,0.0,1.0,0.0,1.0
1385343,204793,49148,0,0,,,,,,,,false,,8.0,M,,true,,0.0,,,,,,,,0,,0,,,,,,
3940782,263340,83320,0,0,1.0,1.0,1.0,,,0.0,2.0,false,90.0,7.0,D,7.3,false,,,,,,87%,1.0,40.0,,0,,0,,0.0,0.0,0.0,1.0,1.0
5575822,125713,107174,0,0,1.0,,1.0,3.0,2.0,,1.0,false,15.0,21.0,M,6.3,true,,0.0,,,,3,,5.0,,0,,0,,,1.0,,,
4317318,270790,88182,0,0,,,,,,,,false,,50.0,G,,true,,0.0,,,,,,,,0,,0,,,,,,
9993530,369039,62151,0,0,3.0,,2.0,5.0,4.0,,1.0,false,84.0,6.0,M,9.5,false,0.0,0.0,,2.0,,35,1.0,40.0,,0,,0,,2.0,3.0,,1.0,
3460884,253856,69143,0,0,0.0,1.0,0.0,6.0,4.0,0.0,0.0,false,90.0,30.0,D,6.7,false,,,,,,97%,0.0,40.0,,0,,0,,0.0,0.0,,2.0,
2482867,230316,63108,0,0,0.0,,0.0,,,2.0,0.0,false,90.0,36.0,D,8.3,false,2.0,0.0,,,,61%,2.0,11.0,,0,,0,,0.0,0.0,0.0,2.0,1.0
3317506,250178,75531,0,0,,,,6.0,4.0,2.0,2.0,false,61.0,6.0,D,6.6,false,0.0,0.0,,,,10,,21.0,,0,,0,,,,1.0,1.0,1.0
2459836,229706,62661,0,0,0.0,,0.0,5.0,3.0,1.0,0.0,false,19.0,12.0,F,6.6,true,,,,,,50%,0.0,2.0,,0,,0,,0.0,0.0,0.0,0.0,
4376364,272274,89544,0,0,0.0,,0.0,2.0,2.0,0.0,1.0,false,13.0,25.0,F,7.4,false,,,,1.0,,50%,0.0,3.0,,0,,0,,1.0,1.0,0.0,1.0,
2304589,225874,1683,0,0,0.0,,0.0,4.0,2.0,0.0,0.0,false,90.0,13.0,D,6.9,false,,,,,,93%,0.0,54.0,,0,,0,,0.0,0.0,0.0,2.0,1.0
490657,183447,1434,0,0,0.0,,0.0,10.0,5.0,1.0,0.0,false,90.0,5.0,D,6.8,false,,,,,,84%,0.0,56.0,,0,,0,,1.0,1.0,0.0,2.0,1.0
1672468,211017,52571,0,0,,,,,,,,false,,16.0,M,,true,,0.0,,,,,,,,0,,0,,,,,,
8984730,350404,164973,0,0,1.0,1.0,1.0,12.0,7.0,0.0,0.0,false,90.0,13.0,M,6.1,false,,,,,,79%,2.0,43.0,,0,,0,,0.0,0.0,,3.0,
2488155,230448,63096,0,0,,,,,,,,false,,15.0,D,,true,,0.0,,,,,,,,0,,0,,,,,,
5000017,285397,98006,0,0,0.0,,0.0,2.0,1.0,1.0,0.0,false,45.0,33.0,M,6.9,false,,,,,,94%,2.0,36.0,,0,,0,,0.0,1.0,0.0,0.0,1.0
4480090,64179,90356,0,0,,1.0,,4.0,2.0,,1.0,true,90.0,77.0,M,7.2,false,,0.0,,,,37,2.0,40.0,,0,,0,,,1.0,1.0,3.0,1.0
3929516,263032,83587,0,0,0.0,,0.0,4.0,1.0,0.0,0.0,false,56.0,20.0,F,6.7,false,,,,,,92%,0.0,13.0,,0,,0,,0.0,2.0,0.0,0.0,
7718535,130147,97537,0,0,6.0,1.0,5.0,10.0,6.0,1.0,,false,84.0,10.0,M,8.2,false,,0.0,,,1.0,29,3.0,41.0,,0,,0,,2.0,3.0,,,
7861687,331503,146793,0,0,0.0,,0.0,8.0,4.0,4.0,2.0,false,82.0,2.0,D,7.0,false,,,,,,81%,0.0,18.0,,0,,0,,0.0,0.0,,4.0,
4149915,266906,86220,0,0,2.0,1.0,2.0,8.0,5.0,1.0,1.0,false,45.0,3.0,D,6.5,false,,,,,,70%,0.0,12.0,,0,,0,,0.0,0.0,,0.0,
6893535,101672,131252,0,0,2.0,,1.0,5.0,2.0,1.0,,false,90.0,26.0,D,6.9,false,0.0,0.0,,,,32,,42.0,,0,,0,,,,,2.0,
2018334,218419,56716,0,0,,,,5.0,4.0,,,false,69.0,27.0,D,7,false,,0.0,,,,45,,49.0,,0,,0,,1.0,1.0,,1.0,3.0
2059898,219188,59976,0,0,,,,,,,,false,,50.0,G,,true,,0.0,,,,,,,,0,,0,,,,,,
3792581,139251,78951,0,0,4.0,,4.0,5.0,4.0,,,false,79.0,10.0,M,7.3,false,1.0,0.0,,,,27,3.0,32.0,,0,,0,,1.0,1.0,,,
1053278,7573,36528,0,0,,,,10.0,9.0,,1.0,false,90.0,5.0,D,6.3,false,,0.0,,,,23,,43.0,,0,,0,,,,,2.0,5.0
3500906,254761,78187,0,0,2.0,1.0,2.0,10.0,4.0,1.0,0.0,true,90.0,8.0,M,7.4,false,,,,,,88%,1.0,59.0,,0,,0,,2.0,2.0,0.0,0.0,2.0
3272081,249238,19197,0,0,3.0,,2.0,7.0,4.0,,2.0,false,90.0,9.0,F,6.9,false,,0.0,,,,19,2.0,22.0,,0,,0,,1.0,1.0,,,
7269371,93376,137374,0,0,,,,2.0,1.0,1.0,,false,42.0,15.0,M,6.6,true,,0.0,,,,11,,12.0,,0,,0,,1.0,2.0,,1.0,1.0
2538669,231412,65527,0,0,,,,4.0,3.0,1.0,1.0,false,89.0,17.0,M,7.3,false,0.0,0.0,,,,48,1.0,58.0,,0,,0,,,,,1.0,1.0
2682555,235058,66931,0,0,,1.0,,3.0,1.0,,,false,17.0,22.0,M,6.7,true,,0.0,,,,13,1.0,14.0,,0,,0,,,,,,1.0
8246792,121112,71561,0,0,,,,,,,,false,,81.0,F,,true,,0.0,,,,,,,,0,,0,,,,,,
6267561,307791,119771,0,0,0.0,,0.0,0.0,0.0,0.0,0.0,false,10.0,10.0,M,6.8,true,,,,,,100%,1.0,4.0,,0,,0,,1.0,1.0,,0.0,
9990501,163366,199904,0,0,1.0,1.0,,13.0,8.0,,1.0,true,86.0,7.0,D,7.2,false,0.0,0.0,,,,18,,26.0,,0,,0,,,,,2.0,7.0
1369748,204442,51696,0,0,,1.0,,12.0,2.0,1.0,1.0,false,76.0,8.0,M,6.2,false,,0.0,,,,44,,50.0,,0,,0,,,,,1.0,
3133712,246006,72319,0,0,,,,,,,,false,,1.0,G,,true,,0.0,,,,,,,,0,,0,,,,,,
3778540,139665,81626,0,0,,,,1.0,,1.0,,false,26.0,3.0,D,6.5,true,,0.0,,,,8,2.0,11.0,,0,,0,,,,,,
1626885,210026,55213,0,0,1.0,3.0,,7.0,2.0,1.0,,false,53.0,42.0,M,6,false,,0.0,,,,9,,17.0,,0,,0,,,1.0,,,2.0
530154,184504,43560,0,0,,1.0,,3.0,1.0,,1.0,false,45.0,19.0,M,6.6,false,,0.0,,,,10,1.0,13.0,,0,,0,,1.0,1.0,,1.0,
6952789,318204,122531,0,0,1.0,,1.0,1.0,1.0,,,false,45.0,21.0,D,6.6,true,0.0,0.0,,,,18,1.0,23.0,,0,,0,,,,1.0,,
5618125,296830,107223,0,0,,,,,,,,false,,50.0,G,,true,,0.0,,,,,,,,0,,0,,,,,,
4832812,281313,64925,0,0,1.0,,1.0,5.0,3.0,,,false,90.0,6.0,D,6.7,false,,0.0,,,,24,,29.0,,0,,0,,,2.0,,,
4943645,284167,67680,0,0,,,,4.0,2.0,2.0,,false,39.0,10.0,F,6.3,false,,0.0,,,1.0,5,,6.0,,0,,0,,,,,,
759896,190242,19279,0,0,,,,1.0,1.0,,,false,90.0,1.0,G,6.9,false,,1.0,3.0,,,20,,27.0,,0,0.0,0,,,,,,
778744,2344,45426,0,0,,,,,,,,false,,17.0,D,,true,,0.0,,,,,,,,0,,0,,,,,,
9374401,150575,63263,0,0,,,,,,,,false,,12.0,G,,true,,0.0,,,,,,,,0,,0,,,,,,
4563667,68016,51567,0,0,,,,2.0,1.0,1.0,,false,45.0,16.0,D,6.6,false,,0.0,,,,33,,38.0,,0,,0,,,,1.0,,
7199360,94828,77555,0,0,2.0,,,8.0,2.0,2.0,2.0,false,66.0,10.0,M,7,false,,0.0,,,,18,5.0,19.0,,0,,0,,,,,,
7205721,94976,136393,0,0,,,,4.0,4.0,,2.0,false,45.0,15.0,F,6.6,false,,0.0,,,,7,,10.0,,0,,0,,,,,,1.0
9490481,151298,44062,0,0,5.0,1.0,1.0,11.0,3.0,,1.0,false,90.0,10.0,M,7.2,false,1.0,0.0,,,,22,2.0,29.0,,0,,0,,,1.0,,,1.0
9251444,354266,71453,0,1,1.0,2.0,1.0,11.0,8.0,0.0,0.0,false,90.0,23.0,D,7.0,false,1.0,,,,,75%,2.0,33.0,,0,,0,,0.0,3.0,,1.0,
493723,183532,1055,0,0,0.0,1.0,0.0,11.0,5.0,1.0,2.0,false,45.0,7.0,F,6.6,false,,0.0,,,,72%,0.0,8.0,,0,,0,,0.0,1.0,0.0,0.0,1.0
918518,193386,45492,0,0,2.0,,1.0,7.0,3.0,1.0,,false,90.0,17.0,D,7.3,false,0.0,0.0,,1.0,,65,,74.0,,0,,0,,1.0,1.0,1.0,,
6220742,99120,118819,1,0,1.0,1.0,1.0,5.0,2.0,,1.0,false,48.0,70.0,F,5.6,false,0.0,0.0,,,,13,,17.0,,0,,0,,,,,,
7224380,94643,79427,0,0,,,,11.0,5.0,1.0,3.0,false,90.0,9.0,F,8.7,false,,0.0,,2.0,,17,1.0,21.0,,0,,0,,3.0,5.0,,,
3805797,42597,44801,0,0,2.0,1.0,,5.0,2.0,,,false,45.0,3.0,D,7,true,,0.0,,,,31,,36.0,,0,,0,,,2.0,,2.0,
7252316,93755,137329,0,0,,,,,,,,false,,47.0,F,,true,,0.0,,,,,,,,0,,0,,,,,,
1553088,208365,54034,0,0,0.0,,0.0,4.0,2.0,0.0,2.0,false,20.0,21.0,M,6.6,true,,,,,,90%,0.0,10.0,,0,,0,,1.0,1.0,,0.0,
730346,189423,43363,0,0,2.0,,2.0,4.0,2.0,,,false,28.0,19.0,F,6.6,true,,0.0,,,,4,,5.0,,0,,0,,,2.0,,,
528424,184460,43572,0,1,1.0,,,7.0,1.0,2.0,,false,90.0,11.0,F,7.3,false,,0.0,,,,13,3.0,16.0,,0,,0,,1.0,3.0,,,1.0
4654616,279034,82206,0,0,1.0,1.0,1.0,,,0.0,1.0,false,22.0,39.0,F,6.9,false,,0.0,,,,55%,1.0,5.0,,0,,0,,1.0,2.0,0.0,0.0,
4812148,280743,96111,0,0,0.0,,0.0,4.0,1.0,1.0,0.0,false,66.0,16.0,D,6.2,false,,0.0,,,,80%,1.0,29.0,,0,,0,,0.0,0.0,0.0,0.0,
4312160,270775,69349,0,1,,,,3.0,2.0,1.0,1.0,false,14.0,55.0,D,6.2,true,,0.0,,,,2,,7.0,,0,,0,,,,,,1.0
1745304,14164,54379,0,0,5.0,2.0,,16.0,6.0,1.0,1.0,false,90.0,3.0,D,5.3,false,,0.0,,,,52,,56.0,,0,,0,,,,,,4.0
5840091,132558,111182,0,1,,1.0,,9.0,6.0,1.0,,true,90.0,4.0,D,7.2,false,0.0,0.0,,,,36,,45.0,,0,,0,,,1.0,2.0,,
4694104,95892,58891,0,1,2.0,3.0,,9.0,3.0,1.0,,false,76.0,15.0,M,6.3,false,,0.0,,,,36,,41.0,,0,,0,,,,,,2.0
4731666,95080,84467,0,0,,,,,,,,false,,18.0,D,,true,,0.0,,,,,,,,0,,0,,,,,,
667398,187738,18855,0,0,0.0,1.0,0.0,9.0,4.0,1.0,1.0,false,90.0,8.0,M,6.5,false,,,,,,65%,0.0,15.0,,0,,0,,0.0,0.0,1.0,2.0,
2205607,223497,50563,0,0,,,,2.0,,1.0,,false,11.0,23.0,M,6.2,true,,0.0,,,,4,,4.0,,0,,0,,,,,1.0,
9631683,161838,35786,0,0,,1.0,,9.0,3.0,,1.0,false,90.0,4.0,D,6.3,false,,0.0,,1.0,,24,,32.0,,0,,0,,1.0,1.0,,1.0,
2197572,223274,50677,0,0,,1.0,,14.0,7.0,2.0,1.0,false,90.0,19.0,D,8.5,false,,0.0,,1.0,,35,1.0,44.0,,0,,0,,2.0,3.0,1.0,1.0,5.0
4726296,95715,93938,0,0,3.0,3.0,3.0,15.0,9.0,1.0,,false,90.0,32.0,M,8.2,false,,0.0,,1.0,,40,,52.0,,0,,0,,1.0,2.0,1.0,2.0,6.0
4935073,283937,55417,0,0,7.0,2.0,1.0,21.0,8.0,,2.0,false,90.0,3.0,D,6.5,false,,0.0,,,,28,2.0,39.0,,0,,0,,,2.0,,3.0,3.0
1206947,200785,49782,0,1,6.0,,4.0,10.0,5.0,1.0,1.0,false,90.0,11.0,F,6.9,false,,0.0,,,,25,,29.0,,0,,0,,,,,2.0,
6331552,98103,120779,0,0,1.0,2.0,1.0,12.0,7.0,1.0,1.0,false,89.0,21.0,M,6.6,false,,0.0,,,,28,,33.0,,0,,0,,,,1.0,,2.0
4365898,271983,73391,0,0,2.0,,1.0,9.0,4.0,3.0,1.0,false,81.0,15.0,M,7.2,false,,,,,,86%,0.0,51.0,,0,,0,,1.0,1.0,,4.0,
5620195,296875,107397,0,0,,,,1.0,,,,false,1.0,14.0,F,,true,0.0,0.0,,,,,,1.0,,0,,0,,,,,,
5156346,87154,81397,0,0,3.0,,3.0,16.0,14.0,1.0,1.0,false,90.0,3.0,D,7.7,false,,0.0,,,,52,,63.0,,0,,0,,,,,1.0,5.0
9793867,161315,44827,0,0,,,,4.0,2.0,2.0,1.0,false,45.0,15.0,D,7,true,,0.0,,,,24,1.0,30.0,,0,,0,,,,,1.0,1.0
7728254,130072,69353,0,1,3.0,2.0,2.0,18.0,11.0,2.0,3.0,false,90.0,23.0,M,7.2,false,0.0,0.0,,1.0,,20,1.0,28.0,,0,,0,,3.0,3.0,,,2.0
4186923,267936,86807,0,0,,,,,,,,false,,12.0,G,,true,,0.0,,,,,,,,0,,0,,,,,,
559123,1,44125,0,0,2.0,,,5.0,,1.0,,false,61.0,30.0,M,6.5,false,,0.0,,,,8,2.0,13.0,,0,,0,,,1.0,,,
1065721,196910,18847,0,0,,,,29.0,20.0,3.0,2.0,false,89.0,9.0,F,7.3,false,0.0,0.0,,,,9,1.0,22.0,,0,,0,,1.0,4.0,,1.0,
9554628,155304,79770,0,0,,,,,,,,false,,25.0,M,,true,,0.0,,,,,,,,0,,0,,,,,,
1949426,216579,1408,0,1,1.0,,1.0,6.0,3.0,2.0,0.0,false,90.0,17.0,M,7.3,false,,,,,,88%,3.0,47.0,,0,,0,,0.0,1.0,,1.0,
1882291,214729,55604,0,0,,1.0,,6.0,4.0,1.0,,false,90.0,27.0,M,7.2,false,0.0,0.0,,,,72,4.0,81.0,,0,,0,,,,,,2.0
1084853,197439,35786,0,0,,,,16.0,11.0,,1.0,false,90.0,15.0,D,6.9,false,0.0,0.0,,,,20,,28.0,,0,,0,,,,1.0,,
767592,2072,45463,0,0,4.0,2.0,3.0,13.0,5.0,,,false,64.0,17.0,M,6.6,false,,0.0,,,,8,1.0,9.0,,0,,0,,,,,1.0,
4560670,67941,52694,0,0,,1.0,,5.0,3.0,,,false,22.0,18.0,M,6.6,true,,0.0,,,,6,,9.0,,0,,0,,,,1.0,,2.0
5005170,285531,97909,0,0,0.0,,0.0,,,0.0,0.0,false,90.0,21.0,D,6.6,false,,0.0,,,,73%,0.0,28.0,,0,,0,,0.0,1.0,0.0,0.0,
8033048,119217,148696,0,0,,,,,,,,false,,32.0,M,,true,,0.0,,,,,,,,0,,0,,,,,,
550810,185021,42929,0,0,,,,8.0,5.0,1.0,3.0,false,64.0,27.0,M,6.3,false,,0.0,,,,30,,34.0,,0,,0,,,,1.0,5.0,2.0
2068591,219406,1815,0,1,1.0,1.0,1.0,7.0,3.0,1.0,1.0,false,90.0,20.0,F,6.5,false,0.0,0.0,,,,37,2.0,47.0,,0,,0,,,1.0,,,1.0
2391330,227812,63152,0,0,,,,1.0,1.0,,,false,90.0,1.0,G,7.2,false,0.0,0.0,4.0,,,10,,24.0,,0,0.0,0,,,,,,
3756231,140061,71451,0,0,1.0,2.0,,7.0,2.0,,1.0,false,34.0,19.0,D,6.2,true,,0.0,,,,10,1.0,12.0,,0,,0,,,,,3.0,1.0
4372404,272164,65438,0,0,2.0,1.0,2.0,6.0,2.0,0.0,0.0,false,45.0,27.0,F,6.7,true,,,,,,66%,1.0,12.0,,0,,0,,1.0,1.0,,0.0,
1821542,213772,56571,0,0,,,,9.0,7.0,3.0,2.0,false,90.0,15.0,D,7,false,,0.0,,,,28,,31.0,,0,,0,,,,,,2.0
704705,188756,36544,0,0,,1.0,,1.0,,,,false,14.0,20.0,F,6.3,true,,0.0,,,,7,,9.0,,0,,0,,,,,1.0,
4709440,96230,93180,0,0,3.0,,,12.0,6.0,,2.0,false,90.0,23.0,M,7,false,,0.0,,,,17,2.0,28.0,,0,,0,,,,1.0,1.0,4.0
1666210,210881,43442,0,0,1.0,,1.0,3.0,3.0,,1.0,false,38.0,11.0,M,6.9,false,0.0,0.0,,,,12,,13.0,,0,,0,,1.0,1.0,,,1.0
9508553,356569,60093,0,0,2.0,,,10.0,7.0,,1.0,false,98.0,24.0,D,6.9,false,,0.0,,,,47,,56.0,,0,,0,,,,,,2.0
3302891,249817,73460,0,1,1.0,,,5.0,2.0,1.0,1.0,false,90.0,3.0,D,7,false,0.0,0.0,,,,59,3.0,71.0,,0,,0,,,,,,1.0
8563497,123095,67646,0,1,2.0,1.0,1.0,10.0,5.0,2.0,3.0,false,90.0,6.0,M,6.9,false,,0.0,,,,24,2.0,31.0,,0,,0,,,1.0,,,
1966143,217042,58633,0,0,0.0,,0.0,7.0,6.0,1.0,1.0,false,90.0,25.0,D,7.2,false,1.0,,,,,82%,1.0,33.0,1.0,0,,0,,0.0,1.0,1.0,1.0,1.0
3061056,244183,68124,0,1,0.0,,0.0,5.0,2.0,3.0,1.0,false,61.0,27.0,M,6.7,false,1.0,,,,,85%,1.0,30.0,,0,,0,,0.0,0.0,,1.0,
1278809,202060,43566,0,0,,,,,,,,false,,10.0,M,,true,,0.0,,,,,,,,0,,0,,,,,,
1857538,214188,57501,0,1,1.0,1.0,1.0,8.0,6.0,1.0,1.0,false,45.0,8.0,F,6.9,false,0.0,0.0,,,,10,,16.0,,0,,0,,2.0,3.0,,,3.0
2218406,20002,61575,0,0,2.0,,1.0,4.0,1.0,,,false,18.0,34.0,M,6.5,true,,0.0,,,,5,,6.0,,0,,0,,,1.0,,,
1791514,213105,56026,0,0,,,,4.0,1.0,3.0,1.0,false,10.0,19.0,M,6.5,true,,0.0,,,,3,,3.0,,0,,0,,,,,,
2274103,225026,62316,0,0,4.0,1.0,2.0,14.0,5.0,3.0,2.0,false,90.0,3.0,M,6.2,false,,,,,,74%,0.0,41.0,,0,,0,,0.0,0.0,,3.0,
1207924,200807,43745,0,0,,,,,,,,false,,24.0,D,,true,,0.0,,,,,,,,0,,0,,,,,,
2178071,222732,61285,0,0,,2.0,,6.0,2.0,,,false,90.0,11.0,D,6.6,false,,0.0,,,,37,3.0,45.0,,0,,0,,,,,2.0,1.0
6839684,317313,130821,0,0,2.0,1.0,1.0,12.0,6.0,0.0,2.0,false,90.0,26.0,M,7.0,false,,,,,,75%,2.0,22.0,,0,,0,,0.0,0.0,0.0,2.0,2.0
2324965,226415,62756,0,0,0.0,,0.0,,,0.0,0.0,false,95.0,1.0,G,6.2,false,,4.0,4.0,,,88%,0.0,38.0,,0,0.0,0,,0.0,0.0,0.0,0.0,
6376897,308822,69068,0,0,1.0,,,2.0,1.0,,1.0,false,41.0,22.0,F,6.3,true,0.0,0.0,,,,7,,9.0,,0,,0,,,,,,
1737152,12146,52272,0,0,,,,,,,,false,,11.0,M,,true,,0.0,,,,,,,,0,,0,,,,,,
673062,187895,19256,0,0,4.0,,2.0,13.0,7.0,0.0,1.0,false,90.0,27.0,D,6.7,false,,,,,,68%,2.0,30.0,,0,,0,,0.0,0.0,0.0,2.0,1.0
2006533,218122,55858,0,0,,,,,,,,false,,32.0,M,,true,,0.0,,,,,,,,0,,0,,,,,,
4048154,266118,84666,0,0,2.0,,1.0,4.0,1.0,1.0,0.0,false,32.0,33.0,F,7.0,false,,0.0,,,,72%,2.0,8.0,,0,,0,,1.0,1.0,0.0,0.0,
8602539,344860,159746,0,0,,,,,,,,false,,13.0,G,,true,,0.0,,,,,,,,0,,0,,,,,,
488127,183377,43028,0,0,2.0,1.0,1.0,7.0,2.0,0.0,0.0,false,21.0,19.0,F,6.2,true,,0.0,,,1.0,60%,0.0,3.0,,0,,0,,0.0,2.0,0.0,0.0,
7152938,322004,136459,0,0,1.0,,0.0,2.0,1.0,0.0,0.0,false,63.0,15.0,D,6.7,false,,,,,,71%,3.0,15.0,,0,,0,,0.0,1.0,,2.0,
3745444,140565,74682,0,0,0.0,,0.0,1.0,1.0,0.0,0.0,false,11.0,17.0,M,6.7,true,,0.0,,,1.0,100%,0.0,4.0,,0,,0,,0.0,0.0,0.0,0.0,
1234564,201415,49230,0,0,,,,,,,,false,,14.0,M,,true,,0.0,,,,,,,,0,,0,,,,,,
553970,185100,43337,0,0,1.0,1.0,,7.0,3.0,1.0,2.0,false,81.0,8.0,M,7,false,,0.0,,,,20,,32.0,,0,,0,,,,1.0,3.0,
1992220,217763,48677,0,0,,,,5.0,5.0,,1.0,true,90.0,13.0,D,6.9,false,,0.0,,,,26,,30.0,,0,,0,,,1.0,,,1.0
5027568,286017,98734,0,0,2.0,,2.0,10.0,7.0,,2.0,false,90.0,28.0,D,7.5,false,,0.0,,,,32,2.0,41.0,,0,,0,,,,1.0,1.0,2.0
3841203,260596,82362,0,1,1.0,,,9.0,3.0,4.0,1.0,false,82.0,8.0,M,7.2,false,0.0,0.0,,,,47,3.0,51.0,,0,,0,,,,1.0,,2.0
6292637,308483,119666,0,0,0.0,2.0,0.0,,,3.0,0.0,false,45.0,6.0,M,6.6,false,,0.0,,,,90%,1.0,20.0,,0,,0,,0.0,2.0,1.0,0.0,
2514079,231100,63415,0,0,3.0,1.0,2.0,9.0,3.0,2.0,,false,90.0,11.0,M,7,false,1.0,0.0,,,,21,2.0,27.0,,0,,0,,,,,4.0,
8859973,349223,48882,0,0,0.0,1.0,0.0,1.0,0.0,0.0,0.0,false,1.0,9.0,F,–,true,,,,,,100%,0.0,1.0,,0,,0,,0.0,1.0,0.0,0.0,
9301468,149034,43960,0,0,2.0,1.0,2.0,8.0,5.0,1.0,,false,63.0,9.0,F,10,false,,0.0,,5.0,1.0,11,1.0,16.0,,0,,1,,8.0,8.0,,,
6839836,317317,120355,0,0,0.0,1.0,0.0,10.0,8.0,1.0,1.0,false,90.0,4.0,M,7.1,false,,,,,,75%,1.0,33.0,,0,,0,,0.0,3.0,0.0,0.0,3.0
9527291,157168,78802,0,1,1.0,2.0,1.0,10.0,3.0,,1.0,false,105.0,10.0,M,6.2,false,,0.0,,,,17,,30.0,,0,,0,,,,,,1.0
3526619,255334,63169,0,0,0.0,1.0,0.0,,,3.0,0.0,false,38.0,95.0,M,6.3,true,,0.0,,,,94%,0.0,16.0,,0,,0,,0.0,2.0,0.0,0.0,1.0
9411064,149621,122984,0,0,,3.0,,9.0,4.0,1.0,1.0,false,90.0,25.0,D,5.9,false,0.0,0.0,,,,28,1.0,35.0,,0,,0,,,,,,3.0
3198245,247213,73473,0,0,,,,,,,,false,,17.0,M,,true,,0.0,,,,,,,,0,,0,,,,,,
1960291,216880,58560,0,0,1.0,,1.0,9.0,4.0,2.0,0.0,false,90.0,38.0,D,6.9,false,,,,,,73%,1.0,28.0,,0,,0,,0.0,0.0,,1.0,
4552682,276569,91912,0,0,,,,3.0,2.0,,1.0,false,20.0,21.0,D,6.6,true,,0.0,,,,6,,9.0,,0,,0,,,,,,1.0
9532111,156625,94047,0,0,,,,,,,,false,,20.0,F,,true,,0.0,,,,,,,,0,,0,,,,,,
9789797,364758,43500,0,0,3.0,,1.0,,,0.0,1.0,false,90.0,18.0,F,6.6,false,,0.0,,,,82%,0.0,23.0,,0,,0,,0.0,0.0,0.0,0.0,2.0
2842601,238883,68231,0,0,1.0,1.0,,6.0,1.0,2.0,1.0,true,90.0,31.0,D,6.2,false,,0.0,,,,31,,37.0,,0,,0,,,,,,
7171698,322443,43331,0,1,,,,,,0.0,0.0,false,94.0,4.0,D,,false,,,,,,77%,,24.0,,0,,0,,0.0,0.0,3.0,0.0,
6270382,307869,119406,0,1,2.0,,0.0,7.0,3.0,2.0,3.0,false,57.0,17.0,M,5.6,false,,,,,,71%,0.0,15.0,1.0,0,,0,,0.0,0.0,0.0,0.0,
3767525,140348,81688,0,0,2.0,2.0,,10.0,4.0,,1.0,false,90.0,2.0,M,6.9,false,,0.0,,,,27,2.0,32.0,,0,,0,,,,,,3.0
1014244,196032,45248,0,0,,1.0,,8.0,5.0,,2.0,false,90.0,17.0,D,7.2,false,,0.0,,,,42,,56.0,,0,,0,,,,1.0,4.0,1.0
1274546,201964,49405,0,0,3.0,,2.0,7.0,4.0,1.0,1.0,false,59.0,12.0,F,7,false,0.0,0.0,,,,13,,18.0,,0,,0,,1.0,1.0,,,
4823406,281053,86432,0,1,,,,6.0,3.0,1.0,,false,90.0,2.0,D,6.2,false,,0.0,,,1.0,18,,24.0,1.0,0,,0,,,,,4.0,2.0
1881157,214705,55092,0,0,,,,2.0,1.0,,,false,19.0,79.0,D,6.6,true,0.0,0.0,,,,10,,14.0,,0,,0,,,,,,1.0
1397706,205078,52004,0,0,,,,,,,,false,,29.0,D,,true,,0.0,,,,,,,,0,,0,,,,,,
8558871,123747,67303,0,0,,,,,,,,false,,10.0,M,,true,,0.0,,,,,,,,0,,0,,,,,,
9460117,153727,53657,0,0,,,,1.0,1.0,,,false,90.0,1.0,G,7.3,false,,0.0,1.0,,,19,,22.0,,0,0.0,0,,,,,,
2652177,234339,66560,0,0,2.0,4.0,2.0,19.0,8.0,2.0,1.0,false,90.0,9.0,F,6.7,false,,0.0,,,1.0,21,,28.0,,0,,0,,,,,,
4751381,279201,94460,0,0,2.0,1.0,1.0,14.0,10.0,,1.0,false,58.0,3.0,D,7,true,0.0,0.0,,,,7,1.0,14.0,,0,,0,,,,1.0,1.0,4.0
9120597,352290,88114,0,0,,1.0,,7.0,3.0,,,false,90.0,22.0,D,6.7,false,0.0,0.0,,,,27,1.0,40.0,,0,,0,,,,,2.0,3.0
829983,191470,36325,0,0,0.0,,0.0,,,0.0,1.0,false,22.0,27.0,F,7.2,true,1.0,0.0,,,,50%,1.0,4.0,,0,,0,,1.0,1.0,0.0,0.0,
6354446,96942,119906,0,0,,,,2.0,,1.0,,false,12.0,9.0,F,6.5,true,,0.0,,,,1,,1.0,,0,,0,,,,,,
2864369,239139,69949,0,0,,,,,,,,false,90.0,24.0,G,7.2,false,0.0,0.0,2.0,,,14,,16.0,,0,0.0,0,,,,,,
2356745,227215,63244,0,0,1.0,,1.0,10.0,6.0,1.0,1.0,false,90.0,24.0,M,7.7,false,,0.0,,1.0,,54,,64.0,,0,,0,,1.0,1.0,,2.0,4.0
8246769,121111,18963,0,0,1.0,,,2.0,,1.0,,false,28.0,9.0,F,6.5,true,0.0,0.0,,,,3,,3.0,,0,,0,,,,,,
9241105,353979,58953,0,0,1.0,,1.0,10.0,2.0,1.0,1.0,false,82.0,77.0,M,6.8,false,,,,1.0,,79%,1.0,23.0,,0,,0,,1.0,3.0,,0.0,
2456276,229607,63144,0,1,1.0,4.0,1.0,21.0,9.0,3.0,3.0,true,90.0,18.0,M,6.5,false,,,,,,60%,2.0,26.0,,0,,0,,1.0,1.0,,2.0,
3133679,246006,72373,0,0,1.0,1.0,,6.0,1.0,,1.0,false,90.0,7.0,M,7,false,1.0,0.0,,,,43,3.0,53.0,,0,,0,,,,,1.0,
4400227,272938,63808,0,0,4.0,1.0,4.0,15.0,10.0,,1.0,false,86.0,8.0,M,7.3,false,,0.0,,,,21,1.0,35.0,,0,,0,,,2.0,,,3.0
1141011,198989,44082,0,0,0.0,,0.0,2.0,2.0,0.0,1.0,false,90.0,1.0,G,6.7,false,,1.0,2.0,,,81%,0.0,9.0,,0,0.0,0,,0.0,0.0,,0.0,
4215034,55687,86692,0,0,2.0,2.0,1.0,10.0,6.0,,2.0,false,90.0,7.0,M,6.6,false,,0.0,,,,12,2.0,18.0,,0,,0,,,,,1.0,3.0
6327249,97984,120744,0,0,2.0,,2.0,4.0,3.0,,1.0,false,28.0,18.0,D,7.2,true,,0.0,,,,5,,8.0,,0,,0,,2.0,2.0,,,
9706463,360344,66162,0,1,2.0,,2.0,6.0,4.0,2.0,0.0,false,20.0,14.0,M,6.8,false,,,,,,60%,0.0,6.0,,0,,0,,0.0,1.0,,0.0,
4789355,280115,86764,0,0,1.0,2.0,0.0,12.0,6.0,1.0,0.0,false,90.0,77.0,D,6.0,false,,,,,,44%,0.0,12.0,,0,,0,,0.0,0.0,,5.0,
4404806,273066,62614,0,1,,,,,,,,false,90.0,1.0,G,5.3,false,,5.0,2.0,,,16,,31.0,,0,0.0,0,,,,,,
881931,192913,46271,0,0,,1.0,,1.0,,,,false,20.0,22.0,M,6.5,true,,0.0,,,,3,,6.0,,0,,0,,,,,,
4085038,138149,84911,0,0,,,,,,,,false,,11.0,F,,true,,0.0,,,,,,,,0,,0,,,,,,
1455858,206169,49823,0,0,2.0,,,4.0,1.0,,,false,9.0,3.0,D,6.5,true,0.0,0.0,,,,4,,4.0,,0,,0,,,,,,1.0
8937008,151980,1267,0,0,,,,5.0,2.0,2.0,,false,90.0,5.0,D,7.2,false,,0.0,,1.0,,71,,83.0,,0,,0,,1.0,1.0,1.0,,1.0
7292756,323269,79974,0,0,3.0,1.0,2.0,9.0,5.0,1.0,3.0,false,77.0,76.0,M,6.3,false,0.0,0.0,,,,21,1.0,34.0,,0,,0,,,,,2.0,
568697,242,44078,0,0,,,,,,,,false,,48.0,D,,true,,0.0,,,,,,,,0,,0,,,,,,
5053162,286489,97961,0,0,,1.0,,2.0,1.0,,1.0,false,48.0,16.0,F,6.3,true,,0.0,,,1.0,12,,16.0,,0,,0,,1.0,2.0,,1.0,
1873243,214534,57546,0,0,2.0,,1.0,6.0,3.0,1.0,1.0,false,86.0,7.0,F,6.9,false,0.0,0.0,,,,11,,12.0,,0,,0,,,,1.0,,1.0
2153923,222063,18562,0,0,0.0,,0.0,1.0,1.0,0.0,0.0,false,19.0,3.0,M,6.8,true,,,,,,91%,0.0,11.0,,0,,0,,0.0,1.0,0.0,0.0,1.0
2699848,24816,67290,0,0,,,,2.0,2.0,,1.0,false,12.0,33.0,D,6.2,true,0.0,0.0,,,,2,,4.0,,0,,0,,,,,,
4921435,283560,86860,0,0,1.0,,1.0,,,1.0,0.0,true,90.0,24.0,D,7.0,false,,0.0,,,,69%,0.0,23.0,,0,,0,,0.0,0.0,2.0,2.0,2.0
4134133,137610,84434,0,0,2.0,,2.0,3.0,3.0,,,false,32.0,10.0,M,7.6,true,0.0,0.0,,,,32,2.0,37.0,,0,,0,,,,,1.0,1.0
7267684,93339,78807,0,1,,1.0,,9.0,7.0,1.0,1.0,false,90.0,26.0,D,6.6,false,0.0,0.0,,,,25,1.0,33.0,,0,,0,,,,,,2.0
4110145,52031,85490,0,0,,,,9.0,6.0,1.0,2.0,false,90.0,3.0,D,6.3,false,,0.0,,,,17,1.0,24.0,,0,,0,,,,,1.0,2.0
9114689,351857,82172,0,0,,,,,,,,false,,14.0,D,,true,,0.0,,,,,,,,0,,0,,,,,,
3979541,264409,72008,0,0,,,,3.0,3.0,,1.0,false,30.0,3.0,D,6.9,true,,0.0,,,,32,,35.0,,0,,0,,,,,1.0,
9315617,148435,60024,0,1,,,,3.0,,1.0,,false,45.0,15.0,F,6.5,true,0.0,0.0,,,3.0,4,1.0,5.0,,0,,0,,,,,,
753042,190051,45515,0,0,,,,,,,,false,,44.0,G,,true,,0.0,,,,,,,,0,,0,,,,,,
3312367,250053,46668,0,0,,,,1.0,1.0,,,false,1.0,6.0,D,,true,0.0,0.0,,,,2,,2.0,,0,,0,,,,,1.0,
1783913,212935,52414,0,0,1.0,2.0,1.0,,,4.0,1.0,false,90.0,14.0,M,6.2,false,,0.0,,,,68%,0.0,15.0,,0,,0,,1.0,1.0,0.0,4.0,
1083289,197398,19246,0,0,2.0,3.0,1.0,14.0,4.0,1.0,,false,72.0,8.0,M,6.2,false,1.0,0.0,,,,8,1.0,12.0,,0,,0,,,1.0,,,1.0
4574529,276880,61610,0,0,,,,,,,,false,,94.0,D,,true,,0.0,,,,,,,,0,,0,,,,,,
4316958,59106,88471,0,0,1.0,,,2.0,1.0,,1.0,false,26.0,68.0,M,6.2,true,,0.0,,,,11,,16.0,,0,,0,,,,,,
7886171,332176,147233,0,0,0.0,1.0,0.0,,,0.0,3.0,false,94.0,2.0,D,7.7,false,,0.0,,,,81%,1.0,26.0,,0,,0,,3.0,5.0,,1.0,
4373222,272187,89618,0,1,0.0,,0.0,8.0,7.0,1.0,1.0,false,90.0,5.0,D,7.2,false,,,,1.0,,89%,0.0,44.0,1.0,0,,0,,1.0,2.0,,1.0,
691643,188410,967,0,0,3.0,,0.0,18.0,7.0,3.0,2.0,true,60.0,31.0,M,6.7,false,,0.0,,,,70%,0.0,14.0,,0,,0,,1.0,3.0,0.0,2.0,3.0
2160780,222252,61340,0,0,3.0,,3.0,,,0.0,2.0,false,90.0,3.0,D,7.6,false,,0.0,,,,81%,1.0,43.0,,0,,0,,0.0,0.0,0.0,4.0,6.0
9041904,157800,66985,0,0,4.0,,,6.0,2.0,,,true,78.0,2.0,D,6.9,false,,0.0,,,,56,1.0,66.0,,0,,0,,,,,,
7233389,94087,77102,0,0,,1.0,,4.0,1.0,2.0,,false,98.0,18.0,M,6.7,false,,0.0,,,,28,1.0,35.0,,0,,0,,,,,1.0,
4707686,96191,44491,0,0,,,,,,,,false,,39.0,D,,true,,0.0,,,,,,,,0,,0,,,,,,
2858289,238987,49147,0,0,1.0,,,8.0,2.0,1.0,1.0,false,90.0,9.0,F,6.3,false,0.0,0.0,,,,8,,11.0,,0,,0,,,,,,
4980760,284903,98078,0,1,0.0,1.0,0.0,8.0,3.0,2.0,1.0,false,90.0,19.0,D,6.5,false,,,,,,75%,0.0,40.0,,0,,0,,0.0,0.0,,0.0,
5046573,286346,62684,0,0,,4.0,,16.0,4.0,3.0,,false,78.0,40.0,F,7,false,,0.0,,1.0,,23,,38.0,,0,,0,,1.0,1.0,,,2.0
5604800,117030,80047,0,1,,1.0,,5.0,3.0,1.0,,false,90.0,9.0,F,6.9,false,0.0,0.0,,,4.0,5,,8.0,,0,,0,,1.0,1.0,,,
631936,186758,18152,0,1,0.0,1.0,0.0,21.0,16.0,1.0,4.0,false,90.0,6.0,D,7.1,false,,,,,,52%,0.0,21.0,1.0,0,,0,,0.0,0.0,,2.0,
1197295,200552,43192,0,0,4.0,,4.0,,,1.0,1.0,false,86.0,6.0,M,7.1,false,,0.0,,,,75%,0.0,18.0,,0,,0,,1.0,1.0,0.0,1.0,2.0
2350074,227047,62259,0,0,1.0,,1.0,2.0,1.0,,,false,35.0,7.0,M,6.3,true,,0.0,,,,10,,10.0,,0,,0,,,,,,
6280804,308157,119674,0,0,5.0,1.0,4.0,13.0,8.0,0.0,3.0,false,75.0,30.0,M,6.8,false,,,,,,78%,0.0,29.0,,0,,0,,0.0,1.0,0.0,0.0,
2487019,230420,63107,0,0,,,,,,,,false,,1.0,G,,true,,0.0,,,,,,,,0,,0,,,,,,
3589929,37046,77075,0,0,,,,1.0,1.0,,,false,16.0,10.0,M,6.9,true,,0.0,,,,11,1.0,13.0,,0,,0,,,,,,
4186658,267930,66520,0,0,,,,5.0,3.0,1.0,,false,90.0,22.0,M,7.2,false,,0.0,,1.0,,28,,35.0,,0,,0,,1.0,1.0,,,2.0
1673817,211046,55241,0,0,,,,,,,,false,,23.0,M,,true,,0.0,,,,,,,,0,,0,,,,,,
2500469,230758,46009,0,0,1.0,,,9.0,5.0,2.0,,false,90.0,5.0,D,7.9,false,,0.0,,1.0,,56,1.0,64.0,,0,,0,,1.0,2.0,1.0,1.0,1.0
3559565,256066,76963,0,0,,,,7.0,6.0,,3.0,false,90.0,2.0,D,8.2,false,,0.0,,,,65,5.0,75.0,,0,,0,,,,,5.0,1.0
901752,4833,43736,0,0,1.0,1.0,,8.0,3.0,1.0,,false,76.0,11.0,F,6.9,false,,0.0,,,,9,1.0,15.0,,0,,0,,1.0,1.0,,,3.0
7805223,115255,145046,0,0,,,,6.0,5.0,1.0,2.0,false,85.0,20.0,M,7,false,,0.0,,,,43,,47.0,,0,,0,,,,,1.0,2.0
7709886,130564,68589,0,0,,,,,,,,false,1.0,3.0,D,,true,,0.0,,,,,,,,0,,0,,,,,,
1752718,14321,55394,0,0,,,,,,,,false,,18.0,M,,true,,0.0,,,,,,,,0,,0,,,,,,
791847,190492,43808,0,1,2.0,,2.0,4.0,3.0,,1.0,false,45.0,20.0,D,6.9,true,0.0,0.0,,,,7,,10.0,,0,,0,,,1.0,,,
7219646,94535,137043,0,0,,,,,,,,false,,16.0,M,,true,,0.0,,,,,,,,0,,0,,,,,,
5594584,92926,107243,0,0,2.0,2.0,1.0,11.0,4.0,,,false,90.0,27.0,D,6.6,false,1.0,0.0,,,,28,1.0,29.0,,0,,0,,,,1.0,,3.0
2232696,223877,58689,0,0,,,,,,,,false,90.0,1.0,G,6.3,false,0.0,1.0,2.0,,,13,,26.0,,0,0.0,0,,,,,,
7931027,104735,94969,0,0,,,,,,,,false,,29.0,M,,true,,0.0,,,,,,,,0,,0,,,,,,
8559946,123772,66773,0,0,1.0,,,6.0,2.0,3.0,1.0,false,74.0,25.0,D,6.5,false,,0.0,,,,17,,20.0,,0,,0,,1.0,1.0,,1.0,1.0
3994058,264668,82800,0,0,1.0,,1.0,2.0,1.0,,,false,67.0,28.0,D,6.3,false,,0.0,,,,17,,21.0,,0,,0,,,,,,
1343373,203742,49621,0,0,0.0,,0.0,14.0,7.0,4.0,1.0,false,90.0,4.0,D,7.2,false,,,,1.0,,52%,0.0,21.0,,0,,1,,1.0,1.0,1.0,1.0,2.0
1985859,217589,58875,0,0,0.0,,0.0,,,0.0,0.0,true,90.0,1.0,G,7.3,false,,3.0,7.0,,,47%,0.0,10.0,,0,0.0,0,,0.0,0.0,0.0,0.0,
7549723,326472,141091,0,0,,,,2.0,2.0,,,false,90.0,24.0,G,7.2,false,0.0,0.0,2.0,,,30,,35.0,,0,0.0,0,,,,,,1.0
4716671,95511,94681,0,0,2.0,2.0,1.0,10.0,6.0,,1.0,false,90.0,16.0,D,6.6,false,,0.0,,,,28,1.0,32.0,,0,,0,,1.0,1.0,,,3.0
4792585,280204,74333,0,0,0.0,,0.0,0.0,0.0,0.0,0.0,false,9.0,77.0,D,6.5,false,,,,,,80%,0.0,8.0,,0,,0,,0.0,0.0,0.0,0.0,
9550391,155080,94125,0,0,,,,9.0,6.0,1.0,,false,90.0,3.0,D,7.2,false,,0.0,,,,19,,28.0,,0,,0,,,1.0,,1.0,5.0
4862116,281914,96129,0,0,,,,2.0,2.0,,1.0,false,8.0,21.0,M,6.7,true,0.0,0.0,,,,1,,2.0,,0,,0,,,,,,
3267359,249119,75329,0,0,,,,,,,,false,,13.0,G,,true,,0.0,,,,,,,,0,,0,,,,,,
4758956,279364,93041,0,0,,,,,,,,false,,11.0,M,,true,,0.0,,,,,,,,0,,0,,,,,,
4138893,266642,78238,0,0,1.0,,,7.0,3.0,1.0,,false,90.0,6.0,D,7,false,0.0,0.0,,,,48,,52.0,,0,,0,,,,2.0,2.0,1.0
1813176,213586,52394,0,0,1.0,1.0,,10.0,4.0,1.0,,false,90.0,7.0,M,6.9,false,,0.0,,,,16,,24.0,,0,,0,,,1.0,,2.0,4.0
997331,195559,35808,0,1,,1.0,,31.0,12.0,4.0,1.0,false,90.0,14.0,F,6.6,false,,0.0,,,,11,1.0,22.0,,0,,0,,,1.0,,,1.0
2378211,227483,63607,0,0,1.0,,,5.0,1.0,,,false,16.0,44.0,F,6.3,true,0.0,0.0,,,,5,,7.0,,0,,0,,,,,,1.0
2035850,218859,57988,0,0,,4.0,,6.0,2.0,,1.0,true,90.0,6.0,M,6,false,,0.0,,,,48,,57.0,,0,,0,,,,,1.0,1.0
1230131,201315,49605,0,0,1.0,1.0,1.0,5.0,4.0,,,false,82.0,23.0,D,6.9,false,,0.0,,,,56,,60.0,,0,,0,,,1.0,,,2.0
8527540,124525,67084,0,0,,,,5.0,3.0,1.0,,false,90.0,5.0,D,7.3,false,,0.0,,,1.0,65,1.0,72.0,,0,,0,,,,,2.0,2.0
4462988,274504,90593,0,0,,,,,,,,false,,15.0,D,,true,,0.0,,,,,,,,0,,0,,,,,,
3560356,256083,69486,0,0,2.0,5.0,,12.0,4.0,,4.0,false,82.0,26.0,D,5.9,false,,0.0,,,,28,1.0,36.0,,0,,0,,,,,4.0,
2544631,231562,64786,0,0,,,,,,,,false,10.0,29.0,F,6.3,true,0.0,0.0,,,,1,,2.0,,0,,0,,,,,,
5662328,126985,108218,0,0,,,,2.0,1.0,1.0,,false,8.0,40.0,D,6.2,true,,0.0,,,,2,,5.0,,0,,0,,,,,,
4239980,269122,87759,0,1,11.0,,6.0,23.0,9.0,4.0,1.0,false,90.0,14.0,M,7.0,false,1.0,,,,,70%,2.0,12.0,,0,,0,,1.0,4.0,,1.0,
695163,188504,36411,0,0,2.0,,1.0,10.0,5.0,0.0,1.0,false,29.0,7.0,D,7.2,false,,0.0,,1.0,,60%,0.0,6.0,,0,,0,,1.0,1.0,0.0,1.0,1.0
7256170,93841,69355,0,1,3.0,1.0,3.0,13.0,7.0,3.0,1.0,false,99.0,11.0,F,7.5,false,,0.0,,,,20,3.0,29.0,,1,,0,,1.0,3.0,,,3.0
8944186,151442,44127,0,0,4.0,,2.0,8.0,4.0,,,false,70.0,23.0,F,6.3,false,0.0,0.0,,,,16,,19.0,,0,,0,,,,,,2.0
1256689,9932,44550,0,0,,,,,,,,false,,15.0,D,,true,,0.0,,,,,,,,0,,0,,,,,,
2805168,237948,69477,0,0,1.0,1.0,0.0,4.0,0.0,0.0,0.0,false,64.0,90.0,F,6.3,false,,0.0,,,,80%,0.0,8.0,,0,,0,,0.0,2.0,0.0,0.0,
9380111,150745,1590,0,0,,2.0,,7.0,4.0,,1.0,false,90.0,25.0,M,6.9,false,,0.0,,,,56,,61.0,,0,,0,,,,,1.0,2.0
5838255,132514,111946,0,0,,1.0,,11.0,6.0,,1.0,false,90.0,4.0,D,6.9,false,0.0,0.0,,,,29,,51.0,,0,,0,,1.0,1.0,1.0,3.0,1.0
894974,193277,46628,0,0,,,,,,,,false,,4.0,D,,true,,0.0,,,,,,,,0,,0,,,,,,
5040974,83086,98121,0,0,,,,6.0,5.0,1.0,,true,97.0,23.0,D,7.2,false,,0.0,,,,61,1.0,66.0,,0,,0,,,,,3.0,1.0
2385535,227666,63822,0,0,,,,1.0,1.0,,,false,28.0,3.0,D,6.3,true,0.0,0.0,,,,5,,7.0,,0,,0,,,1.0,,,
609037,186124,19078,0,0,0.0,,0.0,5.0,3.0,2.0,0.0,false,45.0,28.0,M,6.8,false,,,,,,73%,0.0,14.0,,0,,0,,0.0,0.0,,2.0,
1859672,214235,52498,0,0,,,,,,,,false,,19.0,F,,true,,0.0,,,,,,,,0,,0,,,,,,
3840656,260582,81563,0,1,,1.0,,8.0,3.0,1.0,,false,90.0,25.0,D,6.3,false,0.0,0.0,,,,27,,35.0,,0,,0,,,,,1.0,3.0
6880465,101791,92881,0,0,,,,7.0,5.0,,,false,98.0,22.0,D,7.3,false,,0.0,,,,31,1.0,43.0,,0,,0,,,,1.0,,3.0
4234143,268989,87361,0,0,,1.0,,2.0,,1.0,,false,90.0,12.0,G,6.2,false,0.0,3.0,4.0,,,29,,38.0,1.0,0,0.0,0,,,,,,
1215025,200969,48193,0,0,,,,,,,,false,,19.0,D,,true,,0.0,,,,,,,,0,,0,,,,,,
2847096,26054,69838,0,0,,1.0,,7.0,4.0,1.0,1.0,false,89.0,3.0,D,6.7,false,,0.0,,,,28,,34.0,,0,,0,,,,,,2.0
800825,190715,44296,0,0,,,,,,,,false,,16.0,M,,true,,0.0,,,,,,,,0,,0,,,,,,
5574475,125680,69081,0,0,1.0,2.0,,11.0,4.0,4.0,2.0,false,90.0,8.0,M,6.3,false,,0.0,,,1.0,42,1.0,48.0,,0,,0,,,1.0,,3.0,1.0
598176,185825,42685,0,0,,,,1.0,1.0,,,false,11.0,10.0,M,6.3,true,0.0,0.0,,,,3,,5.0,,0,,0,,,,,,1.0
1853919,16344,57172,0,0,,,,1.0,,,,false,25.0,21.0,D,6.5,true,,0.0,,,,3,,9.0,,0,,0,,,,,,
2227555,223737,60072,1,2,4.0,,3.0,14.0,7.0,5.0,,false,82.0,43.0,D,6.7,false,0.0,0.0,,,,14,1.0,23.0,,0,,0,,,,,3.0,4.0
6063169,106913,49866,0,0,,,,,,,,false,10.0,17.0,D,6.3,true,0.0,0.0,,,,2,,3.0,,0,,0,,,,,,
535770,184645,43616,0,0,,,,4.0,2.0,,,false,83.0,16.0,D,6.6,false,,0.0,,,,41,,52.0,,0,,0,,,,1.0,1.0,
1804711,213400,53887,0,0,4.0,1.0,4.0,13.0,7.0,1.0,,false,81.0,10.0,M,6.9,false,,0.0,,,,9,1.0,14.0,,0,,0,,1.0,2.0,,1.0,1.0
619001,186401,34924,0,0,1.0,,1.0,17.0,10.0,1.0,1.0,false,90.0,15.0,D,6.7,false,,,,,,68%,0.0,28.0,1.0,0,,0,,0.0,0.0,,1.0,
9458784,153656,165266,0,0,,,,,,,,false,,71.0,G,,true,,0.0,,,,,,,,0,,0,,,,,,
7253633,93784,79317,0,0,1.0,,,2.0,1.0,,1.0,false,56.0,18.0,F,6.3,true,,0.0,,,,2,,3.0,,0,,0,,,,,1.0,
4159329,267168,86178,0,0,0.0,1.0,0.0,2.0,0.0,1.0,0.0,false,11.0,27.0,F,6.3,false,,,,,,0%,0.0,0.0,,0,,0,,0.0,0.0,,0.0,
9002023,154848,54879,0,0,5.0,,5.0,7.0,7.0,,2.0,false,83.0,7.0,M,8.2,false,0.0,0.0,,,,32,,41.0,,0,,0,,1.0,1.0,,,
1052788,7557,36165,0,1,,1.0,,10.0,6.0,2.0,1.0,false,45.0,25.0,D,7.2,false,,0.0,,,,6,,8.0,,0,,0,,,,1.0,,5.0
1451145,206062,50678,0,1,,,,3.0,1.0,2.0,1.0,false,74.0,8.0,M,6.6,false,0.0,0.0,,,,19,1.0,19.0,,0,,0,,,,,1.0,
3278395,249407,42762,0,1,1.0,2.0,1.0,20.0,11.0,4.0,2.0,false,90.0,19.0,D,6.9,false,,0.0,,,,11,,22.0,,0,,0,,,,,3.0,4.0
1156758,199426,48873,0,0,0.0,,0.0,3.0,0.0,1.0,0.0,false,1.0,25.0,F,–,true,,,,,,0%,0.0,0.0,,0,,0,,0.0,0.0,,0.0,
1673573,211041,49329,0,0,,3.0,,8.0,3.0,1.0,1.0,false,90.0,17.0,D,6.7,false,0.0,0.0,,,,37,1.0,43.0,,0,,0,,,,,,2.0
1753440,14336,49650,0,0,,1.0,,2.0,,,,false,31.0,42.0,D,6.9,true,1.0,0.0,,,,11,1.0,13.0,,0,,0,,,,,,
713022,188964,18376,0,1,1.0,2.0,1.0,22.0,14.0,3.0,,false,90.0,24.0,F,7.3,false,,0.0,,,1.0,9,2.0,25.0,,0,,0,,,2.0,,,1.0
6215216,98994,118750,0,0,,,,,,,,false,,25.0,M,,true,,0.0,,,,,,,,0,,0,,,,,,
1023735,196298,1738,0,0,,,,6.0,3.0,,,true,41.0,5.0,D,6.2,false,,0.0,,,,7,,11.0,,0,,0,,,,,,
7897498,105620,147146,0,0,,,,1.0,,1.0,,false,7.0,23.0,M,,true,,0.0,,,,1,,1.0,,0,,0,,,,,,
954178,194367,34852,0,1,,,,,,1.0,0.0,false,90.0,44.0,D,,false,,0.0,,,,0%,,0.0,,0,,0,,0.0,0.0,0.0,0.0,0.0
5527340,295895,105265,0,0,,,,4.0,3.0,,,false,90.0,22.0,D,7.3,false,0.0,0.0,,,,27,3.0,29.0,,0,,0,,1.0,1.0,1.0,2.0,1.0
8542783,124133,67485,0,0,,,,,,,,false,,15.0,D,,true,,0.0,,,,,,,,0,,0,,,,,,
1010490,195927,18284,0,0,,2.0,,5.0,1.0,2.0,1.0,true,83.0,15.0,M,5.9,false,,0.0,,,,30,,40.0,,0,,0,,,,,,
3830263,139141,82360,0,0,1.0,1.0,,2.0,,,,false,34.0,41.0,F,6.5,true,0.0,0.0,,,,4,,6.0,,0,,0,,,,,,
9560114,356924,81887,0,0,1.0,1.0,1.0,5.0,3.0,2.0,,false,90.0,6.0,M,6.9,false,0.0,0.0,,,,59,,68.0,,0,,0,,,1.0,,1.0,2.0
4332280,271074,89142,0,0,,1.0,,7.0,2.0,4.0,,false,90.0,10.0,M,6.6,false,0.0,0.0,,,,15,,29.0,,0,,0,,,,,1.0,1.0
2341225,226824,62742,0,0,1.0,,1.0,3.0,3.0,,1.0,false,11.0,25.0,D,6.9,true,,0.0,,,,3,,4.0,,0,,0,,,,,,1.0
2849755,26111,69438,0,0,2.0,,1.0,9.0,4.0,,2.0,false,56.0,9.0,F,6.9,false,,0.0,,,,10,1.0,15.0,,0,,0,,,2.0,,,1.0
1204574,200732,49509,0,0,1.0,,0.0,14.0,5.0,7.0,1.0,false,75.0,21.0,M,7.0,false,1.0,0.0,,,,82%,1.0,19.0,,0,,0,,0.0,2.0,0.0,0.0,3.0
8514888,124219,159029,0,0,,,,5.0,2.0,1.0,1.0,false,62.0,7.0,M,7,false,,0.0,,1.0,,9,,11.0,,0,,0,,1.0,1.0,,,1.0
5034518,286168,98810,0,0,5.0,,3.0,8.0,3.0,2.0,,false,90.0,32.0,D,6.2,false,,0.0,,,,31,1.0,42.0,,0,,0,,,,,,
1404225,205227,51290,0,0,,,,,,,,false,,9.0,F,,true,,0.0,,,,,,,,0,,0,,,,,,
1235722,201441,43076,0,0,,,,,,,,false,,9.0,F,,true,,0.0,,,,,,,,0,,0,,,,,,
1524381,207716,53720,0,0,1.0,,1.0,4.0,1.0,2.0,0.0,false,90.0,8.0,F,6.6,false,,,,,,77%,1.0,21.0,,0,,0,,1.0,2.0,,0.0,
4794958,280270,95540,0,0,1.0,,1.0,14.0,8.0,1.0,1.0,false,90.0,6.0,M,7.6,false,,,,1.0,,86%,0.0,46.0,,0,,0,,1.0,3.0,0.0,0.0,1.0
9410035,149598,1544,0,0,,1.0,,5.0,1.0,,,false,16.0,11.0,F,6.3,true,0.0,0.0,,,,2,,4.0,,0,,0,,,,,1.0,
3796848,139359,81569,0,0,2.0,,1.0,3.0,1.0,,,false,22.0,14.0,F,6.7,true,,0.0,,,,3,,5.0,,0,,0,,,1.0,,,
9455116,153451,63845,0,0,,,,,,,,false,,25.0,F,,true,,0.0,,,,,,,,0,,0,,,,,,
3709781,259545,80997,0,0,0.0,,0.0,8.0,3.0,4.0,0.0,true,90.0,4.0,D,7.0,false,,,,,,71%,0.0,22.0,1.0,0,,0,,0.0,0.0,,2.0,
7890420,105423,147000,0,0,0.0,,0.0,,,0.0,2.0,false,78.0,2.0,D,6.9,false,,0.0,,,,98%,1.0,50.0,,0,,0,,0.0,0.0,0.0,1.0,
3751645,140722,80992,0,0,,,,,,,,false,,15.0,D,,true,,0.0,,,,,,,,0,,0,,,,,,
7725054,129983,144611,0,0,3.0,1.0,1.0,6.0,2.0,,1.0,false,29.0,27.0,F,7,true,0.0,0.0,,,,18,1.0,22.0,,0,,0,,1.0,2.0,,2.0,
1266849,10165,50067,0,0,,,,,,,,false,,14.0,D,,true,,0.0,,,,,,,,0,,0,,,,,,
5836073,132460,111568,0,0,,,,3.0,3.0,,2.0,false,45.0,33.0,D,7.2,true,0.0,0.0,,,,41,1.0,54.0,,0,,0,,,1.0,,1.0,1.0
8542907,124136,53174,0,0,,,,3.0,3.0,,1.0,false,90.0,12.0,G,7.7,false,,1.0,5.0,,,21,,31.0,,0,0.0,0,,,,,,
4138616,266635,85213,0,1,,1.0,,10.0,8.0,1.0,3.0,true,90.0,8.0,M,7,false,0.0,0.0,,,,35,,38.0,,0,,0,,,,,4.0,5.0
719980,189138,19303,0,0,2.0,,1.0,10.0,8.0,,3.0,false,90.0,21.0,D,7.9,false,,0.0,,1.0,,40,,46.0,,0,,0,,1.0,1.0,,2.0,1.0
1090842,197599,46909,0,0,,,,1.0,,,,false,31.0,24.0,F,6.5,true,0.0,0.0,,,,9,,14.0,,0,,0,,,,,,
1998280,217915,58584,0,0,,,,9.0,8.0,,2.0,false,90.0,24.0,D,8.9,false,,0.0,,2.0,,16,,27.0,,0,,0,,2.0,2.0,,2.0,1.0
2356836,227217,63419,0,0,,,,,,,,false,,23.0,M,,true,,0.0,,,,,,,,0,,0,,,,,,
2674164,234865,67421,0,0,,,,,,,,false,,43.0,D,,true,,0.0,,,,,,,,0,,0,,,,,,
2031989,218762,43289,0,0,,,,,,,,false,,16.0,G,,true,,0.0,,,,,,,,0,,0,,,,,,
2858505,238992,69681,0,0,1.0,,1.0,6.0,5.0,,1.0,false,90.0,8.0,M,7.3,false,0.0,0.0,,,,62,1.0,68.0,,0,,0,,,,1.0,1.0,2.0
841798,191798,18309,0,1,1.0,,1.0,8.0,3.0,2.0,,false,90.0,7.0,F,7,false,,0.0,,,,40,1.0,46.0,,0,,0,,,1.0,,1.0,2.0
1622481,209928,54031,0,0,3.0,,1.0,12.0,7.0,2.0,3.0,true,85.0,25.0,M,7.9,false,,0.0,,1.0,,41,,46.0,,0,,0,,2.0,2.0,,1.0,2.0
623318,186520,35023,0,0,4.0,1.0,2.0,10.0,2.0,0.0,0.0,false,90.0,9.0,F,6.9,false,,,,,,100%,3.0,24.0,,0,,0,,0.0,2.0,,0.0,
4538278,276201,91900,0,0,,,,,,,,false,,87.0,M,,true,,0.0,,,,,,,,0,,0,,,,,,
1271011,10257,49878,0,0,,1.0,,6.0,2.0,1.0,,false,90.0,5.0,D,6.3,false,,0.0,,,,28,,31.0,,0,,0,,,,1.0,1.0,1.0
1237749,201487,49476,0,0,,,,,,,,false,,37.0,M,,true,,0.0,,,,,,,,0,,0,,,,,,
4132521,137572,85712,0,0,,,,,,,,false,,34.0,M,,true,,0.0,,,,,,,,0,,0,,,,,,
579275,185353,44176,0,0,,,,,,,,false,,3.0,M,,true,,0.0,,,,,,,,0,,0,,,,,,
932254,193767,36648,0,0,,,,,,,,false,,24.0,D,,true,,0.0,,,,,,,,0,,0,,,,,,
8237583,121356,71842,0,0,,,,,,,,false,2.0,48.0,M,,true,,0.0,,,,,,,,0,,0,,,,,,
3775612,139590,81853,0,0,,,,,,,,false,,17.0,M,,true,,0.0,,,,,,,,0,,0,,,,,,
2208029,19715,44865,0,0,5.0,,1.0,16.0,7.0,,1.0,false,90.0,9.0,F,6.2,false,,0.0,,,,13,,21.0,,0,,0,,1.0,1.0,,,
6224828,306665,118568,0,0,,,,5.0,3.0,,1.0,false,90.0,26.0,D,6.3,false,0.0,0.0,,,,22,,31.0,,0,,0,,,,1.0,,
2442829,229234,64183,0,0,0.0,,0.0,17.0,10.0,3.0,2.0,false,90.0,6.0,M,7.2,false,,,,,,87%,0.0,34.0,,0,,0,,0.0,0.0,,2.0,
2544495,231558,65508,0,0,,,,,,,,false,,6.0,D,,true,,0.0,,,,,,,,0,,0,,,,,,
2384866,227650,44122,0,0,,,,4.0,4.0,,1.0,false,77.0,2.0,D,6.9,false,0.0,0.0,,,,26,,28.0,,0,,0,,,,2.0,2.0,
3110528,245449,73498,0,0,0.0,1.0,0.0,,,4.0,1.0,false,58.0,11.0,M,6.3,false,,0.0,,,,66%,0.0,10.0,,0,,0,,0.0,3.0,0.0,0.0,
1626923,210027,49548,0,0,,,,,,,,false,,11.0,F,,true,,0.0,,,,,,,,0,,0,,,,,,
9562954,356979,48629,0,0,,,,,,,,false,9.0,22.0,D,6.7,true,0.0,0.0,,,,1,,2.0,,0,,0,,,,,,
7692391,329268,54137,0,1,0.0,,0.0,8.0,4.0,1.0,1.0,false,90.0,6.0,M,6.6,false,,,,,,87%,0.0,34.0,,0,,0,,0.0,0.0,0.0,0.0,
6071488,304887,116230,0,0,2.0,1.0,1.0,7.0,4.0,,1.0,false,90.0,4.0,M,6.6,false,0.0,0.0,,,1.0,22,2.0,30.0,,0,,0,,,2.0,,,1.0
7821504,115026,82044,0,0,,,,,,,,false,,9.0,F,,true,,0.0,,,,,,,,0,,0,,,,,,
4108933,138034,84627,0,0,2.0,1.0,,4.0,1.0,,,false,19.0,17.0,D,6.2,true,,0.0,,,,6,,9.0,,0,,0,,,,,1.0,
5829646,132834,111036,0,0,1.0,,,3.0,2.0,,,false,90.0,23.0,M,7,false,0.0,0.0,,,,26,,32.0,,0,,0,,1.0,1.0,,,2.0
9093170,160890,44392,0,0,,,,1.0,,1.0,,false,8.0,25.0,M,6.5,true,,0.0,,,,1,,2.0,,0,,0,,,,,,
1137726,198897,48873,0,0,4.0,,1.0,15.0,7.0,3.0,0.0,false,88.0,23.0,F,7.0,false,,,,,,60%,0.0,9.0,,0,,0,,0.0,3.0,,5.0,
8049294,334073,149428,0,0,0.0,1.0,0.0,7.0,2.0,1.0,0.0,false,90.0,23.0,M,7.2,false,0.0,0.0,,0.0,1.0,29,,42.0,,0,,0,,0.0,1.0,0.0,3.0,2.0
3787559,139893,80418,0,0,,,,2.0,1.0,,,false,45.0,3.0,D,6.2,true,,0.0,,,,20,,22.0,,0,,0,,,,1.0,1.0,
1588837,209171,54773,0,0,0.0,4.0,0.0,22.0,11.0,3.0,3.0,false,90.0,68.0,M,6.7,false,,,,,,85%,1.0,34.0,,0,,0,,0.0,0.0,0.0,0.0,3.0
5165347,289023,58847,0,0,1.0,,1.0,1.0,1.0,,,false,1.0,14.0,F,,true,0.0,0.0,,,,3,,3.0,,0,,0,,,,,,
1434424,11947,50496,0,1,,,,1.0,,,,false,90.0,6.0,D,6.9,false,,0.0,,,,10,,12.0,,0,,0,,,,2.0,,
2145415,221829,57939,0,0,0.0,,0.0,10.0,7.0,1.0,1.0,false,90.0,24.0,D,7.1,false,,,,,,66%,0.0,20.0,,0,,0,,0.0,0.0,0.0,3.0,4.0
1937965,216261,57846,0,0,0.0,,0.0,4.0,4.0,0.0,1.0,false,90.0,25.0,D,6.8,false,,,,,,91%,0.0,33.0,,0,,0,,0.0,0.0,,0.0,
1529918,207841,53618,1,2,0.0,,0.0,3.0,2.0,1.0,0.0,false,44.0,55.0,D,6.0,false,,,,,,42%,0.0,9.0,,0,,0,,0.0,0.0,,2.0,
4967247,284561,97716,0,0,,1.0,,6.0,4.0,,,false,90.0,3.0,D,7.5,false,0.0,0.0,,,,85,,91.0,,0,,0,,,,,1.0,2.0
6903452,317745,66227,0,0,4.0,,2.0,15.0,9.0,2.0,4.0,false,90.0,15.0,M,8,false,0.0,0.0,,,,43,4.0,54.0,,0,,0,,,2.0,,1.0,2.0
6684299,110129,126719,0,0,1.0,,1.0,4.0,3.0,,,false,10.0,15.0,F,7.2,true,0.0,0.0,,,,3,,5.0,,0,,0,,1.0,1.0,,,1.0
2317490,226226,1926,0,0,0.0,1.0,0.0,,,0.0,0.0,false,63.0,36.0,M,6.5,false,,0.0,,,,71%,0.0,5.0,,0,,0,,0.0,0.0,1.0,0.0,1.0
8236967,121340,71423,0,0,4.0,,,5.0,1.0,,,false,77.0,10.0,F,6.3,false,,0.0,,,,18,2.0,24.0,,0,,0,,,,,,
2797627,237744,49820,0,0,2.0,1.0,2.0,,,1.0,1.0,false,90.0,98.0,M,7.4,false,,0.0,,,,88%,0.0,62.0,,0,,0,,0.0,0.0,0.0,1.0,4.0
9631194,161824,46713,0,0,,,,,,,,false,,24.0,D,,true,,0.0,,,,,,,,0,,0,,,,,,
3558088,256033,77840,0,0,,,,,,,,false,,20.0,M,,true,,0.0,,,,,,,,0,,0,,,,,,
2829304,238551,69415,0,0,1.0,1.0,,4.0,,2.0,,false,90.0,12.0,D,6.6,false,,0.0,,,,29,2.0,36.0,,0,,0,,,1.0,,,
4544534,276359,91217,0,1,,,,11.0,6.0,5.0,,true,1.0,4.0,D,,false,,0.0,,,,52,1.0,62.0,,0,,0,,,,1.0,,1.0
3282741,249520,75387,0,0,1.0,,,7.0,4.0,1.0,,false,90.0,20.0,D,7.2,false,,0.0,,,,35,,42.0,,0,,0,,,,,1.0,2.0
4684109,96754,92546,0,0,,,,,,,,false,,18.0,M,,true,,0.0,,,,,,,,0,,0,,,,,,
5013739,285717,98125,0,0,,,,8.0,2.0,2.0,1.0,false,45.0,37.0,M,6.3,false,,0.0,,,,12,,14.0,,0,,0,,,,,,1.0
4086576,138186,50052,0,0,1.0,1.0,1.0,14.0,5.0,3.0,3.0,false,96.0,31.0,F,6.6,false,,0.0,,,,21,2.0,32.0,,0,,0,,,,1.0,1.0,
4583706,277105,92295,0,0,,,,,,,,false,,26.0,M,,true,,0.0,,,,,,,,0,,0,,,,,,
9550921,155093,94125,0,0,,1.0,,10.0,8.0,,1.0,false,90.0,3.0,D,7.3,false,,0.0,,,,15,,19.0,,0,,0,,1.0,1.0,,3.0,4.0
9275991,354948,63021,0,0,1.0,1.0,1.0,7.0,6.0,0.0,1.0,false,90.0,5.0,D,6.7,false,,0.0,,,,84%,0.0,42.0,,0,,0,,0.0,1.0,0.0,1.0,4.0
5578401,125777,106723,0,0,,,,4.0,2.0,1.0,,false,16.0,14.0,F,6.6,true,,0.0,,,,2,,2.0,,0,,0,,,1.0,,,1.0
7698361,329443,58184,0,0,1.0,,0.0,10.0,5.0,2.0,1.0,false,95.0,10.0,M,7.3,false,1.0,0.0,,,,88%,2.0,47.0,,0,,0,,0.0,0.0,0.0,1.0,2.0
837930,191690,34906,0,0,,1.0,,9.0,7.0,1.0,2.0,false,90.0,20.0,M,7.2,false,,0.0,,,,33,1.0,35.0,,0,,0,,,,,,5.0
2129904,221398,61064,0,0,0.0,,0.0,12.0,9.0,1.0,5.0,false,90.0,18.0,M,6.6,false,,,,,,79%,0.0,31.0,,0,,0,,0.0,0.0,,0.0,
1785949,212980,52430,0,0,0.0,,0.0,4.0,2.0,2.0,1.0,true,90.0,26.0,D,7.2,false,,0.0,,,,89%,1.0,26.0,,0,,0,,0.0,0.0,0.0,0.0,
5048027,286378,99197,0,0,1.0,,1.0,6.0,2.0,,,false,45.0,38.0,F,6.2,true,,0.0,,,,9,,10.0,,0,,0,,1.0,1.0,,,1.0
2831861,238615,55594,0,0,,,,,,,,false,1.0,80.0,M,,true,,0.0,,,,1,,1.0,,0,,0,,,,,,
3513903,255052,76953,0,0,0.0,,0.0,7.0,5.0,0.0,1.0,true,93.0,36.0,D,6.6,false,,,,,,71%,0.0,23.0,,0,,0,,0.0,0.0,0.0,0.0,
6217165,99038,118588,0,0,,,,,,,,false,12.0,21.0,M,6.3,true,0.0,0.0,,,,2,,3.0,,0,,0,,,,,,
1652055,210579,54185,0,0,1.0,2.0,1.0,15.0,7.0,1.0,1.0,false,70.0,6.0,D,7.2,false,,0.0,,,,60,,73.0,,0,,0,,1.0,1.0,,,3.0
4860804,281882,96715,0,0,,,,,,,,false,,2.0,D,,true,,0.0,,,,,,,,0,,0,,,,,,
3719378,259812,80371,0,0,0.0,,0.0,2.0,1.0,1.0,0.0,false,98.0,3.0,D,7.1,false,,,,,,90%,2.0,58.0,,0,,0,,0.0,1.0,0.0,2.0,
8932170,152802,165155,0,0,,,,4.0,2.0,1.0,1.0,false,88.0,3.0,M,6.9,false,,0.0,,,,22,,23.0,,0,,0,,,,1.0,2.0,1.0
2650578,234303,66617,0,0,,,,4.0,3.0,,1.0,false,90.0,5.0,D,6.6,false,1.0,0.0,,,,47,3.0,51.0,,0,,0,,,,,1.0,1.0
9720415,360733,1541,0,0,0.0,,0.0,0.0,0.0,0.0,0.0,false,90.0,22.0,G,6.9,false,,3.0,5.0,,,91%,0.0,22.0,,0,0.0,0,,0.0,0.0,,0.0,
3592151,37108,78978,0,0,,,,5.0,2.0,1.0,1.0,false,45.0,21.0,M,6.9,false,,0.0,,,,23,,29.0,,0,,0,,,,1.0,,1.0
8953627,153357,125495,0,0,,,,,,,,false,,12.0,G,,true,,0.0,,,,,,,,0,,0,,,,,,
9045096,157977,74167,0,0,1.0,2.0,,8.0,3.0,1.0,1.0,false,45.0,22.0,M,6.5,true,,0.0,,,,4,,8.0,,0,,0,,,,,,2.0
9579145,159002,93966,0,0,,,,,,,,false,,3.0,D,,true,,0.0,,,,,,,,0,,0,,,,,,
919614,193416,46850,0,0,,,,,,,,false,,6.0,M,,true,,0.0,,,,,,,,0,,0,,,,,,
4014400,265200,84375,0,0,,,,,,,,false,16.0,28.0,D,6.3,true,0.0,0.0,,,,3,,3.0,,0,,0,,,,,,
6213960,98966,59069,0,0,,,,10.0,6.0,2.0,3.0,false,90.0,63.0,D,6.9,false,,0.0,,,,17,,28.0,,0,,0,,,,1.0,,2.0
1078577,197268,46745,0,0,,,,6.0,5.0,,,false,90.0,20.0,M,7.2,false,0.0,0.0,,,,33,,48.0,,0,,0,,,1.0,,4.0,3.0
1999525,217946,58991,0,0,,,,9.0,7.0,1.0,1.0,false,89.0,27.0,M,7,false,,0.0,,,,30,,37.0,,0,,0,,,1.0,,2.0,2.0
3618486,257114,79965,0,0,6.0,1.0,4.0,14.0,8.0,1.0,1.0,false,90.0,16.0,F,6.6,false,0.0,0.0,,,,18,1.0,22.0,,0,,0,,,2.0,,,1.0
2718521,235573,66350,0,0,,,,6.0,5.0,,1.0,false,30.0,5.0,D,7,true,0.0,0.0,,,,12,,16.0,,0,,0,,,,,1.0,2.0
6905463,317792,93630,0,0,,,,4.0,3.0,,,true,90.0,14.0,D,7,false,0.0,0.0,,,,72,3.0,84.0,,0,,0,,,,,1.0,
3529664,255401,78760,0,0,0.0,,0.0,,,0.0,0.0,false,45.0,2.0,D,6.5,false,,0.0,,,,63%,0.0,7.0,,0,,0,,0.0,0.0,0.0,0.0,
3197268,247191,73014,0,0,,,,,,,,false,,1.0,G,,true,,0.0,,,,,,,,0,,0,,,,,,
2626920,233731,66560,0,0,8.0,,4.0,20.0,8.0,1.0,0.0,false,82.0,9.0,F,6.2,false,,,,,,63%,0.0,17.0,,0,,0,,0.0,0.0,0.0,0.0,1.0
700242,188635,18538,0,0,,,,,,,,false,,25.0,G,,true,,0.0,,,,,,,,0,,0,,,,,,
1307698,202752,49335,0,0,2.0,,1.0,9.0,6.0,0.0,2.0,false,90.0,20.0,F,7.2,false,,,,,,48%,5.0,21.0,,0,,0,,0.0,1.0,,0.0,
8992474,155743,1341,0,0,,,,3.0,2.0,1.0,,true,90.0,2.0,D,7.3,false,,0.0,,,,103,1.0,110.0,,0,,0,,,1.0,,1.0,
7921142,104484,93509,0,0,,2.0,,7.0,2.0,,2.0,false,97.0,3.0,D,6.6,false,,0.0,,,,36,1.0,43.0,,0,,0,,1.0,2.0,2.0,1.0,
8884463,130789,98984,0,0,,,,3.0,1.0,,1.0,false,11.0,17.0,F,6.2,true,0.0,0.0,,,,1,,1.0,,1,,0,1.0,,1.0,,,
3509333,254950,78002,0,0,2.0,1.0,0.0,11.0,4.0,2.0,2.0,false,45.0,11.0,F,7.1,false,,,,1.0,,80%,0.0,8.0,,0,,0,,1.0,1.0,0.0,0.0,
1028047,196418,36340,0,0,,,,15.0,8.0,2.0,2.0,false,90.0,30.0,D,7.2,false,,0.0,,,,16,1.0,23.0,,0,,0,,,,2.0,2.0,1.0
8046165,333996,149451,0,0,1.0,0.0,1.0,4.0,3.0,0.0,1.0,false,12.0,20.0,F,7.2,true,0.0,0.0,,0.0,0.0,4,,4.0,,0,,0,1.0,0.0,,0.0,,0.0
2588179,232748,66030,0,0,4.0,,2.0,10.0,4.0,0.0,1.0,false,71.0,14.0,M,6.6,false,,,,,,53%,1.0,8.0,,0,,0,,0.0,0.0,,0.0,
4018116,265291,83478,0,0,,,,9.0,9.0,,,true,90.0,4.0,D,8.3,false,0.0,0.0,,,,88,,94.0,,0,,0,,,,2.0,3.0,5.0
741639,189736,36505,0,0,1.0,1.0,,9.0,7.0,,2.0,false,90.0,6.0,D,7.9,false,,0.0,,,,19,,34.0,,0,,0,,,,3.0,2.0,1.0
9510000,356597,50754,0,0,,,,,,,,false,,30.0,G,,true,,0.0,,,,,,,,0,,0,,,,,,
2986689,242493,71396,0,0,,,,7.0,4.0,,,false,90.0,28.0,D,6.3,false,,0.0,,,,29,,33.0,,0,,0,,,,,1.0,1.0
1794837,213179,18697,0,1,2.0,4.0,2.0,20.0,14.0,2.0,3.0,false,90.0,88.0,M,7.6,false,,0.0,,,,44,,57.0,,0,,0,,,1.0,,3.0,7.0
9278816,149340,55761,0,0,,,,,,,,false,,22.0,D,,true,,0.0,,,,,,,,0,,0,,,,,,
1301303,202576,49744,0,0,0.0,,0.0,0.0,0.0,0.0,0.0,false,90.0,1.0,G,7.2,false,,0.0,2.0,,,28%,0.0,7.0,,0,0.0,0,,0.0,0.0,,0.0,
2453356,229526,64411,0,0,0.0,,0.0,6.0,3.0,2.0,2.0,false,35.0,21.0,M,6.5,false,,,,,,71%,0.0,5.0,,0,,0,,0.0,1.0,,1.0,
1362501,204280,49308,0,0,1.0,,0.0,,,0.0,1.0,false,8.0,14.0,M,6.3,true,,0.0,,,,0%,0.0,0.0,,0,,0,,0.0,0.0,0.0,0.0,
1738428,12163,51706,0,0,1.0,,,8.0,2.0,2.0,2.0,false,71.0,21.0,F,7.3,false,,0.0,,1.0,,6,,10.0,,0,,0,,1.0,2.0,,,
5603033,93133,81368,0,0,1.0,1.0,,4.0,,,,false,90.0,93.0,M,6.5,false,0.0,0.0,,,,22,,26.0,,0,,0,,,1.0,1.0,,
6694312,314682,59323,0,0,3.0,,1.0,9.0,4.0,1.0,1.0,false,90.0,28.0,M,7,false,0.0,0.0,,,,38,,43.0,,0,,0,,,,,1.0,2.0
9531932,156621,70059,0,0,,,,5.0,3.0,1.0,,false,10.0,33.0,M,6.9,true,,0.0,,,,14,,15.0,,0,,0,,,,,,1.0
2169268,222487,61403,0,0,,,,,,,,false,1.0,7.0,F,,true,,0.0,,,,2,,2.0,,0,,0,,,,,,
7600296,327883,47063,0,0,,,,2.0,,1.0,,false,19.0,25.0,M,6.5,true,0.0,0.0,,,,7,,10.0,,0,,0,,,,,,
9494214,151464,133104,0,0,,,,,,,,false,,15.0,D,,true,,0.0,,,,,,,,0,,0,,,,,,
8867230,131380,164318,0,0,2.0,2.0,2.0,11.0,5.0,1.0,2.0,false,89.0,7.0,M,7.3,false,,0.0,,,,21,3.0,24.0,,0,,0,,1.0,1.0,,1.0,1.0
2447283,229358,63336,0,0,3.0,,1.0,9.0,5.0,0.0,3.0,true,90.0,7.0,M,6.7,false,,,,,,72%,0.0,21.0,,0,,0,,3.0,4.0,,1.0,
4483686,64256,90336,0,0,,,,,,,,false,,1.0,G,,true,,0.0,,,,,,,,0,,0,,,,,,
809127,190922,45295,0,0,1.0,,1.0,3.0,2.0,,,false,88.0,47.0,M,6.7,false,0.0,0.0,,,,14,1.0,22.0,,0,,0,,,,,2.0,1.0
933702,193808,36091,0,0,1.0,,,9.0,5.0,,1.0,false,78.0,7.0,M,6.3,false,0.0,0.0,,,,7,,14.0,,0,,0,,2.0,3.0,,,
2284502,225315,62981,0,0,0.0,3.0,0.0,9.0,2.0,1.0,1.0,false,60.0,14.0,F,6.4,false,,,,,,47%,0.0,8.0,,0,,0,,0.0,1.0,,2.0,
492048,183486,1056,0,0,2.0,,1.0,14.0,7.0,0.0,1.0,false,90.0,9.0,F,7.5,false,,0.0,,1.0,1.0,66%,2.0,16.0,,0,,0,,4.0,5.0,0.0,0.0,
1272596,201921,50395,0,0,,,,1.0,1.0,1.0,,false,13.0,4.0,M,7,true,0.0,0.0,,,,10,,10.0,,0,,0,,,2.0,1.0,1.0,
6870791,102002,85027,0,0,3.0,,3.0,12.0,8.0,1.0,3.0,false,90.0,10.0,F,7.7,false,,0.0,,,,35,3.0,41.0,,0,,0,,2.0,3.0,,,1.0
3774178,139554,62977,0,0,2.0,,1.0,12.0,6.0,2.0,,false,90.0,7.0,F,7.2,false,1.0,0.0,,,,16,2.0,25.0,,0,,0,,1.0,3.0,,1.0,1.0
1584018,209060,44088,0,0,0.0,1.0,0.0,12.0,4.0,4.0,2.0,false,86.0,7.0,M,7.2,false,,,,,,85%,2.0,18.0,,0,,0,,0.0,0.0,0.0,3.0,1.0
5926237,127534,112862,0,0,,,,1.0,,,,false,19.0,11.0,F,6.7,true,0.0,0.0,,,,6,,7.0,,0,,0,,,1.0,,,
1674031,211050,49087,0,1,1.0,,1.0,1.0,1.0,,,false,25.0,11.0,F,6.9,true,0.0,0.0,,,,20,1.0,21.0,,0,,0,,,,,,
8542529,124127,66354,0,0,,,,,,,,false,,5.0,D,,true,,0.0,,,,,,,,0,,0,,,,,,
9845484,366123,42931,0,0,4.0,,4.0,12.0,9.0,1.0,4.0,false,90.0,18.0,F,9.4,false,1.0,,,1.0,,89%,2.0,33.0,,0,,0,,1.0,6.0,,0.0,
5573946,125667,106455,0,0,,,,3.0,2.0,1.0,,false,62.0,11.0,M,7,false,,0.0,,,,36,1.0,41.0,,0,,0,,,,,3.0,2.0
3606091,256844,79590,0,0,,,,,,,,false,,35.0,M,,true,,0.0,,,,,,,,0,,0,,,,,,
3490866,254536,69259,0,1,0.0,1.0,0.0,4.0,0.0,1.0,0.0,false,66.0,11.0,M,6.5,false,,,,,,86%,0.0,31.0,,0,,0,,0.0,0.0,,2.0,
3576125,256430,77639,0,0,,,,,,,,false,90.0,16.0,G,6.9,false,,2.0,4.0,,,13,,17.0,,0,0.0,0,,,,,,
1021255,196229,36160,0,0,2.0,,2.0,3.0,3.0,,1.0,false,57.0,7.0,M,7.7,false,,0.0,,1.0,,31,,34.0,,0,,0,,1.0,1.0,,,
4398674,272895,59586,0,0,,,,,,,,false,90.0,1.0,G,7.2,false,,0.0,2.0,,,13,,37.0,,0,0.0,0,,,,,,
481695,183198,43110,0,1,2.0,,2.0,9.0,6.0,2.0,1.0,false,90.0,8.0,M,7.3,false,,0.0,,,,90%,1.0,57.0,,0,,0,,0.0,2.0,1.0,2.0,3.0
4030159,265619,84416,0,0,0.0,,0.0,3.0,2.0,0.0,1.0,true,90.0,6.0,D,6.9,false,,0.0,,,,81%,0.0,18.0,,0,,0,,0.0,0.0,1.0,0.0,
1947085,216514,58317,0,0,1.0,1.0,0.0,5.0,2.0,0.0,0.0,false,77.0,18.0,F,7.5,false,,,,1.0,,83%,0.0,15.0,,0,,0,,2.0,4.0,,2.0,
6061726,107240,54154,0,0,1.0,1.0,1.0,5.0,3.0,,2.0,false,90.0,22.0,D,7.7,false,,0.0,,,,64,1.0,76.0,,0,,0,,,1.0,1.0,1.0,
4487568,274897,62891,0,0,,,,,,,,false,,1.0,G,,true,,0.0,,,,,,,,0,,0,,,,,,
924462,193551,45459,0,0,,,,1.0,1.0,,,false,90.0,1.0,G,7.9,false,0.0,0.0,3.0,,,13,,19.0,,0,0.0,0,,,,,,
4219718,268641,45963,0,0,,1.0,,6.0,2.0,,1.0,false,60.0,4.0,D,6.3,false,,0.0,,,,59,,65.0,,0,,0,,,,,2.0,
1618072,209830,53996,0,1,,2.0,,11.0,5.0,1.0,,false,67.0,20.0,M,6.9,false,,0.0,,,,32,1.0,41.0,,0,,0,,,,,4.0,1.0
8248228,121148,68030,0,0,5.0,,2.0,13.0,6.0,1.0,1.0,false,90.0,11.0,M,6.6,false,0.0,0.0,,,1.0,17,,22.0,,0,,0,,,,1.0,,3.0
3999876,264830,83884,0,0,,,,10.0,9.0,,1.0,false,90.0,20.0,D,7.5,false,0.0,0.0,,,,24,,37.0,,0,,0,,,,,2.0,3.0
4223805,268745,86357,0,0,5.0,1.0,3.0,12.0,5.0,2.0,1.0,false,74.0,6.0,M,6.9,false,0.0,0.0,,,,28,1.0,32.0,,0,,0,,,,,,1.0
7956068,332496,147038,0,0,,,,,,,,false,,31.0,G,,true,,0.0,,,,,,,,0,,0,,,,,,
3310034,249995,46858,0,0,,,,,,,,false,90.0,1.0,G,5.9,false,0.0,2.0,1.0,,,8,,30.0,,0,0.0,0,,,,,,
2047443,18195,58675,0,0,1.0,,,5.0,1.0,,,false,25.0,24.0,F,6.5,true,,0.0,,,,6,,7.0,,0,,0,,,1.0,,,
2968914,242002,71170,0,1,,1.0,,1.0,,,,false,10.0,14.0,M,6.2,true,,0.0,,,1.0,1,,1.0,,0,,0,,,,,,
8543294,124145,67279,0,1,1.0,2.0,1.0,7.0,3.0,3.0,,false,90.0,3.0,D,6.3,false,,0.0,,,,42,,52.0,1.0,0,,0,,,,1.0,4.0,1.0
1273029,201930,50464,0,0,,,,,,,,false,,39.0,D,,true,,0.0,,,,,,,,0,,0,,,,,,
5024431,285951,98757,0,0,,,,4.0,2.0,,2.0,false,45.0,15.0,M,6.5,false,,0.0,,,,6,,7.0,,0,,0,,,,,1.0,
4144906,266776,85914,0,0,,,,,,,,false,,23.0,F,,true,,0.0,,,,,,,,0,,0,,,,,,
3456622,253760,78092,0,0,1.0,,0.0,3.0,1.0,0.0,1.0,false,11.0,77.0,M,6.2,true,,,,,,100%,0.0,4.0,,0,,0,,0.0,0.0,,0.0,
1878122,214639,57724,0,0,,,,,,,,false,,33.0,D,,true,,0.0,,,,,,,,0,,0,,,,,,
7915112,105002,146699,0,1,1.0,2.0,1.0,11.0,4.0,3.0,1.0,true,90.0,7.0,M,7.5,false,1.0,0.0,,,,23,2.0,33.0,,0,,0,,,,1.0,1.0,1.0
941992,194034,46993,0,0,,,,9.0,8.0,,,false,90.0,17.0,D,9.2,false,0.0,0.0,,1.0,,24,,31.0,,0,,0,,1.0,1.0,2.0,2.0,6.0
3625005,257254,49088,0,0,,1.0,,6.0,4.0,1.0,1.0,true,61.0,10.0,M,6.6,false,0.0,0.0,,,,27,1.0,28.0,,0,,0,,,,,,2.0
1009711,195905,47446,0,0,,,,,,,,false,,26.0,M,,true,,0.0,,,,,,,,0,,0,,,,,,
8595164,344701,154599,0,0,,,,1.0,1.0,,,false,20.0,7.0,M,6.3,true,0.0,0.0,,,,5,,6.0,,0,,0,,,1.0,,,
3604725,256814,51034,0,0,2.0,1.0,1.0,10.0,6.0,,1.0,false,84.0,10.0,F,7.3,false,0.0,0.0,,,,27,2.0,32.0,,0,,0,,1.0,1.0,,,1.0
8029799,119134,68937,0,0,0.0,0.0,0.0,,0.0,0.0,0.0,false,9.0,4.0,D,6.5,true,0.0,0.0,,0.0,0.0,0,,0.0,,0,,0,0.0,0.0,,0.0,,0.0
1083583,197406,47509,0,0,,,,1.0,,,,false,90.0,1.0,G,6.9,false,0.0,0.0,4.0,,,8,,31.0,,0,0.0,0,,,,,,
2218388,20002,58892,0,0,,,,4.0,1.0,,,false,9.0,7.0,F,6.5,true,,0.0,,,,1,,2.0,,0,,0,,,,,,1.0
6375200,308778,120444,0,0,,,,4.0,,1.0,,false,84.0,31.0,D,6.3,false,0.0,0.0,,,,10,,12.0,,0,,0,,,,,,
3118620,245644,54200,0,0,5.0,1.0,4.0,15.0,9.0,3.0,3.0,false,90.0,88.0,M,6.9,false,,0.0,,,,40,,45.0,,0,,0,,,,,5.0,2.0
4675763,96569,93608,0,0,,,,,,,,false,,10.0,M,,true,,0.0,,,,,,,,0,,0,,,,,,
9800121,159864,187786,0,0,3.0,,2.0,7.0,6.0,,1.0,false,81.0,15.0,F,7.3,false,1.0,0.0,,,,21,1.0,27.0,,0,,0,,,1.0,,,2.0
3770253,140417,65959,0,0,,,,,,,,false,90.0,1.0,G,6.9,false,,2.0,3.0,,,18,,34.0,,0,0.0,0,,,,,,
5583799,125430,106372,0,0,,,,,,,,false,1.0,78.0,D,,true,,0.0,,,,,,,,0,,0,,,,,,
4719300,95568,92722,0,0,,,,1.0,1.0,,,false,90.0,21.0,G,6.3,false,,1.0,1.0,,,23,,26.0,,0,0.0,0,,,,,,
2180474,222799,58982,0,1,,,,6.0,3.0,2.0,2.0,false,90.0,2.0,D,7.3,false,,0.0,,,,48,,63.0,,0,,0,,1.0,1.0,1.0,3.0,1.0
466857,182786,43073,0,0,0.0,,0.0,1.0,1.0,0.0,1.0,false,1.0,18.0,D,–,true,,0.0,,,,0%,0.0,0.0,,0,,0,,0.0,0.0,0.0,0.0,
9102010,160167,166312,0,0,,,,,,,,false,,26.0,D,,true,,0.0,,,,,,,,0,,0,,,,,,
2200171,223346,61422,0,1,,,,5.0,1.0,2.0,,false,22.0,28.0,F,6.5,true,,0.0,,,,4,,7.0,,0,,0,,,,,1.0,1.0
9322632,148596,50156,0,0,,,,2.0,2.0,,1.0,false,64.0,12.0,M,6.6,false,0.0,0.0,,,,23,,27.0,,0,,0,,,,,,1.0
5569349,126034,106294,0,1,,1.0,,9.0,6.0,1.0,1.0,false,77.0,4.0,D,6.9,false,,0.0,,,,27,,32.0,,0,,0,,,,,,2.0
6257716,307519,119582,0,1,0.0,,0.0,1.0,0.0,1.0,0.0,false,90.0,30.0,G,7.7,false,,1.0,9.0,,,28%,0.0,8.0,,0,0.0,0,,0.0,0.0,,0.0,
2833446,238654,66955,0,0,,,,,,,,false,,44.0,D,,true,,0.0,,,,,,,,0,,0,,,,,,
9045419,157984,55193,0,0,,,,,,,,false,,4.0,D,,true,,0.0,,,,,,,,0,,0,,,,,,
2331157,226570,62716,0,0,1.0,,1.0,4.0,2.0,,,false,17.0,19.0,M,6.6,true,,0.0,,,,9,,11.0,,0,,0,,,,,1.0,
1468854,206455,48316,0,0,2.0,,2.0,8.0,6.0,1.0,3.0,false,60.0,7.0,D,6.9,false,0.0,0.0,,,,18,2.0,22.0,,0,,0,,1.0,2.0,,1.0,1.0
6206211,99274,93967,0,1,,2.0,,8.0,4.0,2.0,2.0,false,75.0,15.0,M,6.6,false,,0.0,,,,22,1.0,27.0,,0,,0,,,,2.0,,2.0
9451520,153261,126746,0,0,,,,,,,,false,,5.0,D,,true,,0.0,,,,,,,,0,,0,,,,,,
4632729,278434,93269,0,0,3.0,,1.0,5.0,3.0,0.0,1.0,false,45.0,10.0,F,6.4,false,,,,,,68%,0.0,11.0,,0,,0,,0.0,0.0,0.0,0.0,1.0
1260568,10025,48604,0,0,,,,,,,,false,,14.0,M,,true,,0.0,,,,,,,,0,,0,,,,,,
8535138,123949,67356,0,1,,,,6.0,2.0,2.0,1.0,false,92.0,6.0,M,6.3,false,,0.0,,,,41,1.0,50.0,,0,,0,,,,,2.0,
8879483,130967,164422,0,0,,,,,,,,false,,3.0,D,,true,,0.0,,,,,,,,0,,0,,,,,,
9491469,151340,63334,0,0,,,,,,,,false,,22.0,G,,true,,0.0,,,,,,,,0,,0,,,,,,
4331646,271059,88685,0,0,,1.0,,5.0,2.0,,1.0,false,78.0,2.0,M,7,false,1.0,0.0,,,1.0,19,1.0,28.0,,0,,0,,,,,,1.0
6070375,107073,116321,0,0,,,,1.0,,,,false,1.0,55.0,D,,true,0.0,0.0,,,,,,,,0,,0,,,,,,
7265971,93300,137022,0,1,,1.0,,8.0,6.0,1.0,,true,96.0,3.0,D,7.3,false,,0.0,,,,15,2.0,28.0,,0,,0,,,,3.0,1.0,2.0
3938442,263276,83454,0,0,0.0,,0.0,3.0,1.0,1.0,0.0,false,10.0,2.0,D,6.5,true,,,,,,100%,0.0,10.0,,0,,0,,0.0,0.0,0.0,0.0,
741533,189733,43814,0,0,2.0,,1.0,10.0,7.0,1.0,4.0,false,90.0,17.0,M,6.9,false,,0.0,,,,18,1.0,29.0,,0,,0,,,1.0,,,2.0
9680374,359617,92875,0,0,0.0,,0.0,0.0,0.0,0.0,0.0,false,23.0,79.0,F,6.5,false,,,,,,87%,0.0,7.0,,0,,0,,0.0,0.0,,0.0,
1853615,16333,55055,0,0,2.0,,,9.0,5.0,,1.0,false,90.0,14.0,M,7.2,false,,0.0,,1.0,1.0,15,1.0,23.0,,0,,0,,2.0,4.0,,1.0,2.0
531875,184547,43322,0,0,1.0,2.0,,4.0,1.0,,1.0,false,31.0,17.0,M,6.5,true,,0.0,,,,11,1.0,14.0,,0,,0,,,,,1.0,
694486,188487,997,0,0,0.0,,0.0,2.0,1.0,0.0,0.0,false,16.0,15.0,M,6.7,false,,0.0,,,,83%,1.0,5.0,,0,,0,,0.0,0.0,0.0,0.0,1.0
3309204,249974,73460,0,0,,1.0,,2.0,,,,false,59.0,3.0,D,7.2,true,1.0,0.0,,,,25,1.0,27.0,,0,,0,,,,,1.0,
4746366,95400,85491,0,0,3.0,1.0,3.0,10.0,8.0,,2.0,false,85.0,25.0,M,7.9,false,1.0,0.0,,,,39,3.0,46.0,,0,,0,,,,,1.0,2.0
9034811,350831,43331,0,0,,,,,,,,false,,18.0,G,,true,,0.0,,,,,,,,0,,0,,,,,,
8551028,123565,67098,0,0,3.0,1.0,2.0,10.0,7.0,1.0,1.0,false,90.0,27.0,M,7,false,,0.0,,,,17,,24.0,,0,,0,,,,,2.0,2.0
4846307,281523,91966,0,0,,,,3.0,3.0,,,true,90.0,4.0,D,7.9,false,,0.0,,,,30,,35.0,,0,,0,,,,3.0,1.0,
1975259,217295,58454,0,1,3.0,,2.0,6.0,4.0,0.0,1.0,false,90.0,4.0,D,7.4,false,,,,,,52%,0.0,13.0,,0,,0,,0.0,1.0,3.0,0.0,1.0
755576,190122,43772,0,0,2.0,,2.0,5.0,4.0,,1.0,false,82.0,11.0,M,8.6,false,,0.0,,2.0,,45,,56.0,,0,,0,,2.0,2.0,,1.0,1.0
7267095,93325,131078,0,0,3.0,,1.0,5.0,3.0,,2.0,false,24.0,15.0,M,6.7,true,0.0,0.0,,,,4,,4.0,,0,,0,,,,,,
1426740,205742,48066,0,0,1.0,,1.0,5.0,4.0,1.0,1.0,false,90.0,14.0,M,7.6,false,,0.0,,1.0,,68,,72.0,,0,,0,,1.0,1.0,,,2.0
4551445,276538,91694,0,0,,,,16.0,7.0,2.0,5.0,false,70.0,29.0,F,6.9,false,,0.0,,,1.0,2,,5.0,,0,,0,,,1.0,,,1.0
1220879,201105,49117,0,0,,,,,,,,false,,24.0,F,,true,,0.0,,,,,,,,0,,0,,,,,,
3825696,139026,82282,0,0,,,,,,,,false,,1.0,G,,true,,0.0,,,,,,,,0,,0,,,,,,
4084947,138147,79020,0,0,3.0,,1.0,10.0,5.0,1.0,,false,100.0,34.0,F,6.3,false,,0.0,,,2.0,7,,14.0,,0,,0,,1.0,1.0,,,
2213032,19861,59110,0,0,2.0,,1.0,3.0,2.0,,,false,12.0,10.0,F,6.7,true,,0.0,,,,6,,8.0,,0,,0,,,,,,
2994864,27558,50401,0,0,,1.0,,7.0,3.0,1.0,,false,90.0,48.0,M,7.3,false,,0.0,,,,72,,79.0,,0,,0,,,,,3.0,3.0
1189642,200339,48074,0,0,0.0,1.0,0.0,8.0,5.0,0.0,1.0,false,90.0,15.0,D,7.0,false,,,,,,61%,0.0,16.0,,0,,0,,0.0,1.0,1.0,1.0,4.0
9121094,352312,45440,0,0,2.0,,2.0,3.0,3.0,,1.0,false,33.0,22.0,M,6.9,true,,0.0,,,,9,2.0,10.0,,0,,0,,,1.0,,,
611018,186179,18338,0,0,1.0,4.0,1.0,10.0,2.0,1.0,0.0,false,90.0,7.0,M,6.8,false,,,,,,86%,0.0,50.0,,0,,0,,0.0,0.0,,1.0,
2655648,234435,66808,0,0,3.0,1.0,2.0,9.0,6.0,,,false,90.0,18.0,F,7.2,false,,0.0,,,,19,2.0,25.0,,0,,0,,,,,,1.0
1557468,208463,53492,0,0,3.0,1.0,2.0,8.0,4.0,0.0,1.0,true,60.0,19.0,M,6.9,false,,,,,,79%,1.0,31.0,,0,,0,,0.0,1.0,,1.0,
6248644,307266,78430,0,0,1.0,,1.0,6.0,5.0,1.0,3.0,false,81.0,16.0,M,7.0,false,,,,,,90%,1.0,27.0,,0,,0,,1.0,1.0,,1.0,
4325467,270919,88825,0,0,,,,,,,,false,,1.0,G,,true,,0.0,,,,,,,,0,,0,,,,,,
7280555,323015,78174,0,0,,,,1.0,,,,false,20.0,17.0,M,6.3,true,0.0,0.0,,,,23,,25.0,,0,,0,,,,,,
2967266,241957,63720,0,1,,,,12.0,8.0,2.0,2.0,false,88.0,23.0,F,7.3,false,,0.0,,,1.0,18,1.0,23.0,,0,,0,,,1.0,,1.0,5.0
9491901,151350,132745,0,0,,,,,,,,false,,8.0,M,,true,,0.0,,,,,,,,0,,0,,,,,,
810752,190962,44036,0,1,1.0,,,9.0,4.0,4.0,2.0,false,90.0,9.0,F,6.2,false,0.0,0.0,,,2.0,11,,15.0,,0,,0,,2.0,3.0,,,
2979949,242307,68937,0,0,,,,,,,,false,,61.0,D,,true,,0.0,,,,,,,,0,,0,,,,,,
7149040,321911,78526,0,1,3.0,1.0,2.0,8.0,3.0,1.0,1.0,false,90.0,50.0,M,7.1,false,,,,,,81%,4.0,26.0,,0,,0,,0.0,0.0,,2.0,
5029770,286065,98366,0,0,,,,,,,,false,9.0,33.0,D,6.3,true,,0.0,,,,8,,9.0,,0,,0,,,,,,
6269539,307846,119818,0,0,0.0,,0.0,8.0,8.0,0.0,5.0,false,68.0,6.0,M,7.5,false,,,,,,88%,1.0,46.0,,0,,0,,0.0,0.0,,2.0,
584414,185482,1672,0,0,,,,,,,,false,90.0,1.0,G,6.2,false,0.0,2.0,1.0,,,25,,39.0,,0,0.0,0,,,,,,
4211064,268562,86771,0,0,4.0,,4.0,17.0,11.0,3.0,4.0,false,89.0,5.0,D,7.5,false,1.0,0.0,,,,48,3.0,52.0,,0,,0,,,,,,3.0
9287038,149134,90762,0,0,,,,,,,,false,,61.0,G,,true,,0.0,,,,,,,,0,,0,,,,,,
9912335,163165,50400,0,0,,,,,,,,false,,10.0,M,,true,,0.0,,,,,,,,0,,0,,,,,,
587822,185567,44073,0,1,4.0,,2.0,10.0,5.0,2.0,,false,78.0,20.0,F,6.9,false,0.0,0.0,,,,11,,12.0,,0,,0,,1.0,1.0,,1.0,1.0
4690311,95809,93866,0,0,,,,,,,,false,,17.0,G,,true,,0.0,,,,,,,,0,,0,,,,,,
1452926,206103,52925,0,0,3.0,,2.0,9.0,3.0,2.0,,false,45.0,3.0,D,6.9,true,0.0,0.0,,,,10,1.0,12.0,,0,,0,,,,1.0,,1.0
4546755,276420,63798,0,0,,,,,,,,false,90.0,23.0,G,6.9,false,,2.0,4.0,,,12,,23.0,,0,0.0,0,,,,,,
2544681,231563,63047,0,0,,,,7.0,5.0,,1.0,true,90.0,23.0,M,8.9,false,0.0,0.0,,1.0,,31,4.0,37.0,,0,,0,,1.0,2.0,1.0,2.0,4.0
2872816,239349,53563,0,0,,,,,,,,false,,18.0,F,,true,,0.0,,,,,,,,0,,0,,,,,,
3118815,245649,43655,0,0,,,,2.0,2.0,,1.0,false,19.0,90.0,F,6.7,true,,0.0,,,,3,,4.0,,0,,0,,,,,,
1155113,199380,48813,0,1,2.0,1.0,2.0,24.0,14.0,3.0,4.0,false,90.0,8.0,M,7.4,false,,,,,,87%,3.0,35.0,,0,,0,,0.0,0.0,,5.0,
9297028,148931,1517,0,0,,,,,,,,false,12.0,11.0,M,6.7,true,,0.0,,,,4,1.0,4.0,,0,,0,,,,,,
8881125,131008,164257,0,0,,,,,,,,false,,3.0,D,,true,,0.0,,,,,,,,0,,0,,,,,,
9781556,363839,42981,0,0,0.0,,0.0,5.0,4.0,0.0,0.0,false,90.0,30.0,D,7.0,false,,,,,,92%,0.0,77.0,,0,,0,,0.0,0.0,0.0,1.0,
7677082,328793,144349,0,0,0.0,,0.0,2.0,0.0,1.0,0.0,false,10.0,11.0,M,6.5,true,,,,,,50%,0.0,3.0,,0,,0,,0.0,0.0,,0.0,
7900971,105194,119949,0,1,1.0,,1.0,8.0,6.0,1.0,2.0,false,96.0,2.0,D,6.9,false,,0.0,,,1.0,5,,7.0,,0,,0,,,,,4.0,
6376808,308820,120199,0,0,1.0,,,9.0,4.0,2.0,3.0,false,90.0,27.0,D,6.9,false,0.0,0.0,,,,17,,21.0,,0,,0,,,,,2.0,1.0
2599891,233067,66490,0,0,0.0,1.0,0.0,3.0,0.0,2.0,0.0,false,45.0,18.0,M,6.3,false,,,,,,75%,0.0,6.0,,0,,0,,0.0,0.0,,2.0,
2009482,218196,52284,0,0,,,,,,,,false,,16.0,G,,true,,0.0,,,,,,,,0,,0,,,,,,
1648940,210512,54777,0,1,,,,8.0,4.0,2.0,,false,90.0,3.0,D,7.9,false,,0.0,,,,36,1.0,45.0,,0,,0,,,1.0,2.0,,2.0
5423554,147440,69013,0,1,2.0,,,7.0,3.0,,1.0,false,90.0,14.0,M,6.5,false,,0.0,,,1.0,17,,20.0,,0,,0,,,,,2.0,2.0
1015728,196074,36428,0,0,,,,8.0,4.0,1.0,2.0,false,90.0,4.0,D,6.5,false,,0.0,,,,27,,41.0,,0,,0,,,,,2.0,
471603,182918,1143,0,0,3.0,1.0,2.0,10.0,4.0,0.0,1.0,false,90.0,23.0,M,7.3,false,,0.0,,,,70%,3.0,17.0,,0,,0,,1.0,1.0,0.0,1.0,1.0
1825366,213856,52469,0,1,,1.0,,12.0,6.0,1.0,2.0,false,90.0,84.0,D,6.2,false,,0.0,,,,27,,46.0,,0,,0,,,,,1.0,1.0
7158343,322132,135206,0,1,2.0,,2.0,9.0,4.0,3.0,1.0,false,90.0,8.0,M,6.5,false,,,,,,90%,1.0,60.0,,0,,0,,0.0,0.0,,2.0,
614682,186282,1676,0,0,0.0,,0.0,0.0,0.0,0.0,0.0,false,90.0,22.0,G,6.4,false,,2.0,2.0,,,48%,0.0,19.0,,0,0.0,0,,0.0,0.0,,0.0,
1671622,210999,55749,0,0,,,,,,,,false,,65.0,M,,true,,0.0,,,,,,,,0,,0,,,,,,
608264,186103,1671,0,0,4.0,,0.0,13.0,3.0,0.0,2.0,false,90.0,25.0,F,6.2,false,,,,,,85%,1.0,17.0,,0,,0,,0.0,0.0,,0.0,
3572429,256349,79376,0,0,,,,,,,,false,,13.0,M,,true,,0.0,,,,,,,,0,,0,,,,,,
4545895,276398,92015,0,0,,,,,,,,false,,59.0,F,,true,,0.0,,,,,,,,0,,0,,,,,,
1824768,213843,52346,0,0,,,,,,,,false,,87.0,D,,true,,0.0,,,,,,,,0,,0,,,,,,
4859745,281856,66311,0,0,,,,,,,,false,,28.0,D,,true,,0.0,,,,,,,,0,,0,,,,,,
1215601,200982,44575,0,0,,,,,,,,false,,36.0,M,,true,,0.0,,,,,,,,0,,0,,,,,,
5423847,147448,48927,0,1,1.0,,1.0,11.0,6.0,1.0,1.0,false,99.0,15.0,D,6.6,false,,0.0,,,,17,1.0,21.0,,0,,0,,,,,,4.0
1470444,206490,52931,0,0,1.0,,,6.0,1.0,,,false,82.0,28.0,D,6.6,false,0.0,0.0,,,,14,1.0,19.0,,0,,0,,,,,1.0,1.0
4464188,274535,90438,0,1,3.0,,2.0,10.0,6.0,1.0,2.0,false,77.0,10.0,F,7.7,false,1.0,0.0,,,,25,3.0,28.0,,0,,0,1.0,,,,,2.0
8990545,155620,143349,0,0,,,,,,,,false,,11.0,D,,true,,0.0,,,,,,,,0,,0,,,,,,
710466,188900,44792,0,0,,,,,,,,false,,25.0,D,,true,,0.0,,,,,,,,0,,0,,,,,,
1196054,200517,48405,0,0,3.0,,3.0,,,0.0,3.0,false,75.0,10.0,M,8.0,false,,0.0,,1.0,,87%,2.0,50.0,,0,,1,,1.0,1.0,0.0,0.0,1.0
7216154,94456,79425,0,0,1.0,2.0,,12.0,3.0,3.0,1.0,false,66.0,7.0,M,6.2,false,,0.0,,,,15,,18.0,,0,,0,,,,,,2.0
986311,195252,18999,0,0,,1.0,,6.0,5.0,,2.0,false,90.0,3.0,D,7,false,,0.0,,,,22,1.0,31.0,,0,,0,,,,2.0,1.0,1.0
1253298,201841,48688,0,0,,,,,,,,false,90.0,25.0,G,7.2,false,,1.0,3.0,,,25,,46.0,,0,0.0,0,,,,,1.0,
6886092,101947,130912,0,0,,1.0,,3.0,2.0,,,false,90.0,26.0,D,6.9,false,,0.0,,,,23,,33.0,,0,,0,,,,,2.0,2.0
1246799,201692,48865,0,0,,,,5.0,3.0,,2.0,false,90.0,9.0,F,6.5,false,,0.0,,,1.0,16,1.0,20.0,,0,,0,,1.0,1.0,,,
468271,182825,1215,0,1,1.0,1.0,0.0,13.0,6.0,1.0,0.0,false,77.0,42.0,M,6.3,false,,0.0,,,,84%,2.0,22.0,,0,,0,,0.0,1.0,0.0,2.0,2.0
5579843,125812,106588,0,0,,,,,,,,false,,1.0,G,,true,,0.0,,,,,,,,0,,0,,,,,,
9525365,157045,92728,0,0,1.0,,1.0,9.0,6.0,,1.0,false,68.0,32.0,M,6.3,false,,0.0,,,,29,1.0,35.0,,0,,0,,,1.0,,,2.0
1828421,213924,57182,0,0,1.0,,,8.0,5.0,2.0,4.0,false,81.0,21.0,M,6.7,false,,0.0,,,,22,,29.0,,0,,0,,1.0,2.0,,,1.0
4951239,80450,61420,0,0,3.0,,1.0,7.0,3.0,,,false,89.0,90.0,F,6.9,false,,0.0,,,,19,1.0,25.0,,0,,0,,1.0,3.0,,,
4919006,283494,64414,0,0,0.0,,0.0,,,0.0,1.0,false,90.0,3.0,M,7.1,false,,,,,,91%,1.0,56.0,,0,,0,,0.0,0.0,0.0,1.0,4.0
6376629,308815,119856,0,0,2.0,,1.0,6.0,3.0,1.0,2.0,true,90.0,10.0,M,7.2,false,1.0,0.0,,,,20,5.0,34.0,,0,,0,,,,,1.0,
4286019,270219,42943,0,1,,,,4.0,2.0,1.0,1.0,false,11.0,19.0,F,7.3,true,1.0,0.0,,,,2,2.0,2.0,,0,,0,,,,,,
7717561,130120,115169,0,0,1.0,,,7.0,4.0,,1.0,false,90.0,8.0,M,6.9,false,,0.0,,,,58,1.0,70.0,,0,,0,,,,,4.0,1.0
7946145,104464,72790,0,0,,,,2.0,2.0,,1.0,false,45.0,9.0,F,7.2,true,0.0,0.0,,1.0,1.0,2,,6.0,,0,,0,,1.0,2.0,,,
4551775,276546,66106,0,0,,,,1.0,1.0,,,false,90.0,35.0,G,8.2,false,,0.0,5.0,,,8,,22.0,,0,0.0,0,,,,,,
2380749,227546,63844,0,0,,,,,,,,false,,2.0,D,,true,,0.0,,,,,,,,0,,0,,,,,,
5604514,117023,43778,0,0,1.0,,,1.0,,,,false,44.0,8.0,M,6.3,false,0.0,0.0,,,,13,,13.0,,0,,0,,,,,1.0,
3948704,263556,83310,0,0,,,,7.0,4.0,,,false,90.0,3.0,D,7.5,false,,0.0,,,,45,1.0,54.0,,0,,0,,,,1.0,3.0,2.0
1283769,202171,50053,0,0,2.0,,,5.0,1.0,,1.0,false,67.0,8.0,M,6.9,false,1.0,0.0,,,,27,3.0,30.0,,0,,0,,,1.0,,1.0,
1386193,204813,48940,0,0,3.0,,1.0,13.0,7.0,1.0,,false,87.0,9.0,M,7.2,false,,0.0,,1.0,1.0,9,,17.0,,0,,0,,2.0,2.0,,,1.0
740455,189703,45220,0,0,,,,,,,,false,10.0,16.0,F,6.3,true,,0.0,,,,,,,,0,,0,,,,,,
4361291,271855,89408,0,1,5.0,,1.0,16.0,10.0,1.0,2.0,false,90.0,6.0,M,6.7,false,,,,,,79%,2.0,46.0,,0,,0,,0.0,1.0,,2.0,
2994089,27535,71856,0,0,,,,,,,,false,,46.0,D,,true,,0.0,,,,,,,,0,,0,,,,,,
4364328,271939,89232,0,0,1.0,1.0,1.0,10.0,7.0,0.0,0.0,false,90.0,17.0,D,7.7,false,,,,,,64%,0.0,9.0,,0,,0,,0.0,0.0,,5.0,
6344706,97560,120322,0,1,,,,8.0,4.0,2.0,,false,90.0,34.0,D,7.3,false,,0.0,,,,12,1.0,20.0,,0,,0,,,,1.0,2.0,2.0
9531732,156596,118335,0,0,,,,,,,,false,,30.0,G,,true,,0.0,,,,,,,,0,,0,,,,,,
2471173,230020,63329,0,0,1.0,,1.0,12.0,10.0,1.0,1.0,false,90.0,6.0,D,7.5,false,,,,,,82%,1.0,46.0,,0,,0,,0.0,0.0,1.0,4.0,3.0
1450556,206049,51513,0,0,,1.0,,1.0,,,,false,90.0,3.0,D,6.9,false,0.0,0.0,,,,25,1.0,32.0,,0,,0,,,,,,
2829287,238551,50178,0,0,4.0,1.0,2.0,16.0,12.0,,5.0,false,90.0,70.0,M,7.3,false,,0.0,,,,28,1.0,35.0,,0,,0,,,,,1.0,3.0
2065726,219334,60107,0,0,,,,,,,,false,,7.0,M,,true,,0.0,,,,,,,,0,,0,,,,,,
9271743,354832,58796,0,0,0.0,,0.0,,,1.0,1.0,false,9.0,7.0,M,6.4,true,,,,,,66%,0.0,2.0,,0,,0,,0.0,0.0,0.0,0.0,
484950,183289,1434,0,0,0.0,1.0,0.0,10.0,5.0,1.0,0.0,false,90.0,5.0,D,7.3,false,,0.0,,,,89%,0.0,33.0,,0,,0,,1.0,1.0,0.0,0.0,2.0
521662,184291,35422,0,0,2.0,,,5.0,1.0,,1.0,false,90.0,10.0,M,6.6,false,1.0,0.0,,,,20,2.0,31.0,,0,,0,,,1.0,,,
9656612,162492,48670,0,0,,,,5.0,3.0,,,false,45.0,24.0,F,6.6,true,,0.0,,,,8,,11.0,,0,,0,,,,,1.0,1.0
2630346,233816,43651,0,0,3.0,2.0,1.0,9.0,4.0,0.0,0.0,false,90.0,18.0,F,7.1,false,,,,,,81%,3.0,26.0,,0,,0,,0.0,3.0,0.0,1.0,
4811563,280727,96122,0,0,0.0,1.0,0.0,4.0,2.0,0.0,1.0,false,21.0,4.0,D,6.2,true,,0.0,,,,100%,0.0,5.0,,0,,0,,0.0,0.0,0.0,0.0,1.0
6943916,111600,132419,0,0,,,,2.0,1.0,1.0,1.0,false,67.0,90.0,F,7.2,false,,0.0,,,1.0,16,3.0,17.0,,0,,0,,,1.0,,,
7165809,322309,136633,0,0,,,,,,0.0,2.0,false,86.0,7.0,M,,false,,,,,,66%,,8.0,,0,,0,,1.0,3.0,0.0,0.0,0.0
6367510,97299,120968,0,0,1.0,,1.0,7.0,4.0,,3.0,false,45.0,32.0,M,6.9,false,0.0,0.0,,,,9,,11.0,,0,,0,,,1.0,,,
6263197,307670,118312,0,0,3.0,1.0,3.0,17.0,8.0,3.0,4.0,false,90.0,7.0,M,6.4,false,,,,,,75%,2.0,24.0,,0,,0,,0.0,1.0,,0.0,
2836628,238734,69934,0,0,,,,,,,,false,,39.0,F,,true,,0.0,,,,,,,,0,,0,,,,,,
8518212,124302,66911,0,1,,3.0,,10.0,2.0,3.0,1.0,false,45.0,18.0,M,7.3,true,1.0,0.0,,,,11,3.0,16.0,,0,,0,,,,,,
2536411,231355,62548,0,0,,1.0,,5.0,2.0,,,false,90.0,23.0,D,7.3,false,0.0,0.0,,,,59,,67.0,,0,,0,,,,3.0,,2.0
652656,187329,43007,0,0,0.0,1.0,0.0,8.0,4.0,1.0,0.0,false,26.0,27.0,M,6.3,true,,,,,,55%,0.0,10.0,,0,,0,,1.0,1.0,,1.0,
3268093,249138,75136,0,1,,1.0,,11.0,7.0,,2.0,false,90.0,6.0,D,6.6,false,,0.0,,,,12,,21.0,,0,,0,,,,1.0,,2.0
9045253,157981,1056,0,0,1.0,,,4.0,2.0,,1.0,true,45.0,10.0,F,10,false,,0.0,,4.0,1.0,6,1.0,7.0,,0,,0,,4.0,4.0,,,
1328445,203325,51043,0,0,0.0,,0.0,8.0,5.0,1.0,1.0,false,29.0,20.0,F,6.7,true,,,,,,60%,0.0,3.0,,0,,0,,0.0,1.0,,0.0,
4969841,284625,98179,0,0,0.0,,0.0,1.0,0.0,1.0,0.0,false,1.0,5.0,D,–,false,,,,,,0%,0.0,0.0,,0,,0,,0.0,0.0,,0.0,
9399563,149804,44517,0,1,5.0,2.0,3.0,13.0,5.0,1.0,1.0,false,89.0,10.0,F,6.9,false,,0.0,,,,29,1.0,40.0,,0,,0,,,2.0,,,1.0
2354426,227157,62420,0,1,,,,6.0,3.0,2.0,1.0,true,52.0,13.0,M,7,false,,0.0,,1.0,,9,,16.0,,0,,0,,1.0,1.0,,,
3985828,47468,83608,0,0,,,,,,,,false,,23.0,G,,true,,0.0,,,,,,,,0,,0,,,,,,
3511858,255006,77143,0,1,2.0,,1.0,5.0,2.0,1.0,1.0,false,90.0,19.0,M,6.7,false,,,,,,73%,0.0,42.0,,0,,0,,0.0,1.0,0.0,0.0,
810686,190961,36064,0,0,,,,14.0,9.0,4.0,,false,90.0,16.0,D,6.2,false,0.0,0.0,,,,29,,47.0,,0,,0,,,,,1.0,
4112813,52089,85422,0,0,,,,,,,,false,,26.0,D,,true,,0.0,,,,,,,,0,,0,,,,,,
7715742,130401,34931,0,0,1.0,,,4.0,2.0,,,false,45.0,26.0,M,7,true,,0.0,,1.0,,34,2.0,39.0,,0,,0,,1.0,1.0,,,1.0
1970969,217176,44572,0,1,0.0,,0.0,0.0,0.0,0.0,0.0,false,90.0,40.0,G,8.9,false,,0.0,9.0,,,42%,0.0,15.0,,0,0.0,0,,0.0,0.0,0.0,0.0,
1940234,216324,58727,0,0,0.0,1.0,0.0,10.0,8.0,0.0,3.0,false,90.0,15.0,D,7.6,false,,,,,,72%,0.0,26.0,,0,,0,,0.0,0.0,,4.0,
1083298,197398,36279,0,0,,,,2.0,1.0,1.0,1.0,false,17.0,14.0,F,6.7,true,0.0,0.0,,1.0,,,,,,0,,0,,1.0,1.0,,,
9408724,149568,44575,0,0,,,,6.0,5.0,1.0,,false,90.0,4.0,M,7.3,false,0.0,0.0,,,,78,,87.0,,0,,0,,,1.0,1.0,2.0,3.0
4185257,267893,86806,0,0,0.0,,0.0,3.0,2.0,1.0,0.0,false,32.0,6.0,D,6.6,true,,0.0,,,,85%,0.0,30.0,,0,,0,,0.0,0.0,0.0,0.0,
4737284,95203,93758,0,0,1.0,,1.0,1.0,1.0,,,false,90.0,1.0,G,6.9,false,0.0,1.0,3.0,,,14,,35.0,,0,0.0,0,,,,,,
5670211,126731,108062,0,0,,,,2.0,1.0,,,false,15.0,8.0,M,6.7,true,,0.0,,,,4,1.0,5.0,,0,,0,,,,,,1.0
5446096,295212,89701,0,0,1.0,2.0,,7.0,3.0,1.0,1.0,false,90.0,8.0,M,7.2,false,1.0,0.0,,,,29,6.0,37.0,,0,,0,,,2.0,,1.0,2.0
939070,193955,44095,0,0,,,,2.0,2.0,,1.0,false,90.0,1.0,G,6.9,false,0.0,1.0,1.0,,,16,,31.0,,0,0.0,0,,,,,,
2539988,231445,63941,0,0,,,,,,,,false,9.0,27.0,F,6.5,true,0.0,0.0,,,,2,,2.0,,0,,0,,,,,,
1745988,14186,55237,0,0,,,,5.0,3.0,,,false,90.0,22.0,D,6.9,false,,0.0,,,,20,,27.0,,0,,0,,,,,,2.0
9571120,159365,93367,0,0,,,,,,,,false,,15.0,F,,true,,0.0,,,,,,,,0,,0,,,,,,
4273942,269931,87815,0,0,0.0,,0.0,,,1.0,1.0,false,16.0,3.0,D,6.6,false,,0.0,,,,40%,0.0,2.0,,0,,0,,0.0,1.0,0.0,0.0,
3527675,255357,57876,0,0,1.0,,1.0,,,0.0,0.0,true,90.0,26.0,D,6.9,false,,0.0,,,,85%,0.0,36.0,,0,,0,,0.0,0.0,0.0,1.0,1.0
6313999,98483,119564,0,0,,,,13.0,5.0,,,false,68.0,9.0,F,6.9,false,,0.0,,,,11,1.0,14.0,,0,,0,,1.0,1.0,,1.0,1.0
6884529,101903,131405,0,0,,,,,,,,false,,33.0,F,,true,,0.0,,,,,,,,0,,0,,,,,,
9465462,151888,82593,0,0,9.0,2.0,6.0,15.0,8.0,,1.0,false,85.0,36.0,F,8.2,false,,0.0,,,,46,5.0,65.0,,0,,0,,,2.0,,,
2795083,237674,43606,0,0,3.0,1.0,1.0,14.0,7.0,1.0,2.0,false,90.0,21.0,F,7.1,false,,,,,,64%,2.0,18.0,,0,,0,,0.0,2.0,0.0,0.0,2.0
4058389,266402,84736,0,0,0.0,,0.0,0.0,0.0,0.0,0.0,false,1.0,16.0,D,–,true,,0.0,,,,50%,0.0,1.0,,0,,0,,0.0,0.0,0.0,0.0,
1411872,205401,50322,0,0,,,,13.0,11.0,1.0,1.0,false,90.0,3.0,D,7.2,false,,0.0,,,,42,1.0,56.0,,0,,0,,,,,,4.0
5568608,126015,106238,0,0,,,,,,,,false,8.0,16.0,M,6.7,true,,0.0,,,,1,,1.0,,0,,0,,,,,,
2274375,225033,62869,0,1,2.0,1.0,2.0,21.0,14.0,2.0,7.0,false,90.0,6.0,M,7.9,false,,,,,,75%,0.0,28.0,,0,,0,,1.0,5.0,,1.0,
3514081,255056,54909,0,0,0.0,1.0,0.0,11.0,7.0,0.0,0.0,false,95.0,43.0,D,6.7,false,,,,,,88%,0.0,46.0,,0,,0,,0.0,0.0,1.0,0.0,1.0
1032326,196537,35590,0,0,,,,9.0,7.0,,1.0,false,90.0,8.0,M,8,false,,0.0,,1.0,,15,,20.0,,0,,0,,1.0,1.0,2.0,3.0,4.0
1023641,196295,47447,0,0,,,,,,,,false,,26.0,F,,true,,0.0,,,,,,,,0,,0,,,,,,
8540468,124078,66300,0,0,3.0,,3.0,8.0,5.0,,,false,90.0,21.0,M,7.5,false,,0.0,,,,55,2.0,70.0,,0,,0,,,1.0,,2.0,1.0
3280758,249469,35746,0,1,4.0,1.0,2.0,15.0,10.0,1.0,3.0,false,90.0,18.0,M,7.3,false,,0.0,,,,30,2.0,45.0,,0,,0,,,1.0,,,4.0
6219965,99102,118328,0,0,,,,2.0,1.0,1.0,1.0,true,89.0,8.0,M,7.3,false,0.0,0.0,,,,30,4.0,39.0,,0,,0,,,1.0,,,
2835021,238694,62769,0,0,,,,5.0,4.0,,1.0,false,12.0,22.0,D,7,true,,0.0,,,,4,,5.0,,0,,0,,,,,,3.0
802511,190757,45464,0,0,,,,,,,,false,,29.0,D,,true,,0.0,,,,,,,,0,,0,,,,,,
3190285,247026,56344,0,0,,,,,,,,false,,29.0,D,,true,,0.0,,,,,,,,0,,0,,,,,,
5678313,126487,108316,0,0,1.0,1.0,,9.0,5.0,,1.0,false,63.0,6.0,M,7.3,true,,0.0,,1.0,,17,1.0,26.0,,0,,0,,1.0,2.0,,,4.0
1414211,205455,49587,0,0,,,,2.0,2.0,,,false,90.0,1.0,G,6.9,false,,1.0,3.0,,,6,,21.0,,0,0.0,0,,,,,,1.0
1338663,203607,43767,0,0,0.0,,0.0,2.0,2.0,0.0,0.0,false,90.0,36.0,G,6.3,false,,1.0,0.0,,,41%,0.0,13.0,,0,0.0,0,,0.0,0.0,0.0,0.0,
3562769,256136,79272,0,0,1.0,1.0,,3.0,,1.0,,false,12.0,7.0,F,6.2,true,,0.0,,,,1,,1.0,,0,,0,,,,,,
8528189,124541,116418,0,0,5.0,1.0,4.0,10.0,7.0,1.0,2.0,false,90.0,8.0,M,6.9,false,,0.0,,,,21,,29.0,,0,,0,,,1.0,,,1.0
6040177,107459,116173,0,0,,1.0,,5.0,3.0,1.0,1.0,false,23.0,14.0,M,6.9,true,,0.0,,,,8,2.0,8.0,,0,,0,,,,,,2.0
1143216,199050,1457,0,0,3.0,3.0,2.0,16.0,7.0,1.0,0.0,false,74.0,18.0,M,6.3,false,,,,,,76%,0.0,29.0,,0,,0,,0.0,0.0,,1.0,
4675611,96566,92736,0,0,,,,,,,,false,90.0,25.0,G,7.5,false,,1.0,5.0,,,9,,26.0,,0,0.0,0,,,,,,
713233,188969,18178,0,0,,,,20.0,13.0,2.0,1.0,false,90.0,15.0,D,6.9,false,,0.0,,,,53,,63.0,,0,,0,,,1.0,,2.0,
4465364,274564,90491,0,0,,3.0,,10.0,4.0,2.0,1.0,false,68.0,10.0,M,7.2,false,,0.0,,1.0,,49,1.0,57.0,,0,,1,,1.0,1.0,,,2.0
998298,195586,18862,0,0,,,,4.0,2.0,,,false,12.0,14.0,F,6.3,true,,0.0,,,,2,,4.0,,0,,0,,,,,,
7536458,135651,142018,0,0,,,,,,,,false,,13.0,D,,true,,0.0,,,,,,,,0,,0,,,,,,
6672036,110305,127375,0,0,,1.0,,9.0,7.0,1.0,,false,95.0,4.0,D,7.2,false,,0.0,,0.0,,29,,36.0,,0,,0,,,,,3.0,2.0
8515072,124223,159266,0,0,,,,,,,,false,,16.0,M,,true,,0.0,,,,,,,,0,,0,,,,,,
575773,185265,44339,0,0,,,,,,,,false,,12.0,G,,true,,0.0,,,,,,,,0,,0,,,,,,
4180275,267757,71411,0,0,1.0,,1.0,,,1.0,0.0,false,24.0,19.0,F,6.7,false,,0.0,,,,90%,1.0,10.0,,0,,0,,0.0,0.0,0.0,0.0,
3819453,138886,82119,0,0,,,,1.0,1.0,,,false,14.0,33.0,D,6.3,true,,0.0,,,,1,,4.0,,0,,0,,,,,,
4695471,95922,93814,0,0,5.0,2.0,3.0,17.0,10.0,1.0,2.0,false,90.0,28.0,D,7,false,,0.0,,,,35,2.0,46.0,,0,,0,,,,1.0,,4.0
1631794,210136,43224,0,0,4.0,,1.0,8.0,2.0,,1.0,false,90.0,10.0,M,6.3,false,1.0,0.0,,,,27,5.0,37.0,,0,,0,,1.0,4.0,,,
3142760,246224,50984,0,0,,,,1.0,1.0,,,false,90.0,1.0,G,6.3,false,,3.0,2.0,,,25,,36.0,,0,0.0,0,,,,,1.0,
3483201,254362,78181,0,0,0.0,,0.0,7.0,4.0,1.0,1.0,false,45.0,40.0,D,6.2,false,,,,,,92%,0.0,24.0,,0,,0,,0.0,0.0,,0.0,
4073800,138565,84667,0,1,,,,4.0,3.0,1.0,1.0,false,69.0,15.0,D,7.2,false,,0.0,,,,20,2.0,21.0,,0,,0,,,,,3.0,1.0
2780863,237280,68621,0,0,1.0,1.0,0.0,6.0,3.0,0.0,1.0,false,90.0,12.0,M,6.7,false,,,,,,81%,0.0,30.0,,0,,0,,0.0,0.0,,1.0,
4726012,95713,94009,0,0,1.0,1.0,1.0,5.0,3.0,,,false,96.0,36.0,D,6.3,false,,0.0,,,,19,,35.0,,0,,0,,,,1.0,,2.0
3954612,263716,49054,0,0,1.0,,1.0,11.0,5.0,3.0,2.0,false,78.0,9.0,F,7.7,false,,0.0,,1.0,,19,2.0,24.0,,0,,0,,1.0,2.0,,,1.0
2035567,218852,59577,0,0,,,,4.0,2.0,1.0,,false,90.0,5.0,D,6.3,false,,0.0,,,,11,,13.0,,0,,0,,,,1.0,1.0,1.0
4756406,279309,94068,0,1,1.0,2.0,,14.0,8.0,1.0,4.0,false,76.0,25.0,M,6.2,false,0.0,0.0,,,,27,1.0,30.0,,0,,0,,2.0,2.0,,,3.0
1269134,10217,50395,0,0,1.0,1.0,1.0,7.0,5.0,1.0,3.0,false,90.0,4.0,M,7.2,false,,0.0,,,,47,,50.0,,0,,0,,,,,4.0,1.0
2653255,234364,66432,0,0,,,,4.0,3.0,,1.0,false,90.0,22.0,D,7,false,,0.0,,,,38,3.0,48.0,,0,,0,,,1.0,,1.0,
3970321,264153,83478,0,0,,,,1.0,1.0,,,true,90.0,4.0,D,7,false,,0.0,,,,66,,74.0,,0,,0,,,,,1.0,1.0
6690569,314595,127267,0,0,,,,7.0,7.0,,2.0,false,90.0,12.0,D,6.7,false,0.0,0.0,,,,32,1.0,45.0,,0,,0,,,,,,4.0
3615975,257060,44570,0,0,5.0,2.0,3.0,11.0,6.0,,2.0,false,90.0,41.0,M,8.6,false,0.0,0.0,,1.0,,40,4.0,44.0,,0,,0,,3.0,4.0,,,1.0
8531419,123859,67894,0,0,,,,,,,,false,,23.0,G,,true,,0.0,,,,,,,,0,,0,,,,,,
4143694,266753,84634,0,0,,,,,,,,true,90.0,2.0,G,5.9,false,0.0,4.0,3.0,,,34,,39.0,,0,0.0,0,,,,,,
6246039,307193,119411,0,0,0.0,,0.0,5.0,3.0,1.0,2.0,false,23.0,19.0,F,6.6,true,,,,,,60%,0.0,3.0,,0,,0,,0.0,0.0,,0.0,
1194401,200471,48461,0,0,1.0,,1.0,,,0.0,2.0,false,90.0,10.0,M,7.1,false,,0.0,,,,91%,1.0,64.0,,0,,0,,0.0,2.0,0.0,0.0,2.0
1250201,201770,49448,0,0,6.0,2.0,2.0,14.0,6.0,1.0,2.0,false,90.0,20.0,M,6.9,false,,0.0,,,,29,2.0,38.0,,0,,0,,1.0,2.0,,,2.0
3997673,264768,64865,0,0,,2.0,,2.0,,,,false,27.0,14.0,M,6.7,true,0.0,0.0,,,,6,1.0,8.0,,0,,0,,,,,,
8539571,124056,67365,0,0,,,,1.0,1.0,,,false,90.0,1.0,G,6.6,false,,4.0,5.0,,,28,,33.0,,0,0.0,0,,,,,,
8565023,123130,67545,0,0,,,,,,,,false,1.0,27.0,F,,true,,0.0,,,,,,,,0,,0,,,,,,
3093463,245033,62435,0,0,0.0,,0.0,5.0,3.0,1.0,1.0,false,90.0,33.0,D,7.0,false,,,,,,88%,0.0,47.0,,0,,0,,0.0,0.0,0.0,3.0,1.0
3088677,244916,48913,0,0,0.0,1.0,0.0,1.0,0.0,0.0,0.0,false,90.0,2.0,D,8.4,false,2.0,,,,,83%,2.0,50.0,,0,,0,,0.0,0.0,,1.0,
7954012,332446,147258,0,0,1.0,,,4.0,2.0,,,false,90.0,26.0,D,6.7,false,0.0,0.0,,,,28,,31.0,,0,,0,,,1.0,,,2.0
6276370,308035,119489,0,0,2.0,1.0,2.0,12.0,10.0,0.0,1.0,false,90.0,8.0,M,7.4,false,,,,,,86%,1.0,45.0,,0,,0,,0.0,0.0,0.0,0.0,4.0
3194409,247125,58903,0,0,1.0,,,4.0,,3.0,,false,86.0,29.0,D,5.3,false,0.0,0.0,,,,28,,35.0,1.0,0,,0,,,,,,
3311703,250037,75694,0,0,,1.0,,5.0,2.0,2.0,1.0,false,59.0,18.0,D,6.9,false,0.0,0.0,,,,25,2.0,32.0,,0,,0,,,,,,1.0
2761267,236737,51219,0,0,3.0,,3.0,7.0,6.0,0.0,2.0,false,90.0,15.0,D,7.5,false,,,,,,73%,1.0,30.0,,0,,0,,0.0,1.0,,5.0,
3595265,37166,79510,0,0,2.0,3.0,1.0,13.0,6.0,1.0,,false,80.0,20.0,D,6.5,false,,0.0,,,,19,,25.0,,0,,0,,,1.0,,,3.0
9031255,350771,61312,0,0,,,,,,,,false,,5.0,D,,true,,0.0,,,,,,,,0,,0,,,,,,
2131850,221452,60943,0,0,0.0,,0.0,5.0,2.0,0.0,2.0,true,90.0,10.0,M,6.2,false,,,,,,67%,0.0,19.0,,0,,0,,0.0,0.0,,0.0,
2837885,238765,44398,0,0,,,,,,,,false,,91.0,D,,true,,0.0,,,,,,,,0,,0,,,,,,
5413431,147667,92503,0,0,,,,10.0,7.0,3.0,1.0,false,90.0,29.0,D,7.2,false,,0.0,,,,18,1.0,25.0,1.0,0,,0,,,,2.0,2.0,4.0
2816338,238227,69111,0,0,,,,4.0,2.0,1.0,,false,25.0,6.0,M,6.7,true,,0.0,,,,2,,6.0,,0,,0,,,,,,1.0
569008,246,44074,0,1,,2.0,,8.0,5.0,1.0,1.0,false,66.0,40.0,M,7.3,false,,0.0,,1.0,,20,,22.0,,0,,0,,1.0,1.0,1.0,,4.0
5011707,285673,98244,0,0,,,,4.0,2.0,2.0,1.0,false,90.0,5.0,D,6.6,false,,0.0,,,,30,,41.0,,0,,0,,,,,,
2636820,233972,66339,0,0,0.0,,0.0,,,1.0,0.0,false,90.0,30.0,D,7.6,false,,,,,,96%,0.0,111.0,,0,,0,,0.0,0.0,3.0,0.0,1.0
3484975,254402,68225,0,0,2.0,1.0,0.0,9.0,3.0,3.0,1.0,false,90.0,8.0,M,7.2,false,,,,1.0,,80%,0.0,24.0,,0,,0,,1.0,1.0,,0.0,
3969903,264141,83698,0,0,,,,2.0,1.0,,,true,90.0,40.0,G,7.3,false,,0.0,4.0,,,28,,49.0,,0,0.0,0,,,,,,1.0
2276261,225086,43436,0,0,1.0,,0.0,3.0,2.0,0.0,2.0,false,18.0,14.0,F,6.5,true,,,,,,50%,0.0,1.0,,0,,0,,0.0,0.0,,0.0,
4305500,270680,88559,0,0,,,,,,,,false,,1.0,G,,true,,0.0,,,,,,,,0,,0,,,,,,
6689602,110262,127168,0,0,,2.0,,9.0,6.0,1.0,1.0,true,90.0,32.0,D,7.5,false,0.0,0.0,,,,43,,56.0,,0,,0,,,,4.0,,3.0
5421736,147395,18426,0,0,2.0,,,11.0,3.0,2.0,2.0,false,25.0,11.0,F,6.3,true,,0.0,,,1.0,2,,4.0,,0,,0,,,,,,1.0
9892052,162694,43861,0,0,,1.0,,7.0,3.0,1.0,,false,90.0,10.0,F,7.2,false,1.0,0.0,,,,14,2.0,17.0,,0,,0,,2.0,4.0,1.0,,
1453754,206122,49704,0,0,,,,,,,,false,,14.0,D,,true,,0.0,,,,,,,,0,,0,,,,,,
4927384,283724,64350,0,0,,,,2.0,1.0,,,false,12.0,15.0,D,6.3,true,,0.0,,,,3,,5.0,,0,,0,,,,,,1.0
2654774,234399,1867,0,0,,1.0,,8.0,2.0,,,false,90.0,17.0,D,6.2,false,,0.0,,,,32,1.0,49.0,,0,,0,,,,,2.0,1.0
3853529,260906,78904,0,1,2.0,,1.0,5.0,2.0,1.0,,false,90.0,11.0,F,8.9,false,1.0,0.0,,1.0,,62,3.0,71.0,,0,,0,,3.0,6.0,,,1.0
2329105,226519,62823,0,0,1.0,,1.0,4.0,2.0,1.0,,false,82.0,44.0,M,7.2,false,,0.0,,,,50,2.0,58.0,,0,,0,,,1.0,,2.0,
2620112,233564,55234,0,0,1.0,1.0,0.0,10.0,4.0,1.0,0.0,false,90.0,14.0,M,7.3,false,,,,,,90%,2.0,47.0,,0,,0,,0.0,1.0,,1.0,
1176821,199983,48033,0,0,6.0,,3.0,12.0,5.0,1.0,2.0,false,73.0,22.0,M,6.5,false,,,,,,95%,1.0,69.0,,0,,0,,0.0,1.0,0.0,1.0,
4857485,281801,96773,0,0,,,,,,,,false,,33.0,D,,true,,0.0,,,,,,,,0,,0,,,,,,
2816741,238237,45318,0,0,,,,1.0,,,,false,15.0,19.0,F,7.3,true,,0.0,,1.0,1.0,4,,4.0,,0,,0,,1.0,1.0,,,
1439358,205793,52383,0,0,,,,,,,,false,9.0,16.0,M,6.7,true,,0.0,,,,1,,1.0,,0,,0,,,,,1.0,
2754173,236541,68434,0,0,5.0,,1.0,19.0,5.0,3.0,1.0,false,90.0,18.0,F,6.3,false,,,,,,61%,2.0,13.0,,0,,0,,0.0,3.0,,1.0,
6686341,110180,126632,0,0,,,,2.0,1.0,,,false,21.0,12.0,D,6.9,true,0.0,0.0,,,,3,1.0,3.0,,0,,0,,,,1.0,,1.0
4753887,279255,94366,0,0,2.0,,2.0,3.0,2.0,1.0,,false,45.0,41.0,M,6.9,false,,0.0,,,,8,1.0,9.0,,0,,0,,,,,,
1255464,201890,49582,0,0,,,,,,,,false,13.0,12.0,M,6.3,true,,0.0,,,,3,,4.0,,0,,0,,,,,,
9643975,161594,19242,0,0,,,,,,,,false,,22.0,G,,true,,0.0,,,,,,,,0,,0,,,,,,
9331243,355100,43263,0,0,,,,,,,,false,11.0,17.0,M,6.7,true,0.0,0.0,,,,2,,3.0,,0,,0,,,,,,
921201,193461,41808,0,0,,,,,,,,false,90.0,1.0,G,7.2,false,0.0,0.0,2.0,,,27,,46.0,,0,0.0,0,,,,,,
1005969,195801,35406,0,0,2.0,,1.0,13.0,10.0,,1.0,false,90.0,39.0,M,7.9,false,1.0,0.0,,,,20,1.0,31.0,,0,,0,,,1.0,,1.0,4.0
484269,183270,1142,0,0,2.0,3.0,2.0,9.0,3.0,0.0,0.0,false,90.0,8.0,M,6.8,false,,0.0,,1.0,1.0,79%,1.0,31.0,,0,,0,,1.0,1.0,1.0,0.0,1.0
887567,193070,35733,0,0,,,,4.0,3.0,1.0,3.0,false,90.0,28.0,M,6.7,false,,0.0,,,,,,1.0,,0,,0,,,1.0,,,
1421251,205616,49225,0,0,1.0,,,4.0,,,,false,73.0,6.0,M,8,false,1.0,0.0,,1.0,,18,1.0,23.0,,0,,0,,1.0,1.0,,,
4498199,275164,61731,0,0,1.0,1.0,,6.0,3.0,1.0,2.0,false,19.0,11.0,M,6.6,true,0.0,0.0,,,,5,1.0,7.0,,0,,0,,,,,,
9319435,148523,44530,0,1,,,,4.0,1.0,,,false,74.0,18.0,D,7,false,0.0,0.0,,,,74,4.0,85.0,,0,,0,,,1.0,,2.0,1.0
875077,192723,36625,0,0,,,,,,,,false,90.0,20.0,G,6.9,false,,0.0,,,,14,,19.0,,0,0.0,0,,,,,,
4091066,138294,66726,0,0,,2.0,,15.0,6.0,,1.0,false,95.0,23.0,D,6.2,false,,0.0,,,,33,,44.0,,0,,0,,1.0,1.0,,,2.0
3576735,256443,79295,0,0,,,,2.0,,,,false,13.0,99.0,F,6.7,true,,0.0,,,,5,,6.0,,0,,0,,,1.0,,,
830904,191495,35913,0,0,1.0,,0.0,,,2.0,0.0,false,75.0,23.0,F,6.6,false,,0.0,,,,80%,0.0,8.0,,0,,0,,0.0,1.0,0.0,0.0,1.0
991881,195407,36088,0,0,,,,,,,,false,90.0,1.0,G,6.9,false,,3.0,5.0,,,25,,28.0,,0,0.0,0,,,,,,
5578790,125786,107194,0,0,,,,,,,,false,,22.0,G,,true,,0.0,,,,,,,,0,,0,,,,,,
4044518,266018,84879,0,0,1.0,,0.0,4.0,2.0,1.0,1.0,false,90.0,27.0,D,7.3,false,1.0,0.0,,,,64%,1.0,9.0,,0,,0,,0.0,0.0,0.0,2.0,1.0
6863200,102305,130597,0,0,,1.0,,2.0,,,,false,11.0,13.0,F,6.5,true,,0.0,,,,2,,2.0,,0,,0,,,,,,
7890150,105416,147271,0,0,0.0,,0.0,,,0.0,0.0,false,90.0,35.0,D,6.5,false,,,,,,80%,0.0,,,0,0.0,0,,0.0,0.0,0.0,0.0,
804151,190798,45980,0,0,1.0,1.0,,6.0,4.0,,2.0,false,90.0,26.0,M,6.7,false,0.0,0.0,,,,19,1.0,28.0,,0,,0,,,,,1.0,1.0
5009255,285621,98030,0,0,,1.0,,5.0,3.0,,2.0,false,90.0,15.0,D,6.6,false,,0.0,,,,25,,31.0,,0,,0,,,1.0,,,1.0
4383061,272461,63479,0,0,0.0,1.0,0.0,3.0,0.0,1.0,0.0,false,28.0,39.0,M,6.3,true,,,,,,92%,0.0,12.0,,0,,0,,0.0,0.0,0.0,1.0,
5171453,289162,100704,0,0,,,,,,,,false,,39.0,G,,true,,0.0,,,,,,,,0,,0,,,,,,
6234724,306882,80875,0,1,2.0,1.0,1.0,11.0,5.0,1.0,4.0,false,90.0,28.0,M,8.3,false,0.0,0.0,,,,40,9.0,49.0,,0,,0,,,1.0,1.0,1.0,
498108,183654,1776,0,0,1.0,2.0,0.0,17.0,7.0,2.0,1.0,false,90.0,15.0,M,6.7,false,,0.0,,,,66%,0.0,20.0,,0,,0,,0.0,2.0,0.0,2.0,2.0
7829033,115200,108452,0,0,1.0,,,6.0,5.0,,1.0,false,90.0,66.0,D,7.6,false,1.0,0.0,,,,38,4.0,43.0,,0,,0,,,,,,4.0
3189192,247000,68429,0,0,2.0,,1.0,8.0,4.0,,2.0,false,84.0,27.0,M,7,false,0.0,0.0,,1.0,,28,1.0,37.0,,0,,0,,2.0,3.0,,,
7372304,103096,138959,0,0,,,,1.0,1.0,,1.0,false,25.0,4.0,D,6.7,false,,0.0,,,,5,,7.0,,0,,0,,,,,1.0,
5671401,126762,108397,0,0,,,,,,,,false,,25.0,G,,true,,0.0,,,,,,,,0,,0,,,,,,
2493498,230582,62834,0,0,,,,,,,,false,,4.0,M,,true,,0.0,,,,,,,,0,,0,,,,,,
9376952,150636,66029,0,1,,,,4.0,1.0,1.0,1.0,false,58.0,10.0,M,6.9,false,,0.0,,,,17,3.0,25.0,,0,,0,,,,,,
2535506,231332,63129,0,0,,,,,,,,false,1.0,19.0,D,,true,0.0,0.0,,,,1,,1.0,,0,,0,,,,,,
6253914,307413,119421,0,0,1.0,,1.0,6.0,3.0,1.0,2.0,false,61.0,13.0,M,6.8,false,,,,,,81%,1.0,22.0,,0,,0,,0.0,0.0,,0.0,
9584614,158370,82018,0,0,,,,19.0,8.0,1.0,2.0,false,96.0,9.0,F,7.5,false,,0.0,,,,19,1.0,26.0,,0,,0,,1.0,2.0,1.0,,3.0
4284002,270172,43002,0,0,1.0,,1.0,11.0,9.0,1.0,,false,90.0,2.0,D,7.5,false,,0.0,,,,28,,40.0,,0,,0,,,1.0,,5.0,2.0
8557596,123718,51170,0,0,1.0,7.0,1.0,16.0,5.0,3.0,,false,90.0,18.0,M,6.2,false,,0.0,,,,38,,47.0,,0,,0,,,,,3.0,3.0
9588961,157806,77643,0,0,,,,,,,,true,90.0,34.0,G,6.9,false,,0.0,,,,15,,17.0,,0,0.0,0,,,,,,
1358616,204178,48253,0,0,1.0,2.0,0.0,,,1.0,1.0,false,90.0,2.0,D,6.6,false,,0.0,,,,83%,0.0,25.0,,0,,0,,0.0,0.0,0.0,2.0,3.0
5004557,285515,98438,0,0,3.0,4.0,3.0,,,0.0,1.0,false,90.0,20.0,F,6.5,false,,0.0,,,,70%,1.0,28.0,,0,,0,,0.0,2.0,0.0,0.0,1.0
1687263,211331,55641,0,0,,,,1.0,,,,false,14.0,92.0,F,6.5,true,0.0,0.0,,,,,,2.0,,0,,0,,,,,,
2363376,227382,62837,0,0,1.0,,,6.0,3.0,1.0,1.0,false,63.0,19.0,M,6.9,false,,0.0,,,,17,2.0,21.0,,0,,0,,1.0,1.0,,,1.0
4417435,61785,90119,0,0,,,,,,,,false,,3.0,D,,true,,0.0,,,,,,,,0,,0,,,,,,
7238671,94206,136544,0,0,,,,,,,,false,,12.0,G,,true,,0.0,,,,,,,,0,,0,,,,,,
8555337,123666,67061,0,0,6.0,,2.0,20.0,13.0,,1.0,false,90.0,11.0,M,8.9,false,2.0,0.0,,,,58,2.0,68.0,,0,,0,,,1.0,,1.0,9.0
9045039,157976,164919,0,0,,,,2.0,1.0,,,false,90.0,23.0,G,3.5,false,,14.0,6.0,,,10,,31.0,,0,0.0,0,,,,,,
4402565,273003,44703,0,0,,,,4.0,1.0,,,false,61.0,92.0,F,6.3,false,,0.0,,,,7,,11.0,,0,,0,,,,,,1.0
2312039,226081,62765,0,0,2.0,1.0,1.0,17.0,6.0,2.0,1.0,false,90.0,13.0,M,6.4,false,,,,,,73%,2.0,31.0,,0,,0,,0.0,2.0,0.0,0.0,2.0
1814213,213609,52781,0,0,,,,1.0,,1.0,,false,36.0,27.0,F,6.9,true,,0.0,,,,9,2.0,10.0,,0,,0,,,1.0,,,
1173023,199878,48214,0,0,4.0,1.0,3.0,19.0,9.0,0.0,2.0,true,90.0,15.0,F,6.5,false,,,,,,78%,0.0,30.0,,0,,0,,0.0,3.0,,0.0,
461776,182645,19096,0,0,1.0,1.0,0.0,7.0,2.0,0.0,0.0,false,58.0,24.0,F,6.7,false,,0.0,,,,80%,2.0,16.0,,0,,0,,0.0,3.0,0.0,0.0,1.0
3517481,255132,69636,0,0,0.0,,0.0,2.0,0.0,1.0,0.0,false,27.0,99.0,F,6.6,true,,,,,,85%,0.0,6.0,,0,,0,,1.0,1.0,0.0,0.0,
5173253,289202,100901,0,0,,,,1.0,1.0,,,false,1.0,30.0,M,,true,0.0,0.0,,,,4,,4.0,,0,,0,,,,,,1.0
4369280,272077,89272,0,0,0.0,,0.0,2.0,0.0,2.0,0.0,false,3.0,33.0,F,–,true,,,,,,100%,0.0,1.0,,0,,0,,0.0,0.0,,0.0,
9142717,352988,95433,0,0,1.0,,,3.0,,2.0,,false,16.0,34.0,F,6.2,true,,0.0,,,,,,1.0,,0,,0,,,,,,
1738796,12173,49421,0,0,,,,5.0,5.0,,3.0,false,90.0,18.0,M,7.7,false,,0.0,,,,35,,38.0,,0,,0,,,1.0,,3.0,1.0
1421994,205633,49468,0,0,1.0,2.0,1.0,7.0,5.0,,3.0,true,90.0,8.0,M,6.9,false,,0.0,,,,31,1.0,38.0,,0,,0,,,,,,1.0
4114949,52139,85249,0,0,4.0,2.0,4.0,13.0,4.0,2.0,,false,45.0,24.0,M,7.9,true,,0.0,,1.0,,14,3.0,17.0,,0,,0,,1.0,1.0,,2.0,
9550387,155080,92492,0,0,,,,,,,,true,90.0,1.0,G,6.9,false,,0.0,1.0,,,10,,29.0,,0,0.0,0,,,,,,
2857738,238973,69719,0,0,2.0,1.0,,7.0,3.0,,,false,90.0,26.0,D,6.6,false,0.0,0.0,,,1.0,7,2.0,21.0,,0,,0,,,,,1.0,1.0
6259292,307562,85150,0,0,1.0,1.0,0.0,7.0,4.0,1.0,1.0,false,90.0,6.0,D,7.1,false,,,,,,72%,1.0,16.0,,0,,0,,0.0,0.0,,3.0,
6209771,99355,119047,0,0,,,,,,,,false,,53.0,D,,true,,0.0,,,,,,,,0,,0,,,,,,
1206702,200780,49792,0,0,,,,1.0,1.0,,1.0,false,12.0,8.0,M,6.9,true,,0.0,,,,18,,19.0,,0,,0,,,1.0,,2.0,
2658695,234505,66405,0,0,,,,,,,,false,,16.0,G,,true,,0.0,,,,,,,,0,,0,,,,,,
4725763,95708,75392,0,0,2.0,2.0,1.0,6.0,1.0,,,false,63.0,5.0,D,6.2,false,,0.0,,,,24,1.0,28.0,,0,,0,,,,,2.0,
7837830,330852,146042,0,0,,1.0,,7.0,5.0,1.0,2.0,false,45.0,14.0,M,7.2,true,0.0,0.0,,,,19,,23.0,,0,,0,,,,1.0,,1.0
2807810,238014,49972,0,0,,,,,,,,false,,81.0,G,,true,,0.0,,,,,,,,0,,0,,,,,,
4993942,285241,98315,0,0,0.0,,0.0,1.0,1.0,0.0,0.0,false,90.0,4.0,D,6.6,false,,,,,,74%,0.0,37.0,,0,,0,,0.0,0.0,0.0,1.0,1.0
1861335,214271,49164,0,0,,,,,,,,false,,46.0,G,,true,,0.0,,,,,,,,0,,0,,,,,,
1975983,217315,58260,0,0,5.0,,2.0,8.0,4.0,1.0,1.0,false,60.0,10.0,M,6.6,false,,,,,,78%,0.0,15.0,,0,,0,,0.0,3.0,0.0,1.0,
3963891,263974,83725,0,0,1.0,2.0,1.0,5.0,2.0,,,false,90.0,24.0,M,6.2,false,,0.0,,,,35,,40.0,,0,,0,,,,,,
2764970,236839,68766,0,1,0.0,,0.0,1.0,0.0,0.0,0.0,false,90.0,1.0,G,6.2,false,,1.0,1.0,,,25%,0.0,6.0,,0,0.0,0,,0.0,0.0,,0.0,
5433405,147210,49114,0,0,,,,,,,,false,,91.0,G,,true,,0.0,,,,,,,,0,,0,,,,,,
1801638,213332,53924,0,0,,,,,,,,false,90.0,88.0,G,8.2,false,,0.0,2.0,,,18,,41.0,,0,1.0,0,,,,,1.0,
2546730,231614,65506,0,0,,,,3.0,3.0,,2.0,false,15.0,38.0,M,6.6,true,0.0,0.0,,,,9,,13.0,,0,,0,,,,,,1.0
6677133,110431,77892,0,0,,,,,,,,false,,19.0,G,,true,,0.0,,,,,,,,0,,0,,,,,,
2366330,227396,63455,0,0,,,,,,,,false,27.0,5.0,D,6.7,true,,0.0,,,,20,,21.0,,0,,0,,,,,,
9522319,156856,130158,0,0,0.0,,0.0,,,1.0,0.0,false,9.0,17.0,F,5.8,true,,0.0,,,,0%,0.0,0.0,,0,,0,,0.0,1.0,0.0,0.0,
718982,189113,43757,0,0,,1.0,,9.0,5.0,1.0,1.0,false,90.0,5.0,D,6.9,false,,0.0,,,,37,,48.0,,0,,0,,,,,,2.0
4414940,61726,45958,0,0,,,,13.0,11.0,1.0,3.0,false,90.0,4.0,D,7.9,false,,0.0,,,,62,,67.0,,0,,0,,1.0,2.0,,2.0,1.0
4858701,281831,96586,0,0,,,,1.0,1.0,,,false,18.0,22.0,M,6.7,true,0.0,0.0,,,,6,,8.0,,0,,0,,,,,,1.0
1816174,213652,54807,0,0,,,,,,,,false,,97.0,F,,true,,0.0,,,,,,,,0,,0,,,,,,
550322,185008,1821,0,0,,,,,,,,false,,22.0,G,,true,,0.0,,,,,,,,0,,0,,,,,,
1034437,196595,18801,0,0,,,,,,,,false,,23.0,G,,true,,0.0,,,,,,,,0,,0,,,,,,
8560982,123796,54675,0,0,2.0,,,12.0,7.0,1.0,1.0,false,79.0,33.0,F,6.7,false,,0.0,,,1.0,13,,21.0,,0,,0,,,,,,1.0
9683133,359694,66160,0,0,2.0,,0.0,8.0,3.0,2.0,0.0,false,75.0,8.0,M,6.5,false,,,,,,79%,1.0,27.0,,0,,0,,0.0,1.0,,1.0,
3676437,258619,81064,0,0,2.0,,2.0,7.0,5.0,1.0,2.0,false,77.0,11.0,M,7.5,false,,,,1.0,,71%,0.0,10.0,,0,,0,,2.0,3.0,,0.0,
3851184,260846,1116,0,0,,,,,,,,false,,1.0,G,,true,,0.0,,,,,,,,0,,0,,,,,,
7727006,130037,46050,0,0,2.0,,1.0,21.0,11.0,2.0,,false,90.0,20.0,D,6.6,false,0.0,0.0,,,,22,,30.0,,0,,0,,,1.0,,,6.0
4701843,96063,49308,0,0,,,,,,,,false,,14.0,M,,true,,0.0,,,,,,,,0,,0,,,,,,
6327276,97985,119641,0,0,,,,5.0,3.0,1.0,2.0,false,73.0,27.0,D,6.7,false,,0.0,,,,20,,27.0,,0,,0,,,1.0,,,1.0
8549923,123539,66557,0,0,,,,,,,,false,,1.0,G,,true,,0.0,,,,,,,,0,,0,,,,,,
825579,191348,37247,0,0,0.0,3.0,0.0,,,5.0,0.0,false,90.0,6.0,M,7.0,false,,0.0,,,,81%,0.0,45.0,,0,,0,,0.0,0.0,0.0,4.0,6.0
1839859,16029,52474,0,0,,,,4.0,4.0,,2.0,false,90.0,23.0,D,7.9,false,,0.0,,,,95,1.0,99.0,,0,,0,,,,3.0,1.0,
2549877,231691,63116,0,0,1.0,,1.0,4.0,2.0,2.0,,false,90.0,3.0,D,6.3,false,0.0,0.0,,,,62,,69.0,,0,,0,,,,,,
9015549,156555,62720,0,0,,,,4.0,1.0,3.0,,true,73.0,8.0,M,6.9,false,,0.0,,,,45,,47.0,,0,,0,,,,,2.0,
1625543,209996,52495,0,0,,,,2.0,1.0,,,false,20.0,5.0,M,6.7,true,,0.0,,,,6,,9.0,,0,,0,,,,,,1.0
4064232,266564,84454,0,0,4.0,,4.0,14.0,9.0,1.0,1.0,false,90.0,28.0,D,7.0,false,,0.0,,,,88%,1.0,40.0,,0,,0,,0.0,0.0,1.0,6.0,2.0
9509751,356592,92261,0,0,6.0,2.0,5.0,13.0,9.0,,2.0,false,90.0,11.0,M,7.5,false,0.0,0.0,,,,29,2.0,34.0,,0,,0,,,,,1.0,2.0
5427864,147548,104416,0,0,,,,15.0,11.0,1.0,3.0,false,90.0,17.0,D,7.7,false,,0.0,,,,46,,58.0,,0,,0,,,2.0,,,6.0
2392393,227838,63772,0,1,,,,5.0,1.0,1.0,,false,30.0,33.0,F,6.2,true,0.0,0.0,,,,7,,11.0,,0,,0,,,,,,
1224890,201196,19028,0,0,,2.0,,5.0,1.0,2.0,1.0,false,26.0,21.0,M,6.3,true,,0.0,,,,16,,18.0,,0,,0,,,,,,
2552085,231746,65293,0,0,1.0,,,6.0,4.0,,3.0,false,89.0,25.0,M,6.9,false,0.0,0.0,,,,31,2.0,40.0,,0,,0,,,,,3.0,1.0
2795344,237681,68838,0,0,0.0,,0.0,6.0,5.0,1.0,0.0,true,90.0,2.0,D,7.0,false,,,,,,81%,0.0,45.0,,0,,0,,0.0,0.0,0.0,0.0,1.0
3721859,259880,81317,0,0,1.0,,0.0,6.0,3.0,0.0,0.0,false,19.0,7.0,F,6.4,false,,,,,,37%,0.0,3.0,,0,,0,,0.0,0.0,0.0,0.0,
3199061,247233,69191,0,0,,,,7.0,4.0,,1.0,false,45.0,24.0,D,7.3,true,0.0,0.0,,1.0,,29,,31.0,,0,,0,,1.0,1.0,,,2.0
3584719,256619,43002,0,0,,,,,,,,false,,2.0,D,,true,,0.0,,,,,,,,0,,0,,,,,,
3965371,264015,83934,0,0,1.0,1.0,1.0,5.0,3.0,,1.0,false,78.0,40.0,M,7.3,false,,0.0,,,,69,2.0,80.0,,0,,0,,1.0,1.0,1.0,2.0,1.0
2388005,227728,62507,0,0,,,,3.0,,2.0,,false,18.0,10.0,M,6.5,true,0.0,0.0,,,,15,,18.0,,0,,0,,,,,1.0,
1652708,210593,55232,0,0,4.0,1.0,2.0,18.0,9.0,,3.0,false,90.0,77.0,F,7.2,false,,0.0,,,,8,1.0,10.0,,0,,0,1.0,,,,,3.0
1991969,217757,44626,0,0,1.0,,0.0,7.0,3.0,1.0,2.0,false,56.0,23.0,F,7.0,false,,0.0,,,,66%,1.0,6.0,,0,,0,,1.0,3.0,0.0,0.0,
2333987,226642,62863,0,0,2.0,,2.0,8.0,5.0,1.0,,true,80.0,6.0,F,7.3,false,,0.0,,,,20,1.0,27.0,,0,,0,,,1.0,,,1.0
2019451,218447,58888,0,0,,1.0,,7.0,3.0,1.0,2.0,false,72.0,10.0,M,7.2,false,,0.0,,,,39,3.0,43.0,,0,,0,,,,1.0,2.0,1.0
1470063,206481,53156,0,0,,,,2.0,1.0,1.0,,false,33.0,9.0,F,6.3,true,0.0,0.0,,,,6,,8.0,,0,,0,,,,,,
696369,188534,1771,0,0,3.0,,3.0,10.0,6.0,0.0,2.0,false,20.0,24.0,M,7.3,false,,0.0,,,,71%,0.0,10.0,,0,,0,,1.0,1.0,1.0,0.0,1.0
9825208,365564,45929,0,0,,,,3.0,2.0,1.0,,false,59.0,18.0,D,7.2,false,0.0,0.0,,,,50,,51.0,,0,,0,,,,,,2.0
2653080,234360,66530,0,0,,,,,,,,false,,16.0,G,,true,,0.0,,,,,,,,0,,0,,,,,,
2361797,227342,62452,0,0,1.0,1.0,,7.0,3.0,,,true,94.0,21.0,D,6.7,false,,0.0,,,,10,,15.0,,0,,0,,,,2.0,1.0,2.0
4007364,265028,83778,0,0,,,,1.0,,,,false,15.0,9.0,M,6.6,true,0.0,0.0,,,,3,,3.0,,0,,0,,,1.0,,,
9646900,359143,36474,0,1,1.0,1.0,,12.0,6.0,2.0,1.0,false,90.0,16.0,D,7.6,false,1.0,0.0,,,,42,1.0,55.0,,0,,0,,,,,1.0,1.0
2699938,24813,67641,0,0,2.0,,,4.0,2.0,,1.0,false,15.0,17.0,F,6.6,true,0.0,0.0,,,,8,,9.0,,0,,0,,,,1.0,,1.0
9531983,156622,120540,0,0,1.0,1.0,1.0,10.0,6.0,,3.0,false,45.0,6.0,F,6.9,false,,0.0,,,,4,,6.0,,0,,0,,1.0,1.0,,,1.0
831766,191519,43658,0,0,0.0,,0.0,,,1.0,0.0,false,90.0,18.0,D,6.8,false,,0.0,,,,83%,0.0,45.0,,0,,0,,0.0,0.0,1.0,2.0,1.0
915762,193310,46592,0,0,2.0,,1.0,8.0,6.0,,1.0,false,90.0,21.0,D,6.5,false,0.0,0.0,,,,46,1.0,62.0,,0,,0,,,,,1.0,
2970680,242051,58965,0,0,1.0,1.0,,9.0,3.0,1.0,1.0,false,90.0,12.0,M,6.9,false,,0.0,,,,29,2.0,40.0,,0,,0,,1.0,1.0,2.0,,1.0
1614574,209752,54734,0,1,4.0,1.0,3.0,11.0,6.0,1.0,2.0,false,45.0,33.0,F,6.9,true,,0.0,,,,12,,19.0,,0,,0,,1.0,1.0,,,1.0
520193,184254,43610,0,1,4.0,2.0,3.0,14.0,7.0,2.0,1.0,false,90.0,18.0,M,6.9,false,,0.0,,,,35,,41.0,,0,,0,,1.0,1.0,1.0,2.0,2.0
1290049,202312,50577,0,0,,,,,,,,false,,3.0,D,,true,,0.0,,,,,,,,0,,0,,,,,,
4382732,272452,89806,0,0,0.0,1.0,0.0,9.0,6.0,2.0,1.0,false,90.0,23.0,M,7.2,false,,,,1.0,,66%,0.0,20.0,,0,,0,,1.0,1.0,0.0,0.0,2.0
860829,192327,18839,0,0,,,,,,,,false,,1.0,G,,true,,0.0,,,,,,,,0,,0,,,,,,
4307881,270735,87987,0,0,,,,1.0,1.0,,,false,90.0,1.0,G,6.2,false,,3.0,2.0,,,26,,35.0,,0,0.0,0,,,,,,
8523402,124427,61819,0,0,,,,1.0,,,,false,8.0,11.0,F,6.5,true,,0.0,,,,3,,3.0,,0,,0,,,,,,
3951965,263644,83801,0,0,,,,5.0,2.0,2.0,1.0,false,61.0,15.0,F,6.9,false,,0.0,,,,19,,29.0,,0,,0,,1.0,2.0,,,1.0
3610370,256938,78845,0,0,,1.0,,11.0,6.0,3.0,2.0,false,90.0,2.0,D,6.5,false,0.0,0.0,,,,18,1.0,26.0,,0,,0,,,,,1.0,3.0
4081681,138070,84499,0,0,1.0,3.0,1.0,8.0,3.0,2.0,,false,90.0,14.0,D,6.3,false,,0.0,,,,27,2.0,39.0,,0,,0,,,1.0,,1.0,1.0
727727,189351,18307,0,1,,,,18.0,6.0,3.0,2.0,false,90.0,14.0,F,7.2,false,,0.0,,1.0,1.0,11,,17.0,,0,,1,,1.0,2.0,1.0,,
3804255,42557,81957,0,0,,,,,,,,false,,32.0,F,,true,,0.0,,,,,,,,0,,0,,,,,,
1060315,7767,1860,0,0,,,,,,,,false,,21.0,G,,true,,0.0,,,,,,,,0,,0,,,,,,
3815509,138786,81916,0,1,2.0,1.0,,25.0,8.0,6.0,,false,90.0,7.0,F,6.3,false,1.0,0.0,,,1.0,12,1.0,20.0,,0,,0,,2.0,4.0,,,4.0
4694998,95912,92639,0,0,1.0,,1.0,2.0,2.0,,,false,19.0,28.0,F,6.9,true,,0.0,,,1.0,8,,10.0,,0,,0,,,1.0,,,
9553713,155244,1851,0,0,,,,,,,,false,,6.0,D,,true,,0.0,,,,,,,,0,,0,,,,,,
3066792,244341,49259,0,0,0.0,,0.0,13.0,9.0,2.0,0.0,false,90.0,4.0,D,6.8,false,,,,,,55%,0.0,25.0,,0,,0,,0.0,0.0,,2.0,
9826958,365607,43839,0,1,1.0,,1.0,7.0,3.0,1.0,1.0,false,90.0,14.0,M,6.7,false,0.0,0.0,,,,33,,39.0,,0,,0,,,,,,1.0
6864616,102344,130596,0,1,2.0,,2.0,10.0,5.0,3.0,2.0,false,32.0,22.0,F,6.9,true,,0.0,,,,5,,8.0,,0,,0,,,,,,1.0
7229724,94004,77970,0,0,,,,,,,,false,1.0,96.0,M,,true,,0.0,,,,5,,6.0,,0,,0,,,,,,
3735660,260270,18332,0,0,0.0,1.0,0.0,5.0,3.0,,,false,90.0,32.0,D,6.5,false,,,,,,87%,0.0,43.0,,0,,0,,0.0,0.0,1.0,0.0,
4414334,61705,63341,0,0,,1.0,,6.0,3.0,,,false,90.0,24.0,D,7.3,false,,0.0,,,,43,,49.0,,0,,0,,,1.0,1.0,,3.0
7536519,135653,141705,0,0,,,,1.0,1.0,,,true,90.0,16.0,G,7.3,false,0.0,0.0,1.0,,,24,,34.0,,0,0.0,0,,,,,,
7599357,327859,44576,0,0,,,,,,,,false,,3.0,D,,true,,0.0,,,,,,,,0,,0,,,,,,
3080754,244725,73210,0,0,0.0,,0.0,11.0,6.0,1.0,0.0,false,90.0,12.0,D,6.9,false,,,,,,57%,0.0,15.0,,0,,0,,0.0,0.0,,3.0,
3465458,253960,54498,0,0,2.0,2.0,1.0,13.0,8.0,0.0,0.0,false,90.0,25.0,M,7.1,false,,,,,,91%,3.0,56.0,,0,,0,,0.0,1.0,,0.0,
2126317,221296,59000,0,1,0.0,2.0,0.0,13.0,8.0,1.0,1.0,false,90.0,33.0,D,7.6,false,,,,,,86%,2.0,51.0,,0,,0,,0.0,0.0,,5.0,
2691452,24622,67568,0,0,,,,,,,,false,,9.0,F,,true,,0.0,,,,,,,,0,,0,,,,,,
1751196,14295,55557,0,0,,,,8.0,4.0,1.0,1.0,false,77.0,17.0,D,6.6,false,,0.0,,,,30,,35.0,,0,,0,,,,,,3.0
4660442,96864,93734,0,1,2.0,2.0,,13.0,6.0,1.0,,false,73.0,22.0,D,6,false,,0.0,,,,12,1.0,21.0,,0,,0,,,,,,3.0
1947103,216514,58142,0,0,4.0,2.0,3.0,19.0,9.0,1.0,1.0,false,90.0,14.0,F,7.1,false,,,,,,75%,3.0,27.0,,0,,0,,1.0,4.0,,1.0,
1931870,216091,58518,0,0,0.0,1.0,0.0,9.0,5.0,2.0,1.0,false,90.0,21.0,D,6.8,false,,,,,,74%,0.0,23.0,,0,,0,,0.0,1.0,,1.0,
930450,193717,44145,0,0,1.0,,,6.0,1.0,2.0,,false,68.0,45.0,F,6.7,false,0.0,0.0,,,,22,,27.0,,0,,0,,,,,,1.0
4762653,279444,81750,0,0,4.0,,3.0,15.0,13.0,,3.0,false,90.0,5.0,M,7.3,false,0.0,0.0,,,,44,,57.0,,0,,0,,,1.0,,4.0,1.0
2050620,218957,43969,0,0,2.0,1.0,,4.0,1.0,,1.0,false,18.0,14.0,F,6.5,true,0.0,0.0,,,,3,,4.0,,0,,0,,,,,1.0,
2518314,231206,64896,0,0,,1.0,,1.0,,,,false,27.0,27.0,D,6.3,true,,0.0,,,,2,,3.0,,0,,0,,,,1.0,,
8575849,123383,159419,0,0,1.0,,,6.0,3.0,,1.0,false,86.0,23.0,M,7.9,false,1.0,0.0,,,,24,4.0,29.0,,0,,0,,2.0,2.0,1.0,1.0,2.0
5654240,127165,108468,0,0,2.0,,2.0,10.0,4.0,,,false,97.0,37.0,M,7.3,false,,0.0,,1.0,,22,1.0,22.0,,0,,0,,2.0,3.0,,1.0,2.0
856198,192198,46330,0,0,,,,,,,,false,,17.0,F,,true,,0.0,,,,,,,,0,,0,,,,,,
4471470,274717,90697,0,1,1.0,,1.0,13.0,4.0,2.0,1.0,false,90.0,5.0,D,6.7,false,,0.0,,,1.0,61,1.0,64.0,,0,,0,,,,,1.0,
1179486,200057,48900,0,0,1.0,,1.0,12.0,5.0,0.0,2.0,false,73.0,2.0,F,6.8,false,,,,,,78%,3.0,11.0,,0,,0,,0.0,1.0,0.0,0.0,
3617760,257099,49088,0,0,,,,,,,,false,21.0,10.0,M,6.7,true,0.0,0.0,,,,15,,17.0,,0,,0,,,,,,
4300952,270576,88700,0,0,1.0,,,5.0,3.0,1.0,,true,90.0,44.0,D,6.3,false,,0.0,,,,23,1.0,31.0,,0,,0,,1.0,2.0,,2.0,3.0
1956628,216779,58731,0,0,0.0,,0.0,0.0,0.0,0.0,0.0,false,90.0,1.0,G,6.4,false,,1.0,0.0,,,68%,0.0,13.0,,0,0.0,0,,0.0,0.0,,0.0,
9578597,158990,130694,0,0,4.0,1.0,2.0,11.0,8.0,,4.0,false,35.0,11.0,D,6.6,true,,0.0,,,,17,,20.0,,0,,0,,,1.0,,,
4297492,270494,88620,0,0,,,,,,,,false,,78.0,M,,true,,0.0,,,,,,,,0,,0,,,,,,
5586235,125490,103653,0,0,,2.0,,11.0,7.0,1.0,3.0,false,90.0,23.0,D,6.5,false,,0.0,,,,33,,40.0,,0,,0,,,,,,3.0
9037253,157541,88635,0,0,,,,6.0,1.0,,1.0,false,73.0,11.0,F,6.9,false,,0.0,,,2.0,11,,12.0,,0,,0,,1.0,1.0,,,
1077495,197238,19154,0,1,,,,1.0,,1.0,,false,90.0,1.0,G,6.3,false,0.0,1.0,1.0,,,20,,41.0,1.0,0,0.0,0,,,,,,
988897,195324,42419,0,1,3.0,,,13.0,3.0,1.0,,false,45.0,9.0,F,6.2,true,,0.0,,,,9,,11.0,,0,,0,,2.0,3.0,,,
9097839,159910,126926,0,0,,,,,,,,false,90.0,23.0,G,8.3,false,,0.0,6.0,,,7,,20.0,,0,0.0,0,,,,,,
4266485,269755,87836,0,0,0.0,,0.0,1.0,1.0,0.0,0.0,false,90.0,31.0,G,7.2,false,,1.0,4.0,,,41%,0.0,12.0,,0,0.0,0,,0.0,0.0,0.0,0.0,
2189869,223060,58859,0,0,1.0,2.0,1.0,11.0,6.0,2.0,1.0,false,81.0,21.0,M,7.3,false,,0.0,,,,36,1.0,42.0,,0,,0,,,,,1.0,3.0
4412039,61641,89595,0,0,,1.0,,8.0,3.0,1.0,,true,90.0,2.0,D,6.5,false,,0.0,,,,20,,28.0,,0,,0,,1.0,1.0,1.0,4.0,1.0
8560102,123776,66241,0,0,4.0,2.0,2.0,18.0,10.0,1.0,3.0,false,90.0,30.0,M,7.3,false,,0.0,,,,47,1.0,50.0,,0,,0,1.0,,,,2.0,3.0
490533,183444,43054,0,0,1.0,1.0,1.0,4.0,2.0,1.0,0.0,false,90.0,24.0,M,6.8,false,,,,,,90%,0.0,46.0,,0,,0,,0.0,0.0,0.0,0.0,
3277986,249395,35746,0,0,1.0,1.0,,7.0,2.0,1.0,1.0,false,90.0,18.0,M,6.5,false,,0.0,,,,30,1.0,33.0,,0,,0,,,,,1.0,
1657215,210689,52593,0,0,1.0,1.0,,11.0,7.0,1.0,2.0,false,90.0,17.0,D,7.3,false,,0.0,,,,9,2.0,14.0,,0,,0,,,,,2.0,3.0
6331053,98090,119887,0,0,1.0,1.0,1.0,3.0,2.0,,1.0,false,67.0,3.0,D,7.3,false,,0.0,,1.0,,31,,36.0,,0,,0,,1.0,1.0,1.0,,
1263966,10105,49858,0,0,5.0,2.0,2.0,15.0,7.0,1.0,1.0,false,80.0,11.0,M,6.6,false,,0.0,,,,17,1.0,21.0,,0,,0,,,4.0,,,2.0
2317429,226224,35801,0,0,0.0,1.0,0.0,,,0.0,0.0,false,86.0,20.0,D,6.7,false,,0.0,,,,79%,0.0,43.0,,0,,0,,0.0,0.0,0.0,0.0,3.0
469861,182869,1193,0,0,0.0,,0.0,0.0,0.0,0.0,0.0,false,9.0,5.0,D,6.6,false,,0.0,,,,100%,0.0,3.0,,0,,0,,0.0,0.0,0.0,1.0,
2273038,224996,62213,0,0,0.0,,0.0,12.0,5.0,1.0,2.0,false,90.0,23.0,D,6.7,false,,,,,,77%,1.0,27.0,,0,,0,,1.0,2.0,,2.0,
