id,api_football_id,date_utc,league_id,home_team_id,away_team_id,goals_home,goals_away,status,referee_name,referee_api_id,created_at,updated_at,in_csv,in_pq,merged_rows,merged_football_data,status_norm,is_played,calendar_year,btts
113424,1093942,2024-03-10 14:00:00,59,1268,1269,3,1,FT,Ə. Ağayev,,2026-02-27 00:01:51.060209,2026-03-07 22:02:53.242675,true,true,0,false,FT,true,2024,true
117868,1231466,2024-09-14 13:00:00,65,1344,1378,0,1,FT,José Rodrigues,,2026-02-27 00:01:51.060209,2026-03-06 23:59:17.404994,true,true,0,false,FT,true,2024,false
596813,,2021-07-31 00:00:00,104,5959,415,1,1,FT,C Fordyce,,2026-03-23 22:09:29.781116,2026-03-23 22:09:29.781116,true,false,0,false,FT,true,2021,true
288391,723068,2022-01-28 18:00:00,32,863,869,3,1,FT,I. Călin,,2026-02-27 00:01:51.060209,2026-03-10 11:57:51.583458,true,true,1,true,FT,true,2022,true
324118,1419588,2025-09-12 19:00:00,58,1091,1099,1,0,FT,,,2026-02-27 00:01:51.060209,2026-07-04 23:56:56.280444,true,true,0,false,FT,true,2025,false
581963,,2018-11-11 00:00:00,76,466,468,4,2,FT,,,2026-03-11 00:06:18.776628,2026-03-11 00:06:18.776628,true,false,1,true,FT,true,2018,true
619061,1168931,2024-07-19 23:00:00,126,4615,4614,0,1,FT,,,2026-03-23 22:33:26.303449,2026-03-23 22:33:26.303449,true,false,0,false,FT,true,2024,false
316298,137650,2018-01-14 17:00:00,52,1762,1769,1,0,FT,,,2026-02-27 00:01:51.060209,2026-02-27 00:01:51.060209,true,true,0,false,FT,true,2018,false
589417,,2020-10-09 00:00:00,57,456,433,0,2,FT,,,2026-03-15 05:52:58.39255,2026-03-15 05:52:58.39255,true,false,0,false,FT,true,2020,false
216100,185711,2015-12-05 19:00:00,9,220,212,2,3,FT,,,,,false,true,0,false,FT,true,2015,true
220842,339794,2016-03-07 19:30:00,10,215,222,2,1,FT,,,,,false,true,0,false,FT,true,2016,true
318765,1384330,2026-02-03 16:30:00,55,1258,1260,2,1,FT,,,2026-02-27 00:01:51.060209,2026-07-04 23:56:56.280444,true,true,0,false,FT,true,2026,true
146359,880189,2022-10-08 14:00:00,36,1803,1800,1,0,FT,M. Zelinka,,2026-02-27 00:01:51.060209,2026-03-07 22:34:11.548067,true,true,0,false,FT,true,2022,false
330201,117678,2018-08-05 18:00:00,63,1310,1333,1,2,FT,,,2026-02-27 00:01:51.060209,2026-02-27 00:01:51.060209,true,true,0,false,FT,true,2018,true
608338,1037873,2024-04-12 18:30:00,113,6072,6064,0,2,FT,,,2026-03-23 22:32:13.893908,2026-03-23 22:32:13.893908,true,false,0,false,FT,true,2024,false
169917,193284,2014-01-29 19:45:00,1,43,36,1,0,FT,,,,,false,true,0,false,FT,true,2014,false
604451,1261610,2025-04-14 11:00:00,107,5996,5994,1,1,FT,İ. Avcı,,2026-03-23 22:31:35.125149,2026-03-23 22:59:56.644078,true,false,0,false,FT,true,2025,true
100185099,185099,2018-10-03 21:00:00,100000396,100004648,100004640,5,1,FT,,,2026-07-04 23:56:56.452874,2026-07-04 23:56:56.452874,false,false,0,false,FT,true,2018,true
330495,159197,2019-08-04 18:00:00,63,1313,1325,1,0,FT,,,2026-02-27 00:01:51.060209,2026-02-27 00:01:51.060209,true,true,0,false,FT,true,2019,false
161842,766561,2021-08-24 18:45:00,96,15,70,3,1,FT,W. Finnie,,2026-02-27 00:01:51.060209,2026-03-10 12:07:54.670089,true,true,0,false,FT,true,2021,true
100325214,325214,2020-06-27 23:30:00,100000256,100010097,100004072,,,PST,,,2026-07-04 23:56:56.452874,2026-07-04 23:56:56.452874,false,false,0,false,PST,false,2020,
100551167,551167,2015-04-19 17:00:00,100000338,100013894,100003641,1,0,FT,,,2026-07-04 23:56:56.452874,2026-07-04 23:56:56.452874,false,false,0,false,FT,true,2015,false
101019824,1019824,2023-06-04 13:00:00,100000363,100004120,100004112,2,3,FT,,,2026-07-04 23:56:56.452874,2026-07-04 23:56:56.452874,false,false,0,false,FT,true,2023,true
112799,723174,2021-09-22 15:00:00,55,1257,1252,0,2,FT,M. Matoša,,2026-02-27 00:01:51.060209,2026-03-10 12:05:57.25364,true,true,0,false,FT,true,2021,false
101541062,1541062,2026-05-16 12:00:00,100000363,100004111,100004126,0,0,FT,,,2026-07-04 23:56:56.452874,2026-07-04 23:56:56.452874,false,false,0,false,FT,true,2026,false
63304,,2019-03-09 00:00:00,26,651,643,3,1,FT,,,2026-02-27 00:01:51.060209,2026-02-27 00:01:51.060209,true,true,0,false,FT,true,2019,true
334326,433987,2012-11-11 21:00:00,67,1784,1781,0,2,FT,,,,,false,true,0,false,FT,true,2012,false
133343,836942,2022-05-26 16:30:00,40,1614,1624,1,3,FT,Mohamed Adel,,2026-02-27 00:01:51.060209,2026-03-10 11:49:20.32235,true,true,0,false,FT,true,2022,true
338373,1510215,2026-01-27 13:00:00,69,1703,1695,1,0,FT,,,2026-02-27 00:01:51.060209,2026-07-04 23:56:56.280444,true,true,0,false,FT,true,2026,false
85788,,2019-11-02 00:00:00,32,841,866,3,0,FT,,,2026-02-27 00:01:51.060209,2026-02-27 00:01:51.060209,true,true,0,false,FT,true,2019,false
256938,1180604,2024-09-01 21:30:00,19,961,433,1,3,FT,Marcelo de Lima Henrique,,2026-02-27 00:01:51.060209,2026-03-07 21:52:09.503438,true,true,1,true,FT,true,2024,true
101016923,1016923,2023-04-22 16:00:00,100000291,100019966,100010387,1,0,FT,,,2026-07-04 23:56:56.452874,2026-07-04 23:56:56.452874,false,false,0,false,FT,true,2023,false
629332,1468549,2025-10-11 15:00:00,141,6444,6437,0,0,FT,,,2026-03-23 22:34:54.93884,2026-07-04 23:56:56.280444,true,false,0,false,FT,true,2025,false
101322235,1322235,2025-04-05 06:00:00,100000833,100010222,100011182,0,0,FT,,,2026-07-04 23:56:56.452874,2026-07-04 23:56:56.452874,false,false,0,false,FT,true,2025,false
100478710,478710,2011-09-28 11:40:00,100000588,100012539,100012530,2,3,FT,,,2026-07-04 23:56:56.452874,2026-07-04 23:56:56.452874,false,false,0,false,FT,true,2011,true
302270,108670,2017-09-29 13:15:00,41,1539,1538,4,0,FT,,,2026-02-27 00:01:51.060209,2026-02-27 00:01:51.060209,true,true,0,false,FT,true,2017,false
525161,,2018-05-27 00:00:00,38,569,4393,4,0,FT,,,2026-03-11 00:00:42.195406,2026-03-11 00:00:42.195406,true,false,1,true,FT,true,2018,false
221312,7627,2017-05-12 18:30:00,10,245,227,0,0,FT,,,2026-02-27 00:01:51.060209,2026-02-27 00:01:51.060209,true,true,0,false,FT,true,2017,false
195753,717403,2021-08-28 14:00:00,4,86,81,3,0,FT,B. Speedie,,2026-02-27 00:01:51.060209,2026-03-10 12:07:40.849328,true,true,1,true,FT,true,2021,false
338743,115126,2019-02-10 15:00:00,70,1440,347,3,1,FT,,,2026-02-27 00:01:51.060209,2026-02-27 00:01:51.060209,true,true,0,false,FT,true,2019,true
100131151,131151,2019-03-16 07:00:00,100000191,100003760,100003762,1,3,FT,,,2026-07-04 23:56:56.452874,2026-07-04 23:56:56.452874,false,false,0,false,FT,true,2019,true
81683,,2017-05-27 00:00:00,31,803,796,5,1,FT,,,2026-02-27 00:01:51.060209,2026-02-27 00:01:51.060209,true,true,0,false,FT,true,2017,true
119790,590975,2020-10-03 17:15:00,66,1390,1391,0,0,FT,,,2026-02-27 00:01:51.060209,2026-02-27 00:01:51.060209,true,true,0,false,FT,true,2020,false
271743,392941,2015-08-11 16:30:00,25,4418,619,1,4,FT,,,,,false,true,2,true,FT,true,2015,true
231781,200278,2012-08-11 18:45:00,13,304,1476,1,1,FT,,,,,false,true,0,false,FT,true,2012,true
100501789,501789,2014-05-03 13:15:00,100000269,1060,4608,1,0,FT,,,2026-07-04 23:56:56.452874,2026-07-04 23:56:56.452874,false,false,0,false,FT,true,2014,false
293697,555318,2014-12-17 15:15:00,35,1818,1822,1,0,FT,,,,,false,true,0,false,FT,true,2014,false
252524,191271,2012-07-22 19:00:00,19,433,960,4,1,FT,,,,,false,true,0,false,FT,true,2012,true
35912,,2020-11-07 00:00:00,19,446,455,2,1,FT,,,2026-02-27 00:01:51.060209,2026-02-27 00:01:51.060209,true,true,0,false,FT,true,2020,true
101359912,1359912,2025-04-29 18:00:00,100001097,100002225,100010690,3,3,FT,,,2026-07-04 23:56:56.452874,2026-07-04 23:56:56.452874,false,false,0,false,FT,true,2025,true
100377172,377172,2012-10-06 18:30:00,100000131,6249,729,4,0,FT,,,2026-07-04 23:56:56.452874,2026-07-04 23:56:56.452874,false,false,0,false,FT,true,2012,false
100071234,71234,2016-08-10 20:00:00,100000165,5181,100002119,2,0,FT,,,2026-07-04 23:56:56.452874,2026-07-04 23:56:56.452874,false,false,0,false,FT,true,2016,false
100961,1003355,2023-03-09 22:30:00,51,1059,1053,0,3,FT,P. Giménez,,2026-02-27 00:01:51.060209,2026-03-07 22:25:54.808441,true,true,0,false,FT,true,2023,false
151187,1274820,2024-08-14 14:00:00,91,1866,1897,6,1,FT,A. Karaoğlan,,2026-02-27 00:01:51.060209,2026-03-07 21:53:46.192183,true,true,0,false,FT,true,2024,true
279681,24821,2016-04-06 16:30:00,29,4452,746,3,2,FT,,,,,false,true,0,false,FT,true,2016,true
84535,,2015-04-17 00:00:00,32,841,858,2,2,FT,,,,,false,true,1,true,FT,true,2015,true
100523427,523427,2016-10-01 11:00:00,100000247,4513,100009204,4,1,FT,,,2026-07-04 23:56:56.452874,2026-07-04 23:56:56.452874,false,false,0,false,FT,true,2016,true
240620,188349,2016-05-22 12:30:00,15,357,354,0,0,FT,,,,,false,true,0,false,FT,true,2016,false
524718,,2017-06-25 00:00:00,38,555,573,1,4,FT,,,2026-03-11 00:00:42.195406,2026-03-11 00:00:42.195406,true,false,1,true,FT,true,2017,true
622846,1348756,2025-05-28 16:00:00,131,1957,1950,0,2,FT,,,2026-03-23 22:33:58.603327,2026-07-04 23:56:56.280444,true,false,0,false,FT,true,2025,false
27853,,2022-08-27 00:00:00,15,364,354,0,4,FT,,,2026-02-27 00:01:51.060209,2026-02-27 00:01:51.060209,true,true,0,false,FT,true,2022,false
100550722,550722,2016-02-28 21:00:00,100000338,100013900,100013902,1,0,FT,,,2026-07-04 23:56:56.452874,2026-07-04 23:56:56.452874,false,false,0,false,FT,true,2016,false
23942,,2020-10-25 00:00:00,12,292,276,1,1,FT,,,2026-02-27 00:01:51.060209,2026-02-27 00:01:51.060209,true,true,0,false,FT,true,2020,true
334350,433721,2013-08-25 22:00:00,67,1778,1784,3,3,FT,,,,,false,true,0,false,FT,true,2013,true
357757,451335,2012-09-08 14:00:00,95,2582,86,0,4,FT,,,,,false,true,0,false,FT,true,2012,false
588648,,2026-03-02 00:00:00,76,480,487,2,4,FT,,,2026-03-11 00:06:18.776628,2026-03-11 00:06:18.776628,true,false,0,false,FT,true,2026,true
100475432,475432,2015-05-19 13:00:00,100000585,100006422,100012468,0,1,FT,,,2026-07-04 23:56:56.452874,2026-07-04 23:56:56.452874,false,false,0,false,FT,true,2015,false
617488,1498366,2026-03-15 20:00:00,125,6234,6245,1,1,FT,,,2026-03-23 22:33:18.573863,2026-07-04 23:56:56.280444,true,false,0,false,FT,true,2026,true
273922,32795,2018-05-13 14:00:00,26,645,639,4,1,FT,,,2026-02-27 00:01:51.060209,2026-02-27 00:01:51.060209,true,true,1,true,FT,true,2018,true
266069,120391,2018-09-01 22:00:00,22,528,4388,4,1,FT,,,2026-02-27 00:01:51.060209,2026-02-27 00:01:51.060209,true,true,1,true,FT,true,2018,true
101549830,1549830,2026-10-18 20:00:00,46,4573,981,,,NS,,,2026-07-04 23:56:56.452874,2026-07-04 23:56:56.452874,false,false,0,false,NS,false,2026,
100673487,673487,2021-09-04 08:00:00,100000191,100016399,100003753,0,4,FT,,,2026-07-04 23:56:56.452874,2026-07-04 23:56:56.452874,false,false,0,false,FT,true,2021,false
255664,328231,2020-12-12 22:00:00,19,2789,437,3,0,FT,Rafael Traci,,2026-02-27 00:01:51.060209,2026-03-10 12:25:53.808063,true,true,1,true,FT,true,2020,false
224699,194947,2014-10-25 13:30:00,11,256,259,2,0,FT,,,,,false,true,0,false,FT,true,2014,false
100671984,671984,2020-08-25 00:00:00,100000802,5901,100016380,,,CANC,,,2026-07-04 23:56:56.452874,2026-07-04 23:56:56.452874,false,false,0,false,CANC,false,2020,
228728,556830,2015-03-06 17:30:00,12,277,263,2,2,FT,,,,,false,true,0,false,FT,true,2015,true
100551074,551074,2015-02-22 18:00:00,100000338,100013894,100013901,5,1,FT,,,2026-07-04 23:56:56.452874,2026-07-04 23:56:56.452874,false,false,0,false,FT,true,2015,true
100652575,652575,2021-01-30 17:00:00,100000392,100004607,100004612,0,3,FT,,,2026-07-04 23:56:56.452874,2026-07-04 23:56:56.452874,false,false,0,false,FT,true,2021,false
112910,723285,2022-04-25 15:30:00,55,1263,1251,0,6,FT,D. Balažič,,2026-02-27 00:01:51.060209,2026-03-10 11:51:36.736787,true,true,0,false,FT,true,2022,false
307926,41220,2018-04-21 20:15:00,46,990,992,0,0,FT,,,2026-02-27 00:01:51.060209,2026-02-27 00:01:51.060209,true,true,0,false,FT,true,2018,false
162793,1021523,2023-05-03 18:45:00,98,262,270,2,3,FT,D. Schlager,,2026-02-27 00:01:51.060209,2026-03-07 22:21:44.053133,true,true,0,false,FT,true,2023,true
101541030,1541030,2026-04-30 12:00:00,100000363,100026881,100004117,0,0,FT,,,2026-07-04 23:56:56.452874,2026-07-04 23:56:56.452874,false,false,0,false,FT,true,2026,false
601695,1221122,2024-08-24 14:00:00,104,5960,4362,0,1,FT,,,2026-03-23 22:31:20.110256,2026-03-23 22:31:20.110256,true,false,0,false,FT,true,2024,false
101352566,1352566,2025-03-02 21:00:00,100000711,100021114,100005639,3,0,FT,B. Pavez,,2026-07-04 23:56:56.452874,2026-07-04 23:56:56.452874,false,false,0,false,FT,true,2025,false
101574731,1574731,2026-09-12 17:30:00,119,3565,3617,,,NS,,,2026-07-04 23:56:56.452874,2026-07-04 23:56:56.452874,false,false,0,false,NS,false,2026,
380190,1523143,2026-05-10 12:00:00,31,830,4486,3,1,FT,,,2026-02-27 00:01:51.060209,2026-07-04 23:56:56.280444,true,false,0,false,FT,true,2026,true
101367471,1367471,2025-04-05 10:00:00,100000277,100019485,6493,0,0,FT,,,2026-07-04 23:56:56.452874,2026-07-04 23:56:56.452874,false,false,0,false,FT,true,2025,false
100485974,485974,2016-04-04 18:00:00,100000598,100012664,100012683,1,0,FT,,,2026-07-04 23:56:56.452874,2026-07-04 23:56:56.452874,false,false,0,false,FT,true,2016,false
346885,156487,2016-07-17 00:30:00,76,1743,1731,2,1,FT,,,,,false,true,0,false,FT,true,2016,true
375240,1495745,2026-08-01 12:00:00,33,4504,877,,,NS,,,2026-02-27 00:01:51.060209,2026-07-04 23:56:56.280444,true,false,0,false,NS,false,2026,
295469,129861,2019-05-04 18:00:00,36,1793,1797,0,0,FT,,,2026-02-27 00:01:51.060209,2026-02-27 00:01:51.060209,true,true,0,false,FT,true,2019,false
189719,874682,2022-08-01 19:00:00,2,24,11,1,0,FT,J. Smith,,2026-02-27 00:01:51.060209,2026-03-10 11:46:45.479574,true,true,1,true,FT,true,2022,false
100605543,605543,2021-04-24 09:00:00,100000668,100014838,100014837,,,CANC,,,2026-07-04 23:56:56.452874,2026-07-04 23:56:56.452874,false,false,0,false,CANC,false,2021,
573367,,2017-06-25 00:00:00,75,803,795,4,1,FT,,,2026-03-11 00:05:42.719571,2026-03-11 00:05:42.719571,true,false,1,true,FT,true,2017,true
101571616,1571616,2026-11-07 16:00:00,123,6187,6196,,,NS,,,2026-07-04 23:56:56.452874,2026-07-04 23:56:56.452874,false,false,0,false,NS,false,2026,
225414,16848,2017-02-03 19:30:00,11,278,260,1,0,FT,,,2026-02-27 00:01:51.060209,2026-02-27 00:01:51.060209,true,true,0,false,FT,true,2017,false
318055,159441,2019-08-17 16:00:00,54,1239,1240,1,2,FT,,,2026-02-27 00:01:51.060209,2026-02-27 00:01:51.060209,true,true,0,false,FT,true,2019,true
101525265,1525265,2026-07-07 23:00:00,100000256,100004031,100004100,,,NS,,,2026-07-04 23:56:56.452874,2026-07-04 23:56:56.452874,false,false,0,false,NS,false,2026,
331161,145789,2016-09-24 22:45:00,64,1124,4682,2,0,FT,,,,,false,true,0,false,FT,true,2016,false
179198,463437,2013-04-20 14:00:00,4,2688,2702,1,0,FT,,,,,false,true,0,false,FT,true,2013,false
100999078,999078,2023-09-02 13:00:00,100000245,100009173,100009187,4,4,FT,M. Haapakoski,,2026-07-04 23:56:56.452874,2026-07-04 23:56:56.452874,false,false,0,false,FT,true,2023,true
205342,878340,2022-08-21 15:30:00,6,140,125,1,0,FT,Rubén Ávalos,,2026-02-27 00:01:51.060209,2026-03-10 11:45:10.764882,true,true,1,true,FT,true,2022,false
590075,,2021-05-15 00:00:00,28,710,1097,0,0,FT,,,2026-03-22 05:16:06.604288,2026-03-22 05:16:06.604288,true,false,0,false,FT,true,2021,false
100227914,227914,2018-06-17 14:30:00,100000411,100005401,100005412,4,1,FT,,,2026-07-04 23:56:56.452874,2026-07-04 23:56:56.452874,false,false,0,false,FT,true,2018,true
312435,75205,2018-09-01 16:00:00,48,1648,4592,2,1,FT,,,2026-02-27 00:01:51.060209,2026-02-27 00:01:51.060209,true,true,0,false,FT,true,2018,true
283292,116215,2018-09-21 17:00:00,30,789,4464,1,0,FT,,,2026-02-27 00:01:51.060209,2026-02-27 00:01:51.060209,true,true,1,true,FT,true,2018,false
594343,,2020-01-01 00:00:00,103,2656,93,0,2,FT,A Jackson,,2026-03-23 22:07:53.870239,2026-03-23 22:07:53.870239,true,false,0,false,FT,true,2020,false
100852917,852917,2022-05-28 19:00:00,100000711,100005645,100016731,1,1,FT,G. Philippe,,2026-07-04 23:56:56.452874,2026-07-04 23:56:56.452874,false,false,0,false,FT,true,2022,true
100237636,237636,2020-05-02 22:00:00,100000142,100001918,100001919,,,CANC,,,2026-07-04 23:56:56.452874,2026-07-04 23:56:56.452874,false,false,0,false,CANC,false,2020,
18208,1045166,2024-05-04 13:00:00,9,218,223,3,1,FT,J. Brisard,,2026-02-27 00:01:51.060209,2026-03-07 21:58:23.726944,true,true,0,false,FT,true,2024,true
339477,542356,2015-11-01 10:00:00,71,4710,4716,2,1,FT,,,,,false,true,0,false,FT,true,2015,true
542419,,2024-08-10 00:00:00,46,656,683,1,0,FT,,,2026-03-11 00:02:05.589521,2026-03-11 00:02:05.589521,true,false,1,true,FT,true,2024,false
326484,1429559,2025-11-02 13:30:00,60,1672,1679,2,0,FT,Mokhele Thulo,,2026-02-27 00:01:51.060209,2026-07-04 23:56:56.280444,true,true,0,false,FT,true,2025,false
101484755,1484755,2025-11-05 20:30:00,100000501,1031,1034,2,1,FT,,,2026-07-04 23:56:56.452874,2026-07-04 23:56:56.452874,false,false,0,false,FT,true,2025,true
101380709,1380709,2025-07-03 22:00:00,100000964,1101,1104,0,1,FT,Bruno Vera,,2026-07-04 23:56:56.452874,2026-07-04 23:56:56.452874,false,false,0,false,FT,true,2025,false
140493,566032,2020-07-12 03:20:00,20,485,462,0,4,FT,,,2026-02-27 00:01:51.060209,2026-02-27 00:01:51.060209,true,true,1,true,FT,true,2020,false
262428,141867,2016-08-27 10:00:00,21,493,495,2,1,FT,,,,,false,true,2,true,FT,true,2016,true
343766,15272,2017-11-17 19:00:00,73,1466,297,3,1,FT,,,2026-02-27 00:01:51.060209,2026-02-27 00:01:51.060209,true,true,0,false,FT,true,2017,true
593612,,2020-11-14 00:00:00,103,2707,2700,1,2,FT,P Marsden,,2026-03-23 22:07:36.267405,2026-03-23 22:07:36.267405,true,false,0,false,FT,true,2020,true
202240,1208782,2025-04-23 17:00:00,5,107,105,1,0,FT,Isidro Díaz de Mera,,2026-02-27 00:01:51.060209,2026-03-07 21:36:42.747021,true,true,0,false,FT,true,2025,false
316179,137821,2017-09-04 18:00:00,52,1773,1774,6,1,FT,,,2026-02-27 00:01:51.060209,2026-02-27 00:01:51.060209,true,true,0,false,FT,true,2017,true
100552193,552193,2012-02-08 21:15:00,100000338,6381,6386,1,0,FT,,,2026-07-04 23:56:56.452874,2026-07-04 23:56:56.452874,false,false,0,false,FT,true,2012,false
344379,6455,2019-04-26 18:00:00,73,1479,1466,0,2,FT,,,2026-02-27 00:01:51.060209,2026-02-27 00:01:51.060209,true,true,0,false,FT,true,2019,false
100506588,506588,2016-09-21 12:00:00,100000298,100002781,100002785,3,2,FT,,,2026-07-04 23:56:56.452874,2026-07-04 23:56:56.452874,false,false,0,false,FT,true,2016,true
359750,541004,2015-08-27 17:30:00,90,230,2012,1,0,FT,,,,,false,true,0,false,FT,true,2015,false
405911,,2016-11-26 00:00:00,4,69,5918,1,1,FT,D Whitestone,,2026-03-10 23:30:10.903824,2026-03-10 23:30:10.903824,true,false,1,true,FT,true,2016,true
100645685,645685,2020-12-06 10:00:00,100000392,100004613,100004606,1,1,FT,,,2026-07-04 23:56:56.452874,2026-07-04 23:56:56.452874,false,false,0,false,FT,true,2020,true
38950,,2014-09-11 00:00:00,20,463,469,2,0,FT,,,,,false,true,1,true,FT,true,2014,false
253911,36278,2016-05-15 19:00:00,19,423,432,0,1,FT,,,,,false,true,0,false,FT,true,2016,false
19728,1045959,2023-09-26 18:45:00,10,235,228,2,1,FT,M. Leleu,,2026-02-27 00:01:51.060209,2026-03-07 22:13:20.413325,true,true,0,false,FT,true,2023,true
262072,414158,2015-07-29 10:00:00,21,507,4375,3,1,FT,,,,,false,true,2,true,FT,true,2015,true
111779,1012065,2023-04-15 16:00:00,54,1240,1243,2,1,FT,I. Kružliak,,2026-02-27 00:01:51.060209,2026-03-07 22:23:19.234591,true,true,0,false,FT,true,2023,true
226156,169037,2019-05-27 18:30:00,11,268,262,0,0,FT,,,2026-02-27 00:01:51.060209,2026-02-27 00:01:51.060209,true,true,0,false,FT,true,2019,false
219231,1375858,2025-05-21 18:00:00,9,222,210,1,1,FT,H. Ben El Hadj,,2026-02-27 00:01:51.060209,2026-03-07 21:34:33.087974,true,true,0,false,FT,true,2025,true
107923,1224399,2025-01-08 17:30:00,44,1184,1173,1,1,FT,I. Christodoulou,,2026-02-27 00:01:51.060209,2026-03-07 21:43:46.332768,true,true,0,false,FT,true,2025,true
320931,469080,2014-10-14 22:30:00,57,4633,940,3,0,FT,,,,,false,true,0,false,FT,true,2014,false
101549708,1549708,2026-08-05 20:00:00,46,992,991,,,NS,,,2026-07-04 23:56:56.452874,2026-07-04 23:56:56.452874,false,false,0,false,NS,false,2026,
596374,,2025-01-25 00:00:00,104,421,4361,3,1,FT,G Grainger,,2026-03-23 22:09:08.994347,2026-03-23 22:09:08.994347,true,false,0,false,FT,true,2025,true
140206,695334,2021-07-26 00:00:00,20,465,472,1,0,FT,A. Kelly,,2026-02-27 00:01:51.060209,2026-03-10 12:09:59.74827,true,true,1,true,FT,true,2021,false
187668,645,2018-11-03 15:00:00,2,37,38,2,1,FT,T Harrington,,2026-02-27 00:01:51.060209,2026-03-11 02:36:54.629799,true,true,0,false,FT,true,2018,true
98061,822928,2022-07-16 23:05:00,46,994,986,1,2,FT,L. Matorel,,2026-02-27 00:01:51.060209,2026-03-10 11:47:40.735998,true,true,0,false,FT,true,2022,true
101300304,1300304,2025-03-16 22:00:00,100000722,100024949,100015940,3,1,FT,,,2026-07-04 23:56:56.452874,2026-07-04 23:56:56.452874,false,false,0,false,FT,true,2025,true
249139,569521,2020-10-17 11:30:00,17,397,406,0,2,FT,J Beaton,,2026-02-27 00:01:51.060209,2026-03-11 03:37:10.932659,true,true,1,true,FT,true,2020,false
241399,115462,2019-03-17 17:00:00,15,4331,356,3,1,FT,,,2026-02-27 00:01:51.060209,2026-02-27 00:01:51.060209,true,true,0,false,FT,true,2019,true
349257,240429,2019-10-26 14:00:00,77,1605,1598,2,1,FT,,,2026-02-27 00:01:51.060209,2026-02-27 00:01:51.060209,true,true,0,false,FT,true,2019,true
100409608,409608,2012-04-15 20:00:00,100000300,1158,100011366,2,2,FT,,,2026-07-04 23:56:56.452874,2026-07-04 23:56:56.452874,false,false,0,false,FT,true,2012,true
367043,28027,2017-08-06 18:30:00,99,3469,3476,4,0,FT,,,2026-02-27 00:01:51.060209,2026-02-27 00:01:51.060209,true,true,0,false,FT,true,2017,false
101163533,1163533,2024-06-16 11:00:00,100000328,6308,100003522,3,1,FT,T. Üprus,,2026-07-04 23:56:56.452874,2026-07-04 23:56:56.452874,false,false,0,false,FT,true,2024,true
132398,1312430,2024-12-29 15:00:00,40,1611,1613,3,0,FT,Walid Abdelrazek,,2026-02-27 00:01:51.060209,2026-03-07 21:44:03.634464,true,true,0,false,FT,true,2024,false
172483,446446,2014-03-29 12:15:00,2,1,23,0,2,FT,,,,,false,true,0,false,FT,true,2014,false
313316,144353,2018-05-26 23:30:00,49,1028,4594,3,2,FT,,,2026-02-27 00:01:51.060209,2026-02-27 00:01:51.060209,true,true,0,false,FT,true,2018,true
162063,1317934,2024-12-05 19:00:00,97,136,134,0,1,FT,Carlos Muñiz,,2026-02-27 00:01:51.060209,2026-03-07 21:45:26.267102,true,true,0,false,FT,true,2024,false
130274,1123683,2024-04-21 07:00:00,62,1594,1592,3,4,FT,S. Skinner,,2026-02-27 00:01:51.060209,2026-03-07 21:59:26.167381,true,true,0,false,FT,true,2024,true
120563,724670,2021-07-25 19:00:00,68,1418,1421,0,0,FT,,,2026-02-27 00:01:51.060209,2026-02-27 00:01:51.060209,true,true,0,false,FT,true,2021,false
561224,,2021-11-28 00:00:00,57,431,446,1,0,FT,,,2026-03-11 00:03:55.273295,2026-03-11 00:03:55.273295,true,false,1,true,FT,true,2021,false
100158387,158387,2019-03-31 12:00:00,100000363,100004125,100004116,0,1,FT,,,2026-07-04 23:56:56.452874,2026-07-04 23:56:56.452874,false,false,0,false,FT,true,2019,false
62570,,2015-02-22 00:00:00,26,647,639,4,2,FT,,,,,false,true,1,true,FT,true,2015,true
336426,211136,2019-07-27 15:30:00,68,1408,1420,3,0,FT,,,2026-02-27 00:01:51.060209,2026-02-27 00:01:51.060209,true,true,0,false,FT,true,2019,false
101169485,1169485,2024-02-01 16:00:00,100000598,100008093,100022587,1,1,FT,,,2026-07-04 23:56:56.452874,2026-07-04 23:56:56.452874,false,false,0,false,FT,true,2024,true
132782,1176870,2024-06-17 16:00:00,40,1625,1618,2,2,FT,Mahmoud Nassif,,2026-02-27 00:01:51.060209,2026-03-07 21:55:52.253981,true,true,0,false,FT,true,2024,true
321867,13610,2017-06-24 00:30:00,57,956,971,2,1,FT,,,2026-02-27 00:01:51.060209,2026-02-27 00:01:51.060209,true,true,0,false,FT,true,2017,true
105055,875105,2022-08-21 23:00:00,64,1129,1128,3,0,FT,M. Espinoza,,2026-02-27 00:01:51.060209,2026-03-10 11:45:04.969808,true,true,0,false,FT,true,2022,false
101570482,1570482,2026-12-06 16:00:00,5,111,103,,,NS,,,2026-07-04 23:56:56.452874,2026-07-04 23:56:56.452874,false,false,0,false,NS,false,2026,
154128,728657,2021-07-29 17:30:00,91,1887,1870,1,0,FT,,,2026-02-27 00:01:51.060209,2026-02-27 00:01:51.060209,true,true,0,false,FT,true,2021,false
245304,32772,2019-05-18 16:00:00,16,370,4349,3,0,FT,,,2026-02-27 00:01:51.060209,2026-02-27 00:01:51.060209,true,true,0,false,FT,true,2019,false
101178645,1178645,2024-03-16 18:15:00,100000598,100012681,100012669,1,0,FT,,,2026-07-04 23:56:56.452874,2026-07-04 23:56:56.452874,false,false,0,false,FT,true,2024,false
39612,,2016-08-07 00:00:00,20,464,474,1,0,FT,,,,,false,true,1,true,FT,true,2016,false
100153173,153173,2016-05-01 19:30:00,100000300,4718,100002831,2,1,FT,,,2026-07-04 23:56:56.452874,2026-07-04 23:56:56.452874,false,false,0,false,FT,true,2016,true
96799,720503,2021-12-13 23:00:00,28,714,691,0,0,FT,M. Ramírez,,2026-02-27 00:01:51.060209,2026-03-10 11:59:35.296373,true,true,1,true,FT,true,2021,false
139334,980880,2023-04-09 00:30:00,20,486,479,0,0,FT,G. Gonzalez,,2026-02-27 00:01:51.060209,2026-03-07 22:23:51.167572,true,true,1,true,FT,true,2023,false
599655,1535257,2026-04-16 00:30:00,92,432,973,1,2,FT,,,2026-03-23 22:30:20.453812,2026-07-04 23:56:56.280444,true,false,0,false,FT,true,2026,true
437758,,2019-02-23 00:00:00,13,305,5932,0,3,FT,,,2026-03-10 23:43:28.054104,2026-03-10 23:43:28.054104,true,false,0,false,FT,true,2019,false
613080,1252266,2025-01-24 18:30:00,119,3499,3663,1,1,FT,,,2026-03-23 22:32:50.997694,2026-03-23 22:32:50.997694,true,false,0,false,FT,true,2025,true
101552745,1552745,2026-08-29 15:00:00,9,223,214,,,NS,,,2026-07-04 23:56:56.452874,2026-07-04 23:56:56.452874,false,false,0,false,NS,false,2026,
363103,448528,2015-09-26 14:00:00,95,2649,2367,0,2,FT,,,,,false,true,0,false,FT,true,2015,false
100506727,506727,2014-07-09 12:00:00,100000298,100002792,100013272,2,2,PEN,,,2026-07-04 23:56:56.452874,2026-07-04 23:56:56.452874,false,false,0,false,PEN,true,2014,true
219308,1387773,2025-10-25 19:05:00,9,214,209,2,1,FT,Stephanie Frappart,,2026-02-27 00:01:51.060209,2026-07-04 23:56:56.280444,true,true,0,false,FT,true,2025,true
101537469,1537469,2026-06-10 09:30:00,100000189,100018419,100001452,0,1,FT,,,2026-07-04 23:56:56.452874,2026-07-04 23:56:56.452874,false,false,0,false,FT,true,2026,false
239968,189141,2014-02-01 19:00:00,15,359,4332,2,1,FT,,,,,false,true,0,false,FT,true,2014,true
279332,1334499,2025-04-28 20:15:00,28,703,723,1,0,FT,Bruno Amiconi,,2026-02-27 00:01:51.060209,2026-07-04 23:56:56.280444,true,true,1,true,FT,true,2025,false
100377159,377159,2012-09-25 00:00:00,100000131,6239,100000471,2,3,FT,,,2026-07-04 23:56:56.452874,2026-07-04 23:56:56.452874,false,false,0,false,FT,true,2012,true
613585,1380008,2025-10-03 17:00:00,120,4465,4467,3,3,FT,,,2026-03-23 22:32:54.749304,2026-07-04 23:56:56.280444,true,false,0,false,FT,true,2025,true
220825,339777,2016-02-26 19:00:00,10,3530,3541,3,0,FT,,,,,false,true,0,false,FT,true,2016,false
161602,1327989,2025-02-05 20:00:00,96,13,3,2,0,FT,S. Hooper,,2026-02-27 00:01:51.060209,2026-03-07 21:42:17.658057,true,true,0,false,FT,true,2025,false
100988513,988513,2023-07-30 08:00:00,100000833,100011197,100011180,2,2,FT,,,2026-07-04 23:56:56.452874,2026-07-04 23:56:56.452874,false,false,0,false,FT,true,2023,true
201588,878011,2022-09-30 19:00:00,5,107,99,4,0,FT,Juan Pulido,,2026-02-27 00:01:51.060209,2026-03-07 22:34:53.798203,true,true,1,true,FT,true,2022,false
628775,1533543,2026-03-19 20:30:00,140,6429,6421,3,0,FT,,,2026-03-23 22:34:50.043411,2026-07-04 23:56:56.280444,true,false,0,false,FT,true,2026,false
225353,16907,2016-11-26 14:30:00,11,270,266,2,1,FT,,,,,false,true,1,true,FT,true,2016,true
253339,190646,2014-09-11 23:30:00,19,439,437,2,1,FT,,,,,false,true,0,false,FT,true,2014,true
101399308,1399308,2025-07-24 23:30:00,100000300,100002858,1154,1,0,FT,,,2026-07-04 23:56:56.452874,2026-07-04 23:56:56.452874,false,false,0,false,FT,true,2025,false
122621,317548,2020-08-06 17:00:00,71,1450,1449,1,1,FT,,,2026-02-27 00:01:51.060209,2026-02-27 00:01:51.060209,true,true,0,false,FT,true,2020,true
101153707,1153707,2024-02-03 08:00:00,100000275,6332,100015771,2,1,FT,,,2026-07-04 23:56:56.452874,2026-07-04 23:56:56.452874,false,false,0,false,FT,true,2024,true
101310876,1310876,2024-10-23 12:00:00,100000756,100019753,100017663,3,1,FT,,,2026-07-04 23:56:56.452874,2026-07-04 23:56:56.452874,false,false,0,false,FT,true,2024,true
152861,332585,2020-11-17 19:45:00,80,1992,1985,0,5,FT,D. Mechkarovski,,2026-02-27 00:01:51.060209,2026-03-23 19:23:22.213259,true,true,0,false,FT,true,2020,false
171475,446547,2012-08-17 18:45:00,2,42,35,1,0,FT,,,,,false,true,0,false,FT,true,2012,false
326976,497674,2014-05-04 11:00:00,61,4671,4665,0,1,FT,,,,,false,true,0,false,FT,true,2014,false
594171,,2019-09-28 00:00:00,103,2689,2687,1,1,FT,L Wood,,2026-03-23 22:07:53.870239,2026-03-23 22:07:53.870239,true,false,0,false,FT,true,2019,true
192688,715931,2022-04-15 14:00:00,3,51,34,2,0,FT,D. Drysdale,,2026-02-27 00:01:51.060209,2026-03-10 11:52:37.42968,true,true,1,true,FT,true,2022,false
100470290,470290,2014-09-21 19:00:00,100000075,945,100007879,1,1,FT,,,2026-07-04 23:56:56.452874,2026-07-04 23:56:56.452874,false,false,0,false,FT,true,2014,true
191170,1386888,2026-01-24 15:00:00,2,40,93,2,3,FT,O. Langford,,2026-02-27 00:01:51.060209,2026-07-04 23:56:56.280444,true,true,0,false,FT,true,2026,true
183457,193,2018-11-24 15:00:00,1,6,2,0,4,FT,A Marriner,,2026-02-27 00:01:51.060209,2026-03-11 02:31:19.417585,true,true,0,false,FT,true,2018,false
355561,541627,2014-07-24 17:00:00,90,745,1194,0,1,FT,,,,,false,true,0,false,FT,true,2014,false
155485,650922,2021-03-25 19:45:00,84,1991,1998,1,1,FT,I. Griffith,,2026-02-27 00:01:51.060209,2026-03-10 12:17:04.12366,true,true,0,false,FT,true,2021,true
60699,,2018-10-07 00:00:00,25,622,620,1,0,FT,,,2026-02-27 00:01:51.060209,2026-02-27 00:01:51.060209,true,true,0,false,FT,true,2018,false
286454,1173145,2024-05-26 11:00:00,31,796,829,5,2,FT,Zhang Yangfan,,2026-02-27 00:01:51.060209,2026-03-07 21:56:37.314229,true,true,1,true,FT,true,2024,true
608807,1362066,2025-06-01 15:30:00,114,4561,6076,1,0,FT,,,2026-03-23 22:32:17.550714,2026-03-23 22:32:17.550714,true,false,0,false,FT,true,2025,false
554051,,2012-07-29 00:00:00,57,954,440,0,0,FT,,,2026-03-11 00:03:55.273295,2026-03-11 00:03:55.273295,true,false,1,true,FT,true,2012,false
235273,1213549,2024-11-23 20:00:00,13,299,1483,5,0,FT,J. Kooij,,2026-02-27 00:01:51.060209,2026-03-07 21:46:20.343277,true,true,0,false,FT,true,2024,false
576165,,2023-07-22 00:00:00,75,797,805,1,1,FT,,,2026-03-11 00:05:42.719571,2026-03-11 00:05:42.719571,true,false,1,true,FT,true,2023,true
240873,136380,2017-04-23 16:00:00,15,348,359,2,0,FT,,,2026-02-27 00:01:51.060209,2026-02-27 00:01:51.060209,true,true,0,false,FT,true,2017,false
596655,,2022-09-03 00:00:00,104,413,5963,0,6,FT,G Grainger,,2026-03-23 22:09:22.989892,2026-03-23 22:09:22.989892,true,false,0,false,FT,true,2022,false
101558673,1558673,2026-11-07 16:00:00,15,357,358,,,NS,,,2026-07-04 23:56:56.452874,2026-07-04 23:56:56.452874,false,false,0,false,NS,false,2026,
300334,93788,2017-10-16 17:00:00,40,1627,4545,4,1,FT,,,2026-02-27 00:01:51.060209,2026-02-27 00:01:51.060209,true,true,0,false,FT,true,2017,true
100103719,103719,2018-07-22 12:00:00,100000297,100002799,6036,4,4,FT,,,2026-07-04 23:56:56.452874,2026-07-04 23:56:56.452874,false,false,0,false,FT,true,2018,true
142884,568716,2020-10-04 02:30:00,76,1726,1740,4,1,FT,,,2026-02-27 00:01:51.060209,2026-02-27 00:01:51.060209,true,true,0,false,FT,true,2020,true
553294,,2024-05-17 00:00:00,56,908,900,1,0,FT,,,2026-03-11 00:03:23.216246,2026-03-11 00:03:23.216246,true,false,1,true,FT,true,2024,false
280122,16116,2017-10-01 15:30:00,29,742,736,5,2,FT,,,2026-02-27 00:01:51.060209,2026-02-27 00:01:51.060209,true,true,1,true,FT,true,2017,true
182700,17568,2016-11-27 16:30:00,1,22,9,1,0,FT,,,,,false,true,1,true,FT,true,2016,false
101371449,1371449,2025-04-17 01:00:00,100000338,100024526,100003647,4,0,FT,,,2026-07-04 23:56:56.452874,2026-07-04 23:56:56.452874,false,false,0,false,FT,true,2025,false
374333,1380596,2026-03-08 13:45:00,27,685,4433,0,1,FT,D. Kos,,2026-02-27 00:01:51.060209,2026-07-04 23:56:56.280444,true,false,0,false,FT,true,2026,false
134525,804633,2021-10-29 14:00:00,48,1640,1659,0,1,FT,A. Arab,,2026-02-27 00:01:51.060209,2026-03-10 12:03:06.219048,true,true,0,false,FT,true,2021,false
624120,1403572,2025-08-15 12:00:00,133,6332,6333,3,3,FT,,,2026-03-23 22:34:08.343065,2026-07-04 23:56:56.280444,true,false,0,false,FT,true,2025,true
136286,643330,2021-02-24 13:00:00,60,1672,1689,1,0,FT,E. Mdluli,,2026-02-27 00:01:51.060209,2026-03-10 12:19:46.31131,true,true,0,false,FT,true,2021,false
72079,,2021-08-09 00:00:00,28,702,695,1,0,FT,,,,,false,true,1,true,FT,true,2021,false
100376210,376210,2015-07-12 18:30:00,100000131,6235,100002427,2,0,FT,,,2026-07-04 23:56:56.452874,2026-07-04 23:56:56.452874,false,false,0,false,FT,true,2015,false
307270,41935,2016-09-30 21:00:00,46,997,977,2,1,FT,,,,,false,true,0,false,FT,true,2016,true
272122,33619,2017-08-26 14:00:00,25,626,4420,2,1,FT,,,2026-02-27 00:01:51.060209,2026-02-27 00:01:51.060209,true,true,0,false,FT,true,2017,true
101514382,1514382,2026-02-01 22:00:00,100000422,100008408,100010084,3,0,FT,,,2026-07-04 23:56:56.452874,2026-07-04 23:56:56.452874,false,false,0,false,FT,true,2026,false
282977,307811,2017-05-21 16:00:00,30,1963,777,3,0,FT,,,2026-02-27 00:01:51.060209,2026-02-27 00:01:51.060209,true,true,2,true,FT,true,2017,false
16087,1063065,2023-09-26 18:30:00,8,176,183,1,3,FT,N. Baroni,,2026-02-27 00:01:51.060209,2026-03-07 22:13:20.413325,true,true,0,false,FT,true,2023,true
100826943,826943,2022-11-05 11:00:00,100000549,100011078,100011080,0,0,FT,S. Wiinikka,,2026-07-04 23:56:56.452874,2026-07-04 23:56:56.452874,false,false,0,false,FT,true,2022,false
101002078,1002078,2023-04-30 13:00:00,100000104,100002148,4398,1,1,FT,M. Berg,,2026-07-04 23:56:56.452874,2026-07-04 23:56:56.452874,false,false,0,false,FT,true,2023,true
577533,,2012-07-05 00:00:00,76,461,463,0,1,FT,,,2026-03-11 00:06:18.776628,2026-03-11 00:06:18.776628,true,false,1,true,FT,true,2012,false
229032,556522,2016-02-28 12:30:00,12,3443,282,0,2,FT,,,,,false,true,0,false,FT,true,2016,false
221850,1512,2018-11-30 19:00:00,10,212,214,2,2,FT,,,2026-02-27 00:01:51.060209,2026-02-27 00:01:51.060209,true,true,0,false,FT,true,2018,true
313252,144289,2018-03-19 20:45:00,49,1025,4597,0,0,FT,,,2026-02-27 00:01:51.060209,2026-02-27 00:01:51.060209,true,true,0,false,FT,true,2018,false
526150,,2020-08-10 00:00:00,38,549,562,1,2,FT,,,2026-03-11 00:00:42.195406,2026-03-11 00:00:42.195406,true,false,1,true,FT,true,2020,true
100135497,135497,2017-05-08 13:00:00,100000343,100003696,100003697,1,0,FT,,,2026-07-04 23:56:56.452874,2026-07-04 23:56:56.452874,false,false,0,false,FT,true,2017,false
265307,1324304,2025-11-08 05:00:00,21,4384,516,0,0,FT,Atsushi Uemura,,2026-02-27 00:01:51.060209,2026-07-04 23:56:56.280444,true,true,0,false,FT,true,2025,false
223650,1212573,2024-12-13 19:00:00,10,228,3635,4,0,FT,O. Thual,,2026-02-27 00:01:51.060209,2026-03-07 21:44:55.19665,true,true,0,false,FT,true,2024,false
101563058,1563058,2026-06-28 17:00:00,39,1369,4534,1,1,FT,E. El Hanafi,,2026-07-04 23:56:56.452874,2026-07-04 23:56:56.452874,false,false,0,false,FT,true,2026,true
101301619,1301619,2024-09-27 13:00:00,100000363,100004119,100004125,2,1,FT,,,2026-07-04 23:56:56.452874,2026-07-04 23:56:56.452874,false,false,0,false,FT,true,2024,true
360670,349914,2017-08-03 17:30:00,90,1887,4451,1,2,FT,,,2026-02-27 00:01:51.060209,2026-02-27 00:01:51.060209,true,true,0,false,FT,true,2017,true
379903,1514459,2026-03-26 15:00:00,88,1991,1990,0,2,FT,,,2026-02-27 00:01:51.060209,2026-07-04 23:56:56.280444,true,false,0,false,FT,true,2026,false
602019,1051407,2024-03-30 17:30:00,104,4365,4359,1,7,FT,,,2026-03-23 22:31:21.35091,2026-03-23 22:31:21.35091,true,false,1,true,FT,true,2024,true
100127931,127931,2019-05-18 19:30:00,100000300,1157,100002837,2,1,FT,,,2026-07-04 23:56:56.452874,2026-07-04 23:56:56.452874,false,false,0,false,FT,true,2019,true
100674240,674240,2021-05-14 16:00:00,100000328,100016402,100003524,,,CANC,,,2026-07-04 23:56:56.452874,2026-07-04 23:56:56.452874,false,false,0,false,CANC,false,2021,
101224524,1224524,2024-09-28 09:00:00,100000668,100014834,100007970,2,2,FT,,,2026-07-04 23:56:56.452874,2026-07-04 23:56:56.452874,false,false,0,false,FT,true,2024,true
619799,1234365,2024-08-17 20:00:00,127,997,6272,2,1,FT,,,2026-03-23 22:33:39.733851,2026-03-23 22:33:39.733851,true,false,0,false,FT,true,2024,true
134508,1028312,2023-07-15 16:15:00,48,1646,1655,5,2,FT,B. Zouaoui,,2026-02-27 00:01:51.060209,2026-03-07 22:18:02.848358,true,true,0,false,FT,true,2023,true
294636,40876,2018-09-16 17:00:00,35,1818,1827,1,0,FT,,,2026-02-27 00:01:51.060209,2026-02-27 00:01:51.060209,true,true,0,false,FT,true,2018,false
124117,707792,2022-03-18 19:00:00,73,1470,1478,0,1,FT,N. Smit,,2026-02-27 00:01:51.060209,2026-03-10 11:54:25.93834,true,true,0,false,FT,true,2022,false
152484,332570,2020-09-03 16:00:00,80,1985,1992,0,0,FT,,,2026-02-27 00:01:51.060209,2026-02-27 00:01:51.060209,true,true,0,false,FT,true,2020,false
100859350,859350,2022-05-22 01:00:00,100000256,100018882,100004059,5,1,FT,,,2026-07-04 23:56:56.452874,2026-07-04 23:56:56.452874,false,false,0,false,FT,true,2022,true
246816,1237883,2024-09-01 18:45:00,16,388,379,2,0,FT,D. Tonusluoğlu,,2026-02-27 00:01:51.060209,2026-03-07 21:52:10.678836,true,true,0,false,FT,true,2024,false
181657,49457,2018-01-19 19:45:00,4,81,82,2,1,FT,S Hooper,,2026-02-27 00:01:51.060209,2026-03-11 02:48:43.620377,true,true,0,false,FT,true,2018,true
365170,1429759,2025-08-16 14:00:00,95,2447,5025,0,2,FT,,,2026-02-27 00:01:51.060209,2026-07-04 23:56:56.280444,true,true,0,false,FT,true,2025,false
222124,157842,2019-08-23 18:00:00,10,3563,244,1,1,FT,,,2026-02-27 00:01:51.060209,2026-02-27 00:01:51.060209,true,true,1,true,FT,true,2019,true
100625541,625541,2020-10-03 07:00:00,100000481,100010205,100010201,2,0,FT,,,2026-07-04 23:56:56.452874,2026-07-04 23:56:56.452874,false,false,0,false,FT,true,2020,false
100591805,591805,2020-06-22 10:00:00,100000660,100014373,100014376,2,1,FT,,,2026-07-04 23:56:56.452874,2026-07-04 23:56:56.452874,false,false,0,false,FT,true,2020,true
601900,1051290,2023-09-29 18:45:00,104,4358,5960,5,0,FT,,,2026-03-23 22:31:21.35091,2026-03-23 22:31:21.35091,true,false,0,false,FT,true,2023,false
115170,1214783,2025-03-28 17:00:00,63,1316,1311,0,0,FT,D. Nikolić,,2026-02-27 00:01:51.060209,2026-03-07 21:38:58.254545,true,true,0,false,FT,true,2025,false
143250,965521,2022-10-15 23:00:00,75,1757,1753,0,2,FT,M. Souaré,,2026-02-27 00:01:51.060209,2026-03-07 22:33:29.211784,true,true,0,false,FT,true,2022,false
233564,14790,2018-03-03 17:30:00,13,308,309,1,2,FT,,,2026-02-27 00:01:51.060209,2026-02-27 00:01:51.060209,true,true,0,false,FT,true,2018,true
140644,628451,2020-09-26 23:00:00,20,481,485,4,0,FT,,,2026-02-27 00:01:51.060209,2026-02-27 00:01:51.060209,true,true,0,false,FT,true,2020,false
327831,127539,2018-11-24 12:00:00,61,1285,1302,0,2,FT,,,2026-02-27 00:01:51.060209,2026-02-27 00:01:51.060209,true,true,0,false,FT,true,2018,false
101552550,1552550,2026-12-11 19:00:00,10,238,3530,,,NS,,,2026-07-04 23:56:56.452874,2026-07-04 23:56:56.452874,false,false,0,false,NS,false,2026,
101564011,1564011,2027-01-30 15:00:00,4,82,2685,,,NS,,,2026-07-04 23:56:56.452874,2026-07-04 23:56:56.452874,false,false,0,false,NS,false,2027,
235560,1380941,2025-10-18 16:45:00,13,300,297,3,1,FT,Martin Van den Kerkhof,,2026-02-27 00:01:51.060209,2026-07-04 23:56:56.280444,true,true,0,false,FT,true,2025,true
100235775,235775,2020-06-27 14:00:00,100000343,6509,100003690,1,0,FT,,,2026-07-04 23:56:56.452874,2026-07-04 23:56:56.452874,false,false,0,false,FT,true,2020,false
269739,40508,2019-04-07 11:00:00,24,599,4407,3,2,FT,,,2026-02-27 00:01:51.060209,2026-02-27 00:01:51.060209,true,true,0,false,FT,true,2019,true
180102,462126,2015-01-31 15:00:00,4,59,84,2,1,FT,,,,,false,true,0,false,FT,true,2015,true
101148971,1148971,2024-04-26 17:00:00,100000412,100005431,100005425,1,1,FT,,,2026-07-04 23:56:56.452874,2026-07-04 23:56:56.452874,false,false,0,false,FT,true,2024,true
554914,,2013-09-22 00:00:00,57,958,442,0,0,FT,,,2026-03-11 00:03:55.273295,2026-03-11 00:03:55.273295,true,false,1,true,FT,true,2013,false
100848505,848505,2022-07-02 12:30:00,100000391,100011127,100004597,0,2,FT,,,2026-07-04 23:56:56.452874,2026-07-04 23:56:56.452874,false,false,0,false,FT,true,2022,false
101372365,1372365,2025-05-21 07:00:00,100000171,100017271,4483,0,2,FT,Dan'ao Shan,,2026-07-04 23:56:56.452874,2026-07-04 23:56:56.452874,false,false,0,false,FT,true,2025,false
99376,996195,2023-11-12 23:00:00,45,1008,1013,0,0,FT,B. Loayza,,2026-02-27 00:01:51.060209,2026-03-07 22:09:34.746955,true,true,0,false,FT,true,2023,false
36329,,2021-10-03 00:00:00,19,426,446,3,0,FT,,,2026-02-27 00:01:51.060209,2026-02-27 00:01:51.060209,true,true,0,false,FT,true,2021,false
606840,1009609,2023-07-08 16:00:00,111,6051,2628,3,1,FT,V. Shimusik,,2026-03-23 22:32:04.086949,2026-03-24 00:36:54.357098,true,false,0,false,FT,true,2023,true
208032,196733,2016-04-19 18:45:00,7,156,171,6,0,FT,,,,,false,true,0,false,FT,true,2016,false
101423243,1423243,2025-12-06 11:00:00,100000297,100018395,100006582,2,0,FT,,,2026-07-04 23:56:56.452874,2026-07-04 23:56:56.452874,false,false,0,false,FT,true,2025,false
577518,,2012-06-24 00:00:00,76,475,478,2,1,FT,,,2026-03-11 00:06:18.776628,2026-03-11 00:06:18.776628,true,false,1,true,FT,true,2012,true
287338,146137,2018-05-20 17:45:00,32,841,4487,1,0,FT,,,2026-02-27 00:01:51.060209,2026-02-27 00:01:51.060209,true,true,1,true,FT,true,2018,false
368681,289321,2019-11-16 17:00:00,100,3754,5435,2,0,FT,,,2026-02-27 00:01:51.060209,2026-02-27 00:01:51.060209,true,true,0,false,FT,true,2019,false
369191,212784,2016-11-19 16:00:00,101,334,1353,2,0,FT,,,,,false,true,0,false,FT,true,2016,false
266589,293485,2020-03-01 01:00:00,22,533,545,0,3,FT,,,2026-02-27 00:01:51.060209,2026-02-27 00:01:51.060209,true,true,1,true,FT,true,2020,false
100184061,184061,2019-04-15 16:00:00,100000393,2026,100004624,0,0,FT,,,2026-07-04 23:56:56.452874,2026-07-04 23:56:56.452874,false,false,0,false,FT,true,2019,false
361578,450144,2013-12-17 19:45:00,95,54,60,1,0,FT,,,,,false,true,0,false,FT,true,2013,false
561946,,2022-10-26 00:00:00,57,429,456,2,1,FT,,,2026-03-11 00:03:55.273295,2026-03-11 00:03:55.273295,true,false,1,true,FT,true,2022,true
100119999,119999,2019-07-02 18:00:00,100000269,1063,4607,1,3,FT,P. Giménez,,2026-07-04 23:56:56.452874,2026-07-04 23:56:56.452874,false,false,0,false,FT,true,2019,true
577334,,2025-11-01 00:00:00,75,828,834,2,2,FT,,,2026-03-11 00:05:42.719571,2026-03-11 00:05:42.719571,true,false,0,false,FT,true,2025,true
207426,196887,2014-11-09 14:00:00,7,153,166,2,1,FT,,,,,false,true,0,false,FT,true,2014,true
258324,491651,2014-07-19 23:00:00,20,472,469,1,1,FT,,,,,false,true,0,false,FT,true,2014,true
337415,507244,2016-04-10 13:00:00,69,1698,1713,1,1,FT,,,,,false,true,0,false,FT,true,2016,true
217781,571508,2020-09-19 19:00:00,9,221,216,2,1,FT,,,2026-02-27 00:01:51.060209,2026-02-27 00:01:51.060209,true,true,1,true,FT,true,2020,true
100404920,404920,2016-12-20 19:45:00,100000110,5177,1959,2,4,FT,,,2026-07-04 23:56:56.452874,2026-07-04 23:56:56.452874,false,false,0,false,FT,true,2016,true
253501,190808,2014-11-29 21:30:00,19,956,954,2,2,FT,,,,,false,true,3,true,FT,true,2014,true
297122,166984,2016-09-10 06:00:00,38,1507,4530,2,2,FT,,,,,false,true,0,false,FT,true,2016,true
14301,1052423,2023-12-30 11:30:00,7,164,165,1,0,FT,G. Manganiello,,2026-02-27 00:01:51.060209,2026-03-07 22:07:04.752139,true,true,0,false,FT,true,2023,false
568335,,2019-10-27 00:00:00,58,4428,660,3,1,FT,,,2026-03-11 00:04:58.812185,2026-03-11 00:04:58.812185,true,false,1,true,FT,true,2019,true
19815,1046047,2023-12-05 19:45:00,10,241,240,0,5,FT,R. Landry,,2026-02-27 00:01:51.060209,2026-03-07 22:08:24.778534,true,true,0,false,FT,true,2023,false
164387,1136299,2023-10-22 14:00:00,101,4019,332,1,3,FT,Tiago Martins,,2026-02-27 00:01:51.060209,2026-03-07 22:11:27.907802,true,true,0,false,FT,true,2023,true
315626,85146,2019-04-21 19:00:00,51,1048,1047,1,1,FT,,,2026-02-27 00:01:51.060209,2026-02-27 00:01:51.060209,true,true,0,false,FT,true,2019,true
100550669,550669,2016-01-30 21:00:00,100000338,6380,6385,2,1,FT,,,2026-07-04 23:56:56.452874,2026-07-04 23:56:56.452874,false,false,0,false,FT,true,2016,true
101375230,1375230,2025-05-14 19:30:00,100000300,4718,1156,1,0,FT,,,2026-07-04 23:56:56.452874,2026-07-04 23:56:56.452874,false,false,0,false,FT,true,2025,false
362325,449847,2014-08-31 14:00:00,95,2804,2227,0,2,FT,,,,,false,true,0,false,FT,true,2014,false
101183690,1183690,2024-08-18 20:00:00,100000075,967,962,3,0,FT,Sávio Pereira,,2026-07-04 23:56:56.452874,2026-07-04 23:56:56.452874,false,false,0,false,FT,true,2024,false
100237460,237460,2019-10-20 14:00:00,100000142,100001918,100001923,5,0,FT,María Eugenia Gil,,2026-07-04 23:56:56.452874,2026-07-04 23:56:56.452874,false,false,0,false,FT,true,2019,false
323740,129805,2019-04-21 20:00:00,58,1088,1096,3,0,FT,,,2026-02-27 00:01:51.060209,2026-02-27 00:01:51.060209,true,true,0,false,FT,true,2019,false
301263,1418825,2025-09-19 17:00:00,40,1627,1628,1,0,FT,Mahmoud Wafa,,2026-02-27 00:01:51.060209,2026-07-04 23:56:56.280444,true,true,0,false,FT,true,2025,false
101099600,1099600,2024-03-23 17:00:00,100000142,100001912,100001905,0,1,FT,María Planes,,2026-07-04 23:56:56.452874,2026-07-04 23:56:56.452874,false,false,0,false,FT,true,2024,false
117096,1252517,2024-11-24 14:40:00,37,930,936,0,0,FT,Ahmad Al Rumaikhani,,2026-02-27 00:01:51.060209,2026-03-07 21:46:15.751868,true,true,0,false,FT,true,2024,false
276845,1203050,2024-10-20 10:15:00,27,4433,663,0,0,FT,P. Gryckiewicz,,2026-02-27 00:01:51.060209,2026-03-07 21:49:00.777923,true,true,1,true,FT,true,2024,false
522387,,2012-08-12 00:00:00,38,555,563,2,1,FT,,,2026-03-11 00:00:42.195406,2026-03-11 00:00:42.195406,true,false,1,true,FT,true,2012,true
195721,717360,2021-08-14 14:00:00,4,92,2687,3,2,FT,D. Drysdale,,2026-02-27 00:01:51.060209,2026-03-10 12:08:52.637585,true,true,2,true,FT,true,2021,true
100825317,825317,2022-01-21 21:00:00,100000396,100017135,100004645,4,4,FT,M. Lopez,,2026-07-04 23:56:56.452874,2026-07-04 23:56:56.452874,false,false,0,false,FT,true,2022,true
325232,222242,2019-04-18 12:45:00,59,1273,1270,1,2,FT,,,2026-02-27 00:01:51.060209,2026-02-27 00:01:51.060209,true,true,0,false,FT,true,2019,true
101300227,1300227,2025-02-09 23:00:00,100000722,100017787,100017789,2,1,FT,,,2026-07-04 23:56:56.452874,2026-07-04 23:56:56.452874,false,false,0,false,FT,true,2025,true
146366,880196,2022-10-16 13:00:00,36,1807,1796,3,1,FT,O. Berka,,2026-02-27 00:01:51.060209,2026-03-07 22:33:25.818145,true,true,0,false,FT,true,2022,true
100183452,183452,2019-02-11 17:00:00,100000392,100003651,100004614,0,4,FT,,,2026-07-04 23:56:56.452874,2026-07-04 23:56:56.452874,false,false,0,false,FT,true,2019,false
108648,731014,2021-12-04 17:00:00,44,1179,1191,2,3,FT,A. Argyrou,,2026-02-27 00:01:51.060209,2026-03-10 12:00:20.183691,true,true,0,false,FT,true,2021,true
246520,884435,2022-10-23 11:30:00,16,371,375,0,1,FT,M. Filiz,,2026-02-27 00:01:51.060209,2026-03-07 22:32:50.32283,true,true,1,true,FT,true,2022,false
599430,,2017-05-06 00:00:00,105,5968,4360,0,0,FT,,,2026-03-23 22:10:57.916249,2026-03-23 22:10:57.916249,true,false,0,false,FT,true,2017,false
101342639,1342639,2025-10-22 16:00:00,100000104,555,100002148,2,0,FT,,,2026-07-04 23:56:56.452874,2026-07-04 23:56:56.452874,false,false,0,false,FT,true,2025,false
206752,197733,2013-01-12 17:00:00,7,171,3492,4,0,FT,,,,,false,true,0,false,FT,true,2013,false
100336129,336129,2017-02-07 15:30:00,100000504,934,929,0,1,FT,,,2026-07-04 23:56:56.452874,2026-07-04 23:56:56.452874,false,false,0,false,FT,true,2017,false
100979220,979220,2023-03-15 21:45:00,100000130,694,100002427,3,0,FT,L. Comesaña,,2026-07-04 23:56:56.452874,2026-07-04 23:56:56.452874,false,false,0,false,FT,true,2023,false
100841667,841667,2022-02-19 15:00:00,100000246,100018569,100018570,1,3,FT,,,2026-07-04 23:56:56.452874,2026-07-04 23:56:56.452874,false,false,0,false,FT,true,2022,true
297817,1340863,2025-08-30 10:00:00,38,1505,1507,0,2,FT,Tae-Hwan Seol,,2026-02-27 00:01:51.060209,2026-07-04 23:56:56.280444,true,true,0,false,FT,true,2025,false
287748,170049,2019-11-23 16:00:00,32,845,859,2,2,FT,,,2026-02-27 00:01:51.060209,2026-02-27 00:01:51.060209,true,true,1,true,FT,true,2019,true
208466,9030,2017-08-27 18:45:00,7,156,164,3,1,FT,,,2026-02-27 00:01:51.060209,2026-02-27 00:01:51.060209,true,true,0,false,FT,true,2017,true
101337910,1337910,2025-05-04 20:00:00,100000422,100008409,100010084,1,1,FT,,,2026-07-04 23:56:56.452874,2026-07-04 23:56:56.452874,false,false,0,false,FT,true,2025,true
254357,35415,2017-06-14 22:30:00,19,954,430,0,0,FT,,,2026-02-27 00:01:51.060209,2026-02-27 00:01:51.060209,true,true,1,true,FT,true,2017,false
101551053,1551053,2026-07-17 16:00:00,66,1400,1386,,,NS,,,2026-07-04 23:56:56.452874,2026-07-04 23:56:56.452874,false,false,0,false,NS,false,2026,
100703551,703551,2021-05-05 23:00:00,100000256,100009037,100009035,1,0,FT,,,2026-07-04 23:56:56.452874,2026-07-04 23:56:56.452874,false,false,0,false,FT,true,2021,false
252706,191453,2012-10-11 01:00:00,19,431,426,3,2,FT,,,,,false,true,2,true,FT,true,2012,true
101008265,1008265,2023-02-19 13:30:00,100000402,100005235,100015596,0,0,FT,,,2026-07-04 23:56:56.452874,2026-07-04 23:56:56.452874,false,false,0,false,FT,true,2023,false
69310,,2014-04-12 00:00:00,28,694,693,2,1,FT,,,,,false,true,1,true,FT,true,2014,true
100629446,629446,2021-02-06 12:00:00,100000142,100015224,100001909,3,1,FT,Zulema González,,2026-07-04 23:56:56.452874,2026-07-04 23:56:56.452874,false,false,0,false,FT,true,2021,true
101003536,1003536,2023-07-23 20:00:00,100000422,100008403,100008408,4,1,FT,,,2026-07-04 23:56:56.452874,2026-07-04 23:56:56.452874,false,false,0,false,FT,true,2023,true
267348,4892,2018-04-29 16:00:00,23,557,573,0,0,FT,,,2026-02-27 00:01:51.060209,2026-02-27 00:01:51.060209,true,true,1,true,FT,true,2018,false
110799,708142,2021-10-30 16:00:00,50,1223,1220,1,0,FT,S. Berman,,2026-02-27 00:01:51.060209,2026-03-10 12:02:58.13477,true,true,0,false,FT,true,2021,false
162012,1311485,2024-10-30 19:00:00,97,3182,138,1,0,FT,Javier Figueiredo,,2026-02-27 00:01:51.060209,2026-03-07 21:48:02.964618,true,true,0,false,FT,true,2024,false
101330447,1330447,2025-01-30 12:00:00,100000291,100010399,100020802,0,0,FT,,,2026-07-04 23:56:56.452874,2026-07-04 23:56:56.452874,false,false,0,false,FT,true,2025,false
100899518,899518,2022-10-08 14:00:00,100000758,100016136,1891,1,4,FT,,,2026-07-04 23:56:56.452874,2026-07-04 23:56:56.452874,false,false,0,false,FT,true,2022,true
178038,48449,2019-01-05 15:00:00,3,2698,54,0,4,FT,S Duncan,,2026-02-27 00:01:51.060209,2026-03-11 02:42:35.507806,true,true,0,false,FT,true,2019,false
241369,115432,2019-02-17 19:00:00,15,1445,356,3,0,FT,,,2026-02-27 00:01:51.060209,2026-02-27 00:01:51.060209,true,true,0,false,FT,true,2019,false
345556,160437,2016-06-10 16:00:00,74,1497,1498,5,1,FT,,,,,false,true,0,false,FT,true,2016,true
100856729,856729,2022-06-04 09:15:00,100000191,100003763,100016399,1,2,FT,,,2026-07-04 23:56:56.452874,2026-07-04 23:56:56.452874,false,false,0,false,FT,true,2022,true
101316306,1316306,2024-12-18 13:00:00,100000400,100005199,100005206,1,1,FT,,,2026-07-04 23:56:56.452874,2026-07-04 23:56:56.452874,false,false,0,false,FT,true,2024,true
634050,,2016-12-18 00:00:00,7,163,6349,0,1,FT,,,2026-03-29 03:25:53.652134,2026-03-29 03:25:53.652134,true,false,0,false,FT,true,2016,false
100540775,540775,2016-06-26 13:00:00,100000363,100004116,100004124,1,0,FT,,,2026-07-04 23:56:56.452874,2026-07-04 23:56:56.452874,false,false,0,false,FT,true,2016,false
100128959,128959,2018-11-25 17:00:00,100000338,100003652,100003648,3,1,FT,,,2026-07-04 23:56:56.452874,2026-07-04 23:56:56.452874,false,false,0,false,FT,true,2018,true
296634,234874,2019-12-27 15:50:00,37,931,1503,1,0,FT,,,2026-02-27 00:01:51.060209,2026-02-27 00:01:51.060209,true,true,0,false,FT,true,2019,false
42604,981122,2023-08-26 23:30:00,20,485,481,3,0,FT,C. Penso,,2026-02-27 00:01:51.060209,2026-03-07 22:15:30.291824,true,true,0,false,FT,true,2023,false
305717,534301,2014-02-09 23:00:00,45,1007,1020,1,1,FT,,,,,false,true,0,false,FT,true,2014,true
100217643,217643,2019-01-24 09:00:00,100000398,100005021,100005018,0,1,FT,,,2026-07-04 23:56:56.452874,2026-07-04 23:56:56.452874,false,false,0,false,FT,true,2019,false
100486144,486144,2014-12-28 16:00:00,100000598,100006434,100008060,,,CANC,,,2026-07-04 23:56:56.452874,2026-07-04 23:56:56.452874,false,false,0,false,CANC,false,2014,
581503,,2018-06-23 00:00:00,76,472,471,3,0,FT,,,2026-03-11 00:06:18.776628,2026-03-11 00:06:18.776628,true,false,1,true,FT,true,2018,false
273030,847628,2022-04-26 16:30:00,25,632,629,4,0,FT,S. Ebner,,2026-02-27 00:01:51.060209,2026-03-10 11:51:34.444767,true,true,1,true,FT,true,2022,false
101514254,1514254,2026-08-09 16:00:00,100000165,100004166,100002113,,,NS,,,2026-07-04 23:56:56.452874,2026-07-04 23:56:56.452874,false,false,0,false,NS,false,2026,
369765,1469237,2025-09-21 09:30:00,101,3974,4092,6,2,FT,,,2026-02-27 00:01:51.060209,2026-07-04 23:56:56.280444,true,true,0,false,FT,true,2025,true
185489,1208280,2025-02-23 16:30:00,1,2,18,0,2,FT,A. Taylor,,2026-02-27 00:01:51.060209,2026-07-04 23:56:56.280444,true,true,0,false,FT,true,2025,false
153889,819014,2022-01-14 19:00:00,82,2742,1923,1,1,FT,L. Benbraham,,2026-02-27 00:01:51.060209,2026-03-10 11:58:28.557298,true,true,0,false,FT,true,2022,true
568089,,2019-05-10 00:00:00,58,666,669,1,0,FT,,,2026-03-11 00:04:58.812185,2026-03-11 00:04:58.812185,true,false,1,true,FT,true,2019,false
90799,,2014-08-15 00:00:00,34,904,910,0,1,FT,,,,,false,true,1,true,FT,true,2014,false
212470,38319,2019-01-20 14:00:00,8,3455,154,3,0,FT,,,2026-02-27 00:01:51.060209,2026-02-27 00:01:51.060209,true,true,0,false,FT,true,2019,false
303764,109678,2018-02-02 13:35:00,42,1552,1548,0,4,FT,,,2026-02-27 00:01:51.060209,2026-02-27 00:01:51.060209,true,true,0,false,FT,true,2018,false
157215,958573,2022-09-17 14:00:00,95,2681,2528,1,1,FT,,,2026-02-27 00:01:51.060209,2026-02-27 00:01:51.060209,true,true,0,false,FT,true,2022,true
117233,1252654,2025-04-11 18:00:00,37,936,933,1,1,FT,N. Dabanović,,2026-02-27 00:01:51.060209,2026-03-07 21:37:46.383426,true,true,0,false,FT,true,2025,true
132306,707948,2021-07-06 16:00:00,39,1365,1357,0,0,FT,A. Zourak,,2026-02-27 00:01:51.060209,2026-03-10 12:10:43.762894,true,true,0,false,FT,true,2021,false
100322838,322838,2020-02-01 21:00:00,100000422,100010084,100008402,1,2,FT,,,2026-07-04 23:56:56.452874,2026-07-04 23:56:56.452874,false,false,0,false,FT,true,2020,true
101147742,1147742,2024-02-17 19:00:00,100000629,4643,100013084,4,1,FT,André Luiz,,2026-07-04 23:56:56.452874,2026-07-04 23:56:56.452874,false,false,0,false,FT,true,2024,true
100369364,369364,2021-01-03 12:30:00,100000391,100004601,100011126,1,0,FT,,,2026-07-04 23:56:56.452874,2026-07-04 23:56:56.452874,false,false,0,false,FT,true,2021,false
293992,555056,2016-01-02 15:15:00,35,1830,1834,2,0,FT,,,,,false,true,0,false,FT,true,2016,false
101576805,1576805,2026-07-07 20:00:00,78,1918,2635,,,NS,,,2026-07-04 23:56:56.452874,2026-07-04 23:56:56.452874,false,false,0,false,NS,false,2026,
146146,1049643,2023-12-16 14:00:00,36,1800,1792,0,0,FT,D. Černý,,2026-02-27 00:01:51.060209,2026-03-07 22:07:45.932754,true,true,0,false,FT,true,2023,false
203361,10314,2018-04-07 16:00:00,6,129,124,1,0,FT,,,2026-02-27 00:01:51.060209,2026-02-27 00:01:51.060209,true,true,0,false,FT,true,2018,false
101544926,1544926,2026-05-17 21:00:00,51,1061,1050,0,0,FT,J. Feres,,2026-07-04 23:56:56.452874,2026-07-04 23:56:56.452874,false,false,0,false,FT,true,2026,false
100551081,551081,2015-03-01 21:00:00,100000338,100003649,6385,0,2,FT,,,2026-07-04 23:56:56.452874,2026-07-04 23:56:56.452874,false,false,0,false,FT,true,2015,false
135468,1104110,2023-09-16 15:30:00,60,1668,1665,0,0,FT,O. Kwinda,,2026-02-27 00:01:51.060209,2026-03-07 22:14:16.723099,true,true,0,false,FT,true,2023,false
100232138,232138,2019-04-24 19:00:00,100000167,100004166,100004168,3,1,FT,,,2026-07-04 23:56:56.452874,2026-07-04 23:56:56.452874,false,false,0,false,FT,true,2019,true
100802260,802260,2021-12-01 12:00:00,100000585,100018012,100008114,1,3,FT,,,2026-07-04 23:56:56.452874,2026-07-04 23:56:56.452874,false,false,0,false,FT,true,2021,true
100538841,538841,2012-04-29 11:00:00,100000328,100013833,100013830,0,3,FT,M. Salong,,2026-07-04 23:56:56.452874,2026-07-04 23:56:56.452874,false,false,0,false,FT,true,2012,false
100285111,285111,2017-08-27 15:30:00,100000247,100009176,100009175,1,0,FT,,,2026-07-04 23:56:56.452874,2026-07-04 23:56:56.452874,false,false,0,false,FT,true,2017,false
310627,83405,2019-05-04 15:00:00,47,4574,1200,1,1,FT,,,2026-02-27 00:01:51.060209,2026-02-27 00:01:51.060209,true,true,0,false,FT,true,2019,true
123582,867716,2022-11-18 17:45:00,73,1465,1474,3,0,FT,J. van der Laan,,2026-02-27 00:01:51.060209,2026-03-07 22:30:59.46251,true,true,0,false,FT,true,2022,false
12146,1045491,2024-03-13 18:00:00,6,122,136,0,0,FT,Miguel Sesma,,2026-02-27 00:01:51.060209,2026-03-07 22:02:41.78236,true,true,0,false,FT,true,2024,false
350243,256451,2016-10-09 16:00:00,84,2002,1913,0,1,FT,,,,,false,true,0,false,FT,true,2016,false
248454,150668,2017-08-12 14:00:00,17,4358,399,3,0,FT,,,2026-02-27 00:01:51.060209,2026-02-27 00:01:51.060209,true,true,0,false,FT,true,2017,false
100243795,243795,2020-04-13 00:00:00,100000392,100004615,100004607,,,CANC,,,2026-07-04 23:56:56.452874,2026-07-04 23:56:56.452874,false,false,0,false,CANC,false,2020,
315902,138095,2016-08-28 21:00:00,52,1777,1769,2,2,FT,,,,,false,true,0,false,FT,true,2016,true
102549,320897,2020-02-29 23:30:00,53,1065,1077,2,0,FT,,,2026-02-27 00:01:51.060209,2026-02-27 00:01:51.060209,true,true,0,false,FT,true,2020,false
39433,,2016-04-09 00:00:00,20,476,480,2,1,FT,,,,,false,true,1,true,FT,true,2016,true
101559526,1559526,2026-07-24 20:15:00,100000282,100010494,1135,,,NS,,,2026-07-04 23:56:56.452874,2026-07-04 23:56:56.452874,false,false,0,false,NS,false,2026,
271526,393444,2014-04-12 17:00:00,25,622,4417,0,0,FT,,,,,false,true,0,false,FT,true,2014,false
250497,207459,2014-03-01 15:00:00,18,401,4360,1,0,FT,,,,,false,true,0,false,FT,true,2014,false
53140,,2013-04-13 00:00:00,23,549,4392,1,2,FT,,,,,false,true,1,true,FT,true,2013,true
95871,831817,2022-04-21 00:30:00,28,700,703,1,1,FT,H. Mastrángelo,,2026-02-27 00:01:51.060209,2026-03-10 11:52:04.253194,true,true,1,true,FT,true,2022,true
367316,527078,2013-01-06 14:00:00,100,5397,3625,2,0,FT,,,,,false,true,0,false,FT,true,2013,false
33932,,2015-07-05 00:00:00,19,439,446,2,0,FT,,,,,false,true,1,true,FT,true,2015,false
126373,1002758,2023-04-26 10:00:00,38,1513,1510,3,2,FT,Chae Sang-Hyeop,,2026-02-27 00:01:51.060209,2026-03-07 22:22:22.397043,true,true,0,false,FT,true,2023,true
100405238,405238,2014-09-20 13:30:00,100000110,2608,5195,4,1,FT,,,2026-07-04 23:56:56.452874,2026-07-04 23:56:56.452874,false,false,0,false,FT,true,2014,true
230764,719141,2021-10-24 11:30:00,12,3384,254,2,2,FT,P. Ittrich,,2026-02-27 00:01:51.060209,2026-03-10 12:03:29.344435,true,true,0,false,FT,true,2021,true
100570949,570949,2020-11-20 22:30:00,100000269,1061,4608,2,1,FT,P. Giménez,,2026-07-04 23:56:56.452874,2026-07-04 23:56:56.452874,false,false,0,false,FT,true,2020,true
604156,1261324,2024-09-14 13:00:00,107,5996,6001,0,1,FT,E. Mertoğlu,,2026-03-23 22:31:35.125149,2026-03-23 23:10:37.693005,true,false,0,false,FT,true,2024,false
90860,,2014-10-24 00:00:00,34,909,916,1,2,FT,,,,,false,true,1,true,FT,true,2014,true
174990,459617,2013-08-24 14:00:00,3,71,29,2,2,FT,,,,,false,true,0,false,FT,true,2013,true
240982,136219,2017-10-24 18:30:00,15,360,4331,0,2,FT,,,2026-02-27 00:01:51.060209,2026-02-27 00:01:51.060209,true,true,0,false,FT,true,2017,false
337908,69900,2018-10-20 13:30:00,69,1692,1703,1,1,FT,,,2026-02-27 00:01:51.060209,2026-02-27 00:01:51.060209,true,true,0,false,FT,true,2018,true
632604,1060910,2023-09-14 12:00:00,144,2607,1960,2,1,FT,,,2026-03-23 22:35:12.883819,2026-03-23 22:35:12.883819,true,false,0,false,FT,true,2023,true
347266,155924,2017-06-18 00:30:00,76,1739,1740,0,1,FT,,,2026-02-27 00:01:51.060209,2026-02-27 00:01:51.060209,true,true,0,false,FT,true,2017,false
633275,1522772,2026-04-03 16:00:00,134,1893,1932,5,0,FT,,,2026-03-24 05:01:56.995991,2026-07-04 23:56:56.280444,true,false,0,false,FT,true,2026,false
327536,496921,2017-05-26 16:00:00,61,1304,1292,0,0,FT,,,2026-02-27 00:01:51.060209,2026-02-27 00:01:51.060209,true,true,0,false,FT,true,2017,false
186965,12406,2017-08-26 14:00:00,2,39,46,0,2,FT,S Martin,,2026-02-27 00:01:51.060209,2026-03-11 02:37:21.003617,true,true,0,false,FT,true,2017,false
258692,491326,2015-07-26 00:00:00,20,464,478,1,0,FT,,,,,false,true,2,true,FT,true,2015,false
310124,83878,2016-09-24 16:00:00,47,4574,1209,0,1,FT,,,,,false,true,0,false,FT,true,2016,false
101501283,1501283,2026-01-08 18:00:00,100000526,211,209,2,2,PEN,"Thomas Leonard, France",,2026-07-04 23:56:56.452874,2026-07-04 23:56:56.452874,false,false,0,false,PEN,true,2026,true
592087,,2023-10-03 00:00:00,103,2689,5950,5,2,FT,J Durkin,,2026-03-23 22:06:36.052664,2026-03-23 22:06:36.052664,true,false,0,false,FT,true,2023,true
100113087,113087,2019-07-06 13:00:00,100000297,100002863,100002777,1,1,FT,,,2026-07-04 23:56:56.452874,2026-07-04 23:56:56.452874,false,false,0,false,FT,true,2019,true
374394,1380656,2026-05-01 15:30:00,27,669,658,1,1,FT,,,2026-02-27 00:01:51.060209,2026-07-04 23:56:56.280444,true,false,0,false,FT,true,2026,true
46867,,2021-08-29 00:00:00,21,516,513,3,0,FT,,,2026-02-27 00:01:51.060209,2026-02-27 00:01:51.060209,true,true,0,false,FT,true,2021,false
284416,1205546,2025-03-07 18:00:00,30,782,789,3,1,FT,A. Uslu,,2026-02-27 00:01:51.060209,2026-03-07 21:40:06.456264,true,true,1,true,FT,true,2025,true
624019,1006891,2023-06-25 12:00:00,132,6309,1961,0,1,FT,,,2026-03-23 22:34:06.06276,2026-03-23 22:34:06.06276,true,false,0,false,FT,true,2023,false
321459,20402,2016-05-31 22:15:00,57,959,456,0,0,FT,,,,,false,true,0,false,FT,true,2016,false
100535103,535103,2014-08-24 20:00:00,100000243,100001982,1018,2,1,FT,,,2026-07-04 23:56:56.452874,2026-07-04 23:56:56.452874,false,false,0,false,FT,true,2014,true
330683,159385,2020-05-31 15:30:00,63,1315,1324,6,1,FT,,,2026-02-27 00:01:51.060209,2026-02-27 00:01:51.060209,true,true,0,false,FT,true,2020,true
253040,191068,2013-10-13 21:30:00,19,429,426,2,1,FT,,,,,false,true,2,true,FT,true,2013,true
286086,926927,2022-10-30 11:30:00,31,820,824,3,1,FT,Li Haixin,,2026-02-27 00:01:51.060209,2026-03-07 22:32:17.112229,true,true,1,true,FT,true,2022,true
101343193,1343193,2025-08-31 13:00:00,100000563,100006700,100011662,3,1,FT,,,2026-07-04 23:56:56.452874,2026-07-04 23:56:56.452874,false,false,0,false,FT,true,2025,true
101029479,1029479,2023-10-09 18:00:00,100000131,100001947,100008008,0,1,FT,M. Negrete,,2026-07-04 23:56:56.452874,2026-07-04 23:56:56.452874,false,false,0,false,FT,true,2023,false
318189,342051,2020-07-04 16:00:00,54,1250,1248,0,2,FT,,,2026-02-27 00:01:51.060209,2026-02-27 00:01:51.060209,true,true,0,false,FT,true,2020,false
318201,1384102,2025-07-26 16:00:00,54,1238,1232,1,1,FT,Erik Gemzicky,,2026-02-27 00:01:51.060209,2026-07-04 23:56:56.280444,true,true,0,false,FT,true,2025,true
74974,,2013-06-27 00:00:00,29,746,739,1,3,FT,,,,,false,true,1,true,FT,true,2013,true
534350,,2023-08-12 00:00:00,39,566,550,1,2,FT,,,2026-03-11 00:01:23.686186,2026-03-11 00:01:23.686186,true,false,1,true,FT,true,2023,true
318025,126266,2019-05-18 15:00:00,54,1247,1243,3,1,FT,,,2026-02-27 00:01:51.060209,2026-02-27 00:01:51.060209,true,true,0,false,FT,true,2019,true
607068,1491389,2026-03-06 18:30:00,112,6056,1951,0,0,FT,,,2026-03-23 22:32:06.378242,2026-07-04 23:56:56.280444,true,false,0,false,FT,true,2026,false
577359,,2026-03-07 00:00:00,75,820,5939,3,0,FT,,,2026-03-11 00:05:42.719571,2026-03-11 00:05:42.719571,true,false,0,false,FT,true,2026,false
593310,,2022-01-29 00:00:00,103,93,2700,1,1,FT,D Richardson,,2026-03-23 22:07:17.018235,2026-03-23 22:07:17.018235,true,false,0,false,FT,true,2022,true
324691,395207,2015-03-18 14:00:00,59,4652,1277,1,2,FT,,,,,false,true,0,false,FT,true,2015,true
129324,964289,2022-12-19 13:30:00,56,1566,1563,2,1,FT,A. Mohammadi,,2026-02-27 00:01:51.060209,2026-03-07 22:30:18.36052,true,true,0,false,FT,true,2022,true
101442533,1442533,2025-08-24 16:00:00,100000269,1061,100019326,3,2,FT,Felipe Vikonis,,2026-07-04 23:56:56.452874,2026-07-04 23:56:56.452874,false,false,0,false,FT,true,2025,true
189715,874678,2022-07-30 14:00:00,2,37,38,1,1,FT,M. Donohue,,2026-02-27 00:01:51.060209,2026-03-10 11:47:00.574671,true,true,1,true,FT,true,2022,true
599411,,2017-04-08 00:00:00,105,5962,4360,1,1,FT,,,2026-03-23 22:10:57.916249,2026-03-23 22:10:57.916249,true,false,0,false,FT,true,2017,true
110417,1037144,2024-02-17 15:30:00,50,1218,1220,1,1,FT,I. Frid,,2026-02-27 00:01:51.060209,2026-03-07 22:04:43.924804,true,true,0,false,FT,true,2024,true
336585,1388970,2025-09-20 18:45:00,68,1418,1408,5,1,FT,,,2026-02-27 00:01:51.060209,2026-07-04 23:56:56.280444,true,true,0,false,FT,true,2025,true
69134,,2013-11-03 00:00:00,28,709,698,2,3,FT,,,,,false,true,1,true,FT,true,2013,true
351711,244953,2019-10-12 16:00:00,88,2635,2630,0,0,FT,,,2026-02-27 00:01:51.060209,2026-02-27 00:01:51.060209,true,true,0,false,FT,true,2019,false
354507,152621,2018-04-24 18:45:00,89,18,161,5,2,FT,,,2026-02-27 00:01:51.060209,2026-02-27 00:01:51.060209,true,true,0,false,FT,true,2018,true
100538930,538930,2012-09-02 14:00:00,100000328,100013830,100003518,2,3,FT,K. Külljastinen,,2026-07-04 23:56:56.452874,2026-07-04 23:56:56.452874,false,false,0,false,FT,true,2012,true
607503,1381533,2025-07-27 12:30:00,113,687,4432,2,1,FT,,,2026-03-23 22:32:11.141442,2026-07-04 23:56:56.280444,true,false,0,false,FT,true,2025,true
325864,98560,2018-03-18 13:30:00,60,1689,4661,1,0,FT,,,2026-02-27 00:01:51.060209,2026-02-27 00:01:51.060209,true,true,0,false,FT,true,2018,false
429001,,2018-07-27 00:00:00,10,5926,3563,1,2,FT,,,2026-03-10 23:39:34.956455,2026-03-10 23:39:34.956455,true,false,0,false,FT,true,2018,true
124622,1178983,2024-05-05 13:00:00,74,1485,1492,1,2,FT,K. Ratnieks,,2026-02-27 00:01:51.060209,2026-03-07 21:58:12.263252,true,true,0,false,FT,true,2024,true
100071527,71527,2018-07-05 18:30:00,100000165,100002118,100002114,0,2,FT,,,2026-07-04 23:56:56.452874,2026-07-04 23:56:56.452874,false,false,0,false,FT,true,2018,false
357202,1362177,2025-05-28 00:30:00,93,719,431,1,0,FT,Gery Vargas,,2026-02-27 00:01:51.060209,2026-07-04 23:56:56.280444,true,true,0,false,FT,true,2025,false
100988322,988322,2023-10-02 17:00:00,100000549,100011084,100011075,1,1,FT,S. Griberg,,2026-07-04 23:56:56.452874,2026-07-04 23:56:56.452874,false,false,0,false,FT,true,2023,true
238120,601152,2021-01-24 15:00:00,14,1380,1377,0,3,FT,Vitor Ferreira,,2026-02-27 00:01:51.060209,2026-03-10 12:22:28.014582,true,true,1,true,FT,true,2021,false
556885,,2016-06-12 00:00:00,57,4370,438,0,2,FT,,,2026-03-11 00:03:55.273295,2026-03-11 00:03:55.273295,true,false,1,true,FT,true,2016,false
100090568,90568,2017-06-10 21:00:00,100000282,100002570,100002568,1,4,FT,,,2026-07-04 23:56:56.452874,2026-07-04 23:56:56.452874,false,false,0,false,FT,true,2017,true
320934,469083,2014-10-17 22:30:00,57,4636,969,0,0,FT,,,,,false,true,0,false,FT,true,2014,false
522810,,2013-07-07 00:00:00,38,566,553,0,1,FT,,,2026-03-11 00:00:42.195406,2026-03-11 00:00:42.195406,true,false,1,true,FT,true,2013,false
100235819,235819,2020-07-19 06:00:00,100000343,100012164,100006278,,,CANC,,,2026-07-04 23:56:56.452874,2026-07-04 23:56:56.452874,false,false,0,false,CANC,false,2020,
224202,195674,2013-02-15 19:30:00,11,264,255,0,2,FT,,,,,false,true,0,false,FT,true,2013,false
100161079,161079,2017-07-15 12:00:00,100000166,100003514,100004166,3,1,FT,,,2026-07-04 23:56:56.452874,2026-07-04 23:56:56.452874,false,false,0,false,FT,true,2017,true
190710,1216279,2025-03-12 19:45:00,2,64,34,1,2,FT,M. Donohue,,2026-02-27 00:01:51.060209,2026-03-07 21:39:36.287618,true,true,0,false,FT,true,2025,true
122075,1000618,2023-04-30 15:00:00,71,1448,1446,3,3,FT,D. Kharitonashvili,,2026-02-27 00:01:51.060209,2026-03-07 22:21:56.459968,true,true,0,false,FT,true,2023,true
101082999,1082999,2024-03-10 11:00:00,100000343,100003688,100020087,1,3,FT,,,2026-07-04 23:56:56.452874,2026-07-04 23:56:56.452874,false,false,0,false,FT,true,2024,true
248181,205842,2016-04-02 14:00:00,17,414,400,1,2,FT,,,,,false,true,0,false,FT,true,2016,true
237819,212256,2020-01-10 19:00:00,14,1382,329,0,1,FT,,,2026-02-27 00:01:51.060209,2026-02-27 00:01:51.060209,true,true,1,true,FT,true,2020,false
145564,634696,2020-11-15 21:00:00,67,1790,1783,2,3,FT,,,2026-02-27 00:01:51.060209,2026-02-27 00:01:51.060209,true,true,0,false,FT,true,2020,true
169337,193464,2012-09-02 12:30:00,1,18,3,0,2,FT,,,,,false,true,0,false,FT,true,2012,false
100534718,534718,2015-04-12 17:00:00,100000243,1005,4567,3,0,FT,,,2026-07-04 23:56:56.452874,2026-07-04 23:56:56.452874,false,false,0,false,FT,true,2015,false
100721963,721963,2021-12-04 14:30:00,100000110,100005614,2114,4,1,FT,M. Petch,,2026-07-04 23:56:56.452874,2026-07-04 23:56:56.452874,false,false,0,false,FT,true,2021,true
323569,134913,2018-11-25 23:30:00,58,1095,1096,0,0,FT,,,2026-02-27 00:01:51.060209,2026-02-27 00:01:51.060209,true,true,0,false,FT,true,2018,false
208243,21487,2017-01-07 17:00:00,7,153,183,1,0,FT,,,2026-02-27 00:01:51.060209,2026-02-27 00:01:51.060209,true,true,0,false,FT,true,2017,false
105293,724298,2021-08-13 20:30:00,64,1119,1129,3,1,FT,A. Menéndez,,2026-02-27 00:01:51.060209,2026-03-10 12:08:57.266617,true,true,0,false,FT,true,2021,true
352966,1389314,2026-02-07 19:00:00,10,230,217,1,0,FT,A. Perreau Niel,,2026-02-27 00:01:51.060209,2026-07-04 23:56:56.280444,true,true,0,false,FT,true,2026,false
303843,109838,2018-11-02 16:25:00,42,1544,1550,1,5,FT,,,2026-02-27 00:01:51.060209,2026-02-27 00:01:51.060209,true,true,0,false,FT,true,2018,true
101103414,1103414,2023-10-15 02:00:00,100000722,100017804,100022044,0,2,FT,,,2026-07-04 23:56:56.452874,2026-07-04 23:56:56.452874,false,false,0,false,FT,true,2023,false
630621,1305168,2024-09-28 14:00:00,142,6469,6477,1,2,FT,,,2026-03-23 22:35:00.50762,2026-07-04 23:56:56.280444,true,false,0,false,FT,true,2024,true
101164810,1164810,2024-08-31 13:00:00,100000549,100010900,100016483,0,0,FT,U. Löv,,2026-07-04 23:56:56.452874,2026-07-04 23:56:56.452874,false,false,0,false,FT,true,2024,false
307371,41874,2017-02-04 00:45:00,46,998,980,0,4,FT,,,2026-02-27 00:01:51.060209,2026-02-27 00:01:51.060209,true,true,0,false,FT,true,2017,false
100227650,227650,2018-04-27 14:00:00,100000402,100005546,100005234,1,0,FT,,,2026-07-04 23:56:56.452874,2026-07-04 23:56:56.452874,false,false,0,false,FT,true,2018,false
618244,1331176,2025-04-19 20:00:00,125,6232,6231,2,0,FT,,,2026-03-23 22:33:20.257043,2026-07-04 23:56:56.280444,true,false,0,false,FT,true,2025,false
101035161,1035161,2023-06-17 14:15:00,100000598,100018182,100012668,0,1,FT,,,2026-07-04 23:56:56.452874,2026-07-04 23:56:56.452874,false,false,0,false,FT,true,2023,false
572917,,2016-07-03 00:00:00,75,806,808,2,3,FT,,,2026-03-11 00:05:42.719571,2026-03-11 00:05:42.719571,true,false,1,true,FT,true,2016,true
298092,31480,2017-05-07 15:30:00,39,4535,4537,2,1,FT,,,2026-02-27 00:01:51.060209,2026-02-27 00:01:51.060209,true,true,0,false,FT,true,2017,true
100551565,551565,2013-08-03 16:00:00,100000338,6385,100003646,0,0,FT,,,2026-07-04 23:56:56.452874,2026-07-04 23:56:56.452874,false,false,0,false,FT,true,2013,false
280235,5445,2018-07-08 13:00:00,29,745,741,1,3,FT,,,2026-02-27 00:01:51.060209,2026-02-27 00:01:51.060209,true,true,1,true,FT,true,2018,true
101563408,1563408,2027-01-26 19:45:00,2,1,40,,,NS,,,2026-07-04 23:56:56.452874,2026-07-04 23:56:56.452874,false,false,0,false,NS,false,2027,
280614,76624,2019-10-27 14:00:00,29,739,750,0,1,FT,,,2026-02-27 00:01:51.060209,2026-02-27 00:01:51.060209,true,true,1,true,FT,true,2019,false
299741,535795,2015-12-21 15:00:00,40,1612,1636,2,0,FT,,,,,false,true,0,false,FT,true,2015,false
374514,1491965,2026-03-11 01:00:00,28,720,695,0,0,FT,N. Arasa,,2026-02-27 00:01:51.060209,2026-07-04 23:56:56.280444,true,false,0,false,FT,true,2026,false
320431,469340,2013-08-28 00:00:00,57,4635,970,3,1,FT,,,,,false,true,0,false,FT,true,2013,true
100336039,336039,2019-01-04 16:50:00,100000504,100010508,935,1,3,AET,,,2026-07-04 23:56:56.452874,2026-07-04 23:56:56.452874,false,false,0,false,AET,true,2019,true
619380,1336385,2025-04-08 00:00:00,127,6272,991,2,2,FT,,,2026-03-23 22:33:38.372482,2026-07-04 23:56:56.280444,true,false,0,false,FT,true,2025,true
101177194,1177194,2024-06-08 17:00:00,100000256,100018884,100018912,1,2,FT,,,2026-07-04 23:56:56.452874,2026-07-04 23:56:56.452874,false,false,0,false,FT,true,2024,true
109621,883387,2023-05-13 12:15:00,47,1207,1195,1,1,FT,M. Káprály,,2026-02-27 00:01:51.060209,2026-03-07 22:21:01.152774,true,true,0,false,FT,true,2023,true
237838,212275,2020-01-26 15:00:00,14,1346,4099,0,3,FT,,,2026-02-27 00:01:51.060209,2026-02-27 00:01:51.060209,true,true,0,false,FT,true,2020,false
200616,214260,2020-02-14 20:00:00,5,102,117,2,2,FT,,,2026-02-27 00:01:51.060209,2026-02-27 00:01:51.060209,true,true,1,true,FT,true,2020,true
203620,27684,2018-12-01 19:00:00,6,99,3344,1,1,FT,,,2026-02-27 00:01:51.060209,2026-02-27 00:01:51.060209,true,true,0,false,FT,true,2018,true
566172,,2016-03-05 00:00:00,58,674,675,1,2,FT,,,2026-03-11 00:04:58.812185,2026-03-11 00:04:58.812185,true,false,1,true,FT,true,2016,true
264220,836314,2022-05-21 04:00:00,21,494,520,3,1,FT,K. Fukushima,,2026-02-27 00:01:51.060209,2026-03-10 11:49:42.14831,true,true,1,true,FT,true,2022,true
341506,407327,2015-11-08 20:30:00,72,4724,1152,0,2,FT,,,,,false,true,0,false,FT,true,2015,false
213924,903681,2022-11-27 14:00:00,8,188,185,2,2,FT,A. Prontera,,2026-02-27 00:01:51.060209,2026-03-07 22:30:47.028314,true,true,1,true,FT,true,2022,true
628744,1501575,2026-02-24 00:30:00,140,6430,6417,1,2,FT,,,2026-03-23 22:34:50.043411,2026-07-04 23:56:56.280444,true,false,0,false,FT,true,2026,true
129265,933017,2022-09-05 16:00:00,56,1566,1565,1,0,FT,A. Mohammadi,,2026-02-27 00:01:51.060209,2026-03-07 22:36:21.893724,true,true,0,false,FT,true,2022,false
100849152,849152,2022-05-14 15:00:00,100000247,100009187,100013516,2,3,FT,L. Matilainen,,2026-07-04 23:56:56.452874,2026-07-04 23:56:56.452874,false,false,0,false,FT,true,2022,true
100812769,812769,2021-11-21 20:00:00,100000131,100008374,100001956,1,2,FT,L. Di Bastiano,,2026-07-04 23:56:56.452874,2026-07-04 23:56:56.452874,false,false,0,false,FT,true,2021,true
82883,,2022-11-13 00:00:00,31,796,815,3,1,FT,,,2026-02-27 00:01:51.060209,2026-02-27 00:01:51.060209,true,true,0,false,FT,true,2022,true
213235,628208,2021-02-15 20:00:00,8,184,3462,2,2,FT,L. Marinelli,,2026-02-27 00:01:51.060209,2026-03-10 12:20:30.242517,true,true,1,true,FT,true,2021,true
101050150,1050150,2024-01-20 15:00:00,100000407,100005339,100005343,4,0,FT,,,2026-07-04 23:56:56.452874,2026-07-04 23:56:56.452874,false,false,0,false,FT,true,2024,false
267204,14558,2017-08-20 16:00:00,23,4392,573,2,0,FT,,,2026-02-27 00:01:51.060209,2026-02-27 00:01:51.060209,true,true,1,true,FT,true,2017,false
100184798,184798,2016-08-27 14:00:00,100000394,100004638,1935,2,1,FT,,,2026-07-04 23:56:56.452874,2026-07-04 23:56:56.452874,false,false,0,false,FT,true,2016,true
314999,500250,2014-09-13 16:30:00,51,1062,1046,2,0,FT,,,,,false,true,0,false,FT,true,2014,false
254771,37244,2018-06-10 22:00:00,19,438,433,1,2,FT,,,2026-02-27 00:01:51.060209,2026-02-27 00:01:51.060209,true,true,1,true,FT,true,2018,true
101577608,1577608,2026-11-28 16:00:00,109,6516,6519,,,NS,,,2026-07-04 23:56:56.452874,2026-07-04 23:56:56.452874,false,false,0,false,NS,false,2026,
86022,,2020-11-06 00:00:00,32,857,4497,0,1,FT,,,2026-02-27 00:01:51.060209,2026-03-07 23:49:30.236786,true,true,0,false,FT,true,2020,false
103406,1147365,2023-12-16 19:00:00,58,1105,1100,2,0,PEN,D. Rodriguez,,2026-02-27 00:01:51.060209,2026-03-07 22:07:39.094697,true,true,0,false,PEN,true,2023,false
285865,816282,2021-12-29 10:00:00,31,796,820,1,1,FT,Wang Di,,2026-02-27 00:01:51.060209,2026-03-10 11:58:56.287212,true,true,1,true,FT,true,2021,true
100724587,724587,2021-08-27 15:00:00,100000300,4726,100010091,0,1,FT,,,2026-07-04 23:56:56.452874,2026-07-04 23:56:56.452874,false,false,0,false,FT,true,2021,false
227256,871339,2023-02-11 14:30:00,11,269,256,3,1,FT,S. Jablonski,,2026-02-27 00:01:51.060209,2026-03-07 22:27:47.192773,true,true,1,true,FT,true,2023,true
85631,,2019-04-13 00:00:00,32,4487,857,2,1,FT,,,2026-02-27 00:01:51.060209,2026-03-07 23:49:30.236786,true,true,0,false,FT,true,2019,true
100413418,413418,2013-06-23 09:00:00,100000101,503,509,0,2,FT,,,2026-07-04 23:56:56.452874,2026-07-04 23:56:56.452874,false,false,0,false,FT,true,2013,false
101014828,1014828,2023-03-29 10:00:00,100000294,4530,100007096,1,0,FT,,,2026-07-04 23:56:56.452874,2026-07-04 23:56:56.452874,false,false,0,false,FT,true,2023,false
627303,1334220,2025-03-02 21:00:00,137,6383,6382,1,0,FT,,,2026-03-23 22:34:37.128997,2026-03-23 22:34:37.128997,true,false,0,false,FT,true,2025,false
101177578,1177578,2024-06-02 21:00:00,100000256,100004059,100023124,1,1,FT,,,2026-07-04 23:56:56.452874,2026-07-04 23:56:56.452874,false,false,0,false,FT,true,2024,true
101001502,1001502,2023-08-19 11:30:00,100000328,6303,100014287,5,0,FT,T. Üprus,,2026-07-04 23:56:56.452874,2026-07-04 23:56:56.452874,false,false,0,false,FT,true,2023,false
613145,1252342,2025-03-21 18:30:00,119,3499,3745,2,1,FT,,,2026-03-23 22:32:50.997694,2026-03-23 22:32:50.997694,true,false,0,false,FT,true,2025,true
101198362,1198362,2024-05-09 12:00:00,100000246,100002074,4504,1,1,FT,P. Viljanen,,2026-07-04 23:56:56.452874,2026-07-04 23:56:56.452874,false,false,0,false,FT,true,2024,true
100842182,842182,2022-10-03 16:00:00,100000328,100010061,100003517,2,1,FT,K. Kattus,,2026-07-04 23:56:56.452874,2026-07-04 23:56:56.452874,false,false,0,false,FT,true,2022,true
354612,39153,2018-09-18 19:00:00,89,376,581,3,0,FT,,,2026-02-27 00:01:51.060209,2026-02-27 00:01:51.060209,true,true,0,false,FT,true,2018,false
101298370,1298370,2025-03-07 13:00:00,100000585,100012460,100022699,0,0,FT,,,2026-07-04 23:56:56.452874,2026-07-04 23:56:56.452874,false,false,0,false,FT,true,2025,false
531377,,2017-06-04 00:00:00,39,4392,571,3,2,FT,,,2026-03-11 00:01:23.686186,2026-03-11 00:01:23.686186,true,false,1,true,FT,true,2017,true
274200,167093,2019-11-30 18:00:00,26,4422,640,2,1,FT,,,2026-02-27 00:01:51.060209,2026-02-27 00:01:51.060209,true,true,0,false,FT,true,2019,true
41187,,2020-10-10 00:00:00,20,483,472,0,1,FT,,,,,false,true,1,true,FT,true,2020,false
190822,1374041,2025-05-08 19:00:00,2,29,11,0,3,FT,O. Langford,,2026-02-27 00:01:51.060209,2026-03-07 21:35:34.334482,true,true,0,false,FT,true,2025,false
299168,536524,2014-03-13 13:00:00,40,1636,4542,0,0,FT,,,,,false,true,0,false,FT,true,2014,false
30827,1094472,2023-09-30 14:00:00,17,398,404,0,1,FT,D. Dickinson,,2026-02-27 00:01:51.060209,2026-03-07 22:13:03.197948,true,true,0,false,FT,true,2023,false
100809978,809978,2021-11-23 08:15:00,100000275,100004233,6324,1,1,FT,,,2026-07-04 23:56:56.452874,2026-07-04 23:56:56.452874,false,false,0,false,FT,true,2021,true
354664,39194,2018-11-06 17:55:00,89,216,359,0,4,FT,,,2026-02-27 00:01:51.060209,2026-02-27 00:01:51.060209,true,true,0,false,FT,true,2018,false
100985676,985676,2023-03-17 09:00:00,100000668,100014834,100014836,3,1,FT,,,2026-07-04 23:56:56.452874,2026-07-04 23:56:56.452874,false,false,0,false,FT,true,2023,true
100227764,227764,2018-03-22 14:30:00,100000411,100005408,100005557,2,1,FT,,,2026-07-04 23:56:56.452874,2026-07-04 23:56:56.452874,false,false,0,false,FT,true,2018,true
100722698,722698,2021-06-17 16:00:00,100000657,100014284,100016837,0,0,FT,,,2026-07-04 23:56:56.452874,2026-07-04 23:56:56.452874,false,false,0,false,FT,true,2021,false
100661241,661241,2021-03-05 22:00:00,100000722,100015920,100015934,2,1,FT,,,2026-07-04 23:56:56.452874,2026-07-04 23:56:56.452874,false,false,0,false,FT,true,2021,true
97949,823239,2022-04-05 01:00:00,46,978,985,0,1,FT,B. Santiago,,2026-02-27 00:01:51.060209,2026-03-10 11:53:21.23702,true,true,0,false,FT,true,2022,false
361020,78888,2018-07-19 18:30:00,90,1240,1857,1,1,FT,,,2026-02-27 00:01:51.060209,2026-02-27 00:01:51.060209,true,true,0,false,FT,true,2018,true
190941,1386666,2025-10-18 14:00:00,2,39,33,2,3,FT,Ruebyn Ricardo,,2026-02-27 00:01:51.060209,2026-07-04 23:56:56.280444,true,true,0,false,FT,true,2025,true
101552109,1552109,2027-05-14 18:00:00,73,1480,1467,,,NS,,,2026-07-04 23:56:56.452874,2026-07-04 23:56:56.452874,false,false,0,false,NS,false,2027,
281242,831370,2022-07-31 13:00:00,29,758,743,0,1,FT,K. Sjöberg,,2026-02-27 00:01:51.060209,2026-03-10 11:46:52.487557,true,true,1,true,FT,true,2022,false
101192028,1192028,2024-04-27 11:30:00,100000802,100023309,100016382,1,0,FT,F. Yansupov,,2026-07-04 23:56:56.452874,2026-07-04 23:56:56.452874,false,false,0,false,FT,true,2024,false
333432,15744,2018-04-21 15:00:00,65,4160,1338,1,0,FT,,,2026-02-27 00:01:51.060209,2026-02-27 00:01:51.060209,true,true,0,false,FT,true,2018,false
597456,,2017-09-30 00:00:00,104,411,422,1,1,FT,R Milne,,2026-03-23 22:09:51.989911,2026-03-23 22:09:51.989911,true,false,0,false,FT,true,2017,true
607887,1206895,2024-09-30 16:00:00,113,6064,6066,5,1,FT,,,2026-03-23 22:32:12.530796,2026-03-23 22:32:12.530796,true,false,0,false,FT,true,2024,true
198525,203763,2014-09-24 20:00:00,5,118,122,0,1,FT,,,,,false,true,0,false,FT,true,2014,false
101514437,1514437,2026-05-03 22:00:00,100000422,100008406,100010084,11,2,FT,,,2026-07-04 23:56:56.452874,2026-07-04 23:56:56.452874,false,false,0,false,FT,true,2026,true
100629418,629418,2021-02-14 10:00:00,100000142,100001914,100001919,2,0,FT,Sara Fernández Ceferino,,2026-07-04 23:56:56.452874,2026-07-04 23:56:56.452874,false,false,0,false,FT,true,2021,false
325335,1436246,2025-08-23 15:00:00,59,1274,4657,2,3,FT,,,2026-02-27 00:01:51.060209,2026-07-04 23:56:56.280444,true,true,0,false,FT,true,2025,true
526102,,2020-07-29 00:00:00,38,556,4391,3,2,FT,,,2026-03-11 00:00:42.195406,2026-03-11 00:00:42.195406,true,false,1,true,FT,true,2020,true
333102,16053,2017-08-23 15:00:00,65,4690,1353,2,1,FT,,,2026-02-27 00:01:51.060209,2026-02-27 00:01:51.060209,true,true,0,false,FT,true,2017,true
319167,100227,2018-02-08 12:30:00,56,1570,4626,3,0,FT,,,2026-02-27 00:01:51.060209,2026-02-27 00:01:51.060209,true,true,0,false,FT,true,2018,false
99599,827833,2022-09-25 20:30:00,45,1015,1009,0,0,FT,R. Sánchez,,2026-02-27 00:01:51.060209,2026-03-07 22:35:01.769103,true,true,0,false,FT,true,2022,false
192945,875716,2022-11-19 15:00:00,3,48,71,3,1,FT,A. Haines,,2026-02-27 00:01:51.060209,2026-03-07 22:30:58.32854,true,true,1,true,FT,true,2022,true
101153039,1153039,2024-02-03 12:00:00,100000899,4513,876,1,2,FT,D. Antamo,,2026-07-04 23:56:56.452874,2026-07-04 23:56:56.452874,false,false,0,false,FT,true,2024,true
617092,1135221,2023-10-22 13:00:00,124,6226,6210,1,0,FT,,,2026-03-23 22:33:17.119158,2026-03-23 22:33:17.119158,true,false,0,false,FT,true,2023,false
589952,,2016-10-22 00:00:00,28,4438,1097,0,1,FT,,,2026-03-22 05:16:06.604288,2026-03-22 05:16:06.604288,true,false,0,false,FT,true,2016,false
100700763,700763,2021-08-12 16:00:00,100000328,100003524,2014,0,1,FT,K. Kaivoja,,2026-07-04 23:56:56.452874,2026-07-04 23:56:56.452874,false,false,0,false,FT,true,2021,false
321004,469153,2014-11-22 18:20:00,57,942,423,0,1,FT,,,,,false,true,0,false,FT,true,2014,false
100629556,629556,2021-05-23 10:00:00,100000142,100015223,100001923,1,1,FT,Paola Cebollada,,2026-07-04 23:56:56.452874,2026-07-04 23:56:56.452874,false,false,0,false,FT,true,2021,true
570969,,2024-05-05 00:00:00,58,684,662,2,1,FT,,,2026-03-11 00:04:58.812185,2026-03-11 00:04:58.812185,true,false,1,true,FT,true,2024,true
294760,41000,2019-02-03 14:00:00,35,1833,1825,0,2,FT,,,2026-02-27 00:01:51.060209,2026-02-27 00:01:51.060209,true,true,0,false,FT,true,2019,false
108162,1082495,2024-01-02 17:00:00,44,1182,1177,3,1,FT,K. Athanasiou,,2026-02-27 00:01:51.060209,2026-03-07 22:06:57.776514,true,true,0,false,FT,true,2024,true
344999,440004,2012-06-16 15:00:00,74,4734,1493,0,0,FT,,,,,false,true,0,false,FT,true,2012,false
60891,,2019-10-05 00:00:00,25,624,633,3,1,FT,,,2026-02-27 00:01:51.060209,2026-02-27 00:01:51.060209,true,true,0,false,FT,true,2019,true
101504625,1504625,2026-01-16 13:30:00,100000402,100007456,100027327,0,0,FT,,,2026-07-04 23:56:56.452874,2026-07-04 23:56:56.452874,false,false,0,false,FT,true,2026,false
366784,57504,2018-08-18 13:30:00,98,3421,3389,3,2,AET,,,2026-02-27 00:01:51.060209,2026-02-27 00:01:51.060209,true,true,0,false,AET,true,2018,true
38203,,2012-07-19 00:00:00,20,479,461,2,1,FT,,,,,false,true,1,true,FT,true,2012,true
204780,607080,2021-04-26 17:00:00,6,100,133,2,2,FT,Daniel Ocón,,2026-02-27 00:01:51.060209,2026-03-10 12:14:22.10469,true,true,1,true,FT,true,2021,true
101333523,1333523,2025-02-08 20:00:00,100000131,100002427,100008383,3,0,FT,Guido Mascheroni,,2026-07-04 23:56:56.452874,2026-07-04 23:56:56.452874,false,false,0,false,FT,true,2025,false
574901,,2020-11-10 00:00:00,75,806,795,0,0,FT,,,2026-03-11 00:05:42.719571,2026-03-11 00:05:42.719571,true,false,1,true,FT,true,2020,false
184452,592859,2021-05-19 18:00:00,1,12,3,1,3,FT,A. Taylor,,2026-02-27 00:01:51.060209,2026-03-10 12:12:20.864419,true,true,1,true,FT,true,2021,true
100748946,748946,2021-09-04 09:00:00,100000668,100014839,100014832,1,2,FT,,,2026-07-04 23:56:56.452874,2026-07-04 23:56:56.452874,false,false,0,false,FT,true,2021,true
101131787,1131787,2023-10-12 07:00:00,100000275,100015830,100003881,1,0,FT,,,2026-07-04 23:56:56.452874,2026-07-04 23:56:56.452874,false,false,0,false,FT,true,2023,false
244997,31893,2018-05-12 13:00:00,16,371,4343,3,1,FT,,,2026-02-27 00:01:51.060209,2026-02-27 00:01:51.060209,true,true,0,false,FT,true,2018,true
569155,,2021-04-30 00:00:00,58,4428,2605,1,3,FT,,,2026-03-11 00:04:58.812185,2026-03-11 00:04:58.812185,true,false,1,true,FT,true,2021,true
379389,1493437,2026-03-29 00:00:00,76,1728,1731,0,1,FT,C. May,,2026-02-27 00:01:51.060209,2026-07-04 23:56:56.280444,true,false,0,false,FT,true,2026,false
100072966,72966,2018-05-16 16:00:00,100000104,564,100002146,5,2,FT,,,2026-07-04 23:56:56.452874,2026-07-04 23:56:56.452874,false,false,0,false,FT,true,2018,true
292860,1340579,2025-04-25 18:45:00,34,900,909,2,2,FT,P. McLaughlin,,2026-02-27 00:01:51.060209,2026-07-04 23:56:56.280444,true,true,1,true,FT,true,2025,true
207335,196796,2014-09-14 13:00:00,7,170,164,1,2,FT,,,,,false,true,0,false,FT,true,2014,true
140697,634397,2020-10-15 01:30:00,20,468,475,2,1,FT,,,2026-02-27 00:01:51.060209,2026-02-27 00:01:51.060209,true,true,1,true,FT,true,2020,true
101190604,1190604,2024-08-04 11:00:00,100000563,100011671,100011659,0,6,FT,A. Forsberg,,2026-07-04 23:56:56.452874,2026-07-04 23:56:56.452874,false,false,0,false,FT,true,2024,false
329568,1469634,2026-01-23 08:35:00,62,1587,1591,4,1,FT,Declan Woods,,2026-02-27 00:01:51.060209,2026-07-04 23:56:56.280444,true,true,0,false,FT,true,2026,true
101544225,1544225,2026-05-10 01:20:00,46,988,981,1,1,FT,"Carlos Ortega, Colombia",,2026-07-04 23:56:56.452874,2026-07-04 23:56:56.452874,false,false,0,false,FT,true,2026,true
291047,562962,2020-09-14 15:00:00,33,4504,877,1,1,FT,,,2026-02-27 00:01:51.060209,2026-02-27 00:01:51.060209,true,true,0,false,FT,true,2020,true
100475669,475669,2014-05-06 11:30:00,100000585,100008114,100012476,0,3,FT,,,2026-07-04 23:56:56.452874,2026-07-04 23:56:56.452874,false,false,0,false,FT,true,2014,false
290867,112365,2019-06-25 15:30:00,33,887,879,1,1,FT,,,2026-02-27 00:01:51.060209,2026-02-27 00:01:51.060209,true,true,1,true,FT,true,2019,true
101310580,1310580,2024-10-05 15:30:00,100000386,100004520,100004516,1,1,FT,,,2026-07-04 23:56:56.452874,2026-07-04 23:56:56.452874,false,false,0,false,FT,true,2024,true
235893,202837,2013-05-05 15:00:00,14,4099,1350,0,1,FT,,,,,false,true,0,false,FT,true,2013,false
100661078,661078,2020-11-29 21:00:00,100000722,100015937,100015919,7,0,FT,,,2026-07-04 23:56:56.452874,2026-07-04 23:56:56.452874,false,false,0,false,FT,true,2020,false
325729,98705,2017-09-30 13:00:00,60,1684,1666,0,2,FT,,,2026-02-27 00:01:51.060209,2026-02-27 00:01:51.060209,true,true,0,false,FT,true,2017,false
240655,136432,2016-08-27 16:00:00,15,4331,1445,2,1,FT,,,,,false,true,0,false,FT,true,2016,true
110139,1214994,2024-12-31 18:00:00,50,1216,1219,3,5,FT,D. Tzino,,2026-02-27 00:01:51.060209,2026-03-07 21:44:00.002443,true,true,0,false,FT,true,2024,true
67319,,2021-10-16 00:00:00,27,674,658,1,1,FT,,,2026-02-27 00:01:51.060209,2026-02-27 00:01:51.060209,true,true,0,false,FT,true,2021,true
112443,1050637,2023-10-08 18:15:00,55,1258,1263,4,1,FT,Ž. Jazbec,,2026-02-27 00:01:51.060209,2026-03-07 22:12:07.007299,true,true,0,false,FT,true,2023,true
330918,146019,2016-02-23 20:30:00,64,4681,1127,1,2,FT,,,,,false,true,0,false,FT,true,2016,true
272411,114883,2019-04-14 12:30:00,25,626,627,1,1,FT,,,2026-02-27 00:01:51.060209,2026-02-27 00:01:51.060209,true,true,1,true,FT,true,2019,true
588069,,2025-06-29 00:00:00,76,474,490,1,0,FT,,,2026-03-11 00:06:18.776628,2026-03-11 00:06:18.776628,true,false,0,false,FT,true,2025,false
154549,787857,2021-11-04 17:45:00,91,1282,1398,2,0,FT,P. Viljanen,,2026-02-27 00:01:51.060209,2026-03-10 12:02:29.192288,true,true,0,false,FT,true,2021,false
602669,1394126,2025-09-27 12:00:00,106,289,3436,1,1,FT,,,2026-03-23 22:31:28.426347,2026-07-04 23:56:56.280444,true,false,0,false,FT,true,2025,true
238866,898858,2023-04-24 19:15:00,14,332,327,0,2,FT,Luis Godinho,,2026-02-27 00:01:51.060209,2026-03-07 22:22:24.637644,true,true,1,true,FT,true,2023,false
115764,877135,2023-04-02 14:00:00,63,1325,1315,0,1,FT,M. Mitić,,2026-02-27 00:01:51.060209,2026-03-07 22:24:19.883985,true,true,0,false,FT,true,2023,false
100852322,852322,2022-05-22 18:00:00,100000282,100004226,1122,1,2,FT,L. Seminario,,2026-07-04 23:56:56.452874,2026-07-04 23:56:56.452874,false,false,0,false,FT,true,2022,true
148918,933168,2022-08-24 19:00:00,89,1162,569,4,1,AET,Antonio Mateu,,2026-02-27 00:01:51.060209,2026-03-10 11:44:59.068987,true,true,0,false,AET,true,2022,true
101300187,1300187,2025-01-25 01:00:00,100000722,100024951,100015940,1,0,FT,,,2026-07-04 23:56:56.452874,2026-07-04 23:56:56.452874,false,false,0,false,FT,true,2025,false
101564781,1564781,2027-05-08 11:30:00,3,50,61,,,NS,,,2026-07-04 23:56:56.452874,2026-07-04 23:56:56.452874,false,false,0,false,NS,false,2027,
624474,1268618,2024-09-28 08:30:00,133,6334,6338,0,1,FT,,,2026-03-23 22:34:09.706976,2026-03-23 22:34:09.706976,true,false,0,false,FT,true,2024,false
143617,1319439,2025-03-16 01:00:00,52,1767,1765,1,1,FT,B. Pineda,,2026-02-27 00:01:51.060209,2026-03-07 21:39:20.263301,true,true,0,false,FT,true,2025,true
337217,507526,2015-04-26 14:00:00,69,1704,1706,0,0,FT,,,,,false,true,0,false,FT,true,2015,false
237169,15621,2017-10-27 20:00:00,14,329,327,0,1,FT,,,2026-02-27 00:01:51.060209,2026-02-27 00:01:51.060209,true,true,0,false,FT,true,2017,false
178860,463101,2012-11-06 19:45:00,4,72,69,0,0,FT,,,,,false,true,0,false,FT,true,2012,false
191505,168250,2020-01-18 15:00:00,3,74,41,0,1,FT,M Edwards,,2026-02-27 00:01:51.060209,2026-03-11 02:42:11.035096,true,true,1,true,FT,true,2020,false
60511,,2017-10-14 00:00:00,25,626,620,2,2,FT,,,2026-02-27 00:01:51.060209,2026-02-27 00:01:51.060209,true,true,0,false,FT,true,2017,true
359710,540964,2015-12-10 18:00:00,90,266,1828,0,1,FT,,,,,false,true,0,false,FT,true,2015,false
540602,,2021-08-21 00:00:00,46,656,683,4,1,FT,,,2026-03-11 00:02:05.589521,2026-03-11 00:02:05.589521,true,false,1,true,FT,true,2021,true
626196,1510091,2026-03-10 01:30:00,136,6375,6364,2,3,FT,,,2026-03-23 22:34:29.798868,2026-07-04 23:56:56.280444,true,false,0,false,FT,true,2026,true
136102,758243,2022-04-06 17:30:00,60,1687,1666,0,1,FT,J. Chavani,,2026-02-27 00:01:51.060209,2026-03-10 11:53:16.627683,true,true,0,false,FT,true,2022,false
95528,971440,2023-03-20 21:30:00,28,701,705,1,0,FT,A. Merlos,,2026-02-27 00:01:51.060209,2026-03-07 22:24:55.253396,true,true,1,true,FT,true,2023,false
343163,1403924,2025-08-16 00:30:00,72,4728,1144,0,1,FT,,,2026-02-27 00:01:51.060209,2026-07-04 23:56:56.280444,true,true,0,false,FT,true,2025,false
99293,996120,2023-08-16 21:30:00,45,1009,1018,3,0,FT,Á. Cajas,,2026-02-27 00:01:51.060209,2026-03-07 22:16:20.753163,true,true,0,false,FT,true,2023,false
172879,445723,2015-01-10 15:00:00,2,39,47,3,1,FT,,,,,false,true,0,false,FT,true,2015,true
366811,57463,2018-10-31 19:45:00,98,257,260,0,5,FT,,,2026-02-27 00:01:51.060209,2026-02-27 00:01:51.060209,true,true,0,false,FT,true,2018,false
100120006,120006,2019-07-06 13:05:00,100000269,1064,4610,0,1,FT,J. Burgos,,2026-07-04 23:56:56.452874,2026-07-04 23:56:56.452874,false,false,0,false,FT,true,2019,false
100386767,386767,2015-08-31 13:00:00,100000343,100003697,100003690,0,1,FT,,,2026-07-04 23:56:56.452874,2026-07-04 23:56:56.452874,false,false,0,false,FT,true,2015,false
156846,944836,2022-09-03 14:00:00,95,2598,2546,3,0,FT,,,2026-02-27 00:01:51.060209,2026-02-27 00:01:51.060209,true,true,0,false,FT,true,2022,false
605068,1044284,2023-08-11 16:10:00,108,6005,4418,1,0,FT,,,2026-03-23 22:31:41.265746,2026-03-23 22:31:41.265746,true,false,0,false,FT,true,2023,false
241937,581415,2021-03-19 19:45:00,15,354,362,2,2,FT,E. Lambrechts,,2026-02-27 00:01:51.060209,2026-03-10 12:17:32.604032,true,true,1,true,FT,true,2021,true
100540697,540697,2016-04-21 12:00:00,100000363,100004126,100004124,0,0,FT,,,2026-07-04 23:56:56.452874,2026-07-04 23:56:56.452874,false,false,0,false,FT,true,2016,false
100409661,409661,2011-09-17 21:30:00,100000300,100011365,100011362,1,2,FT,,,2026-07-04 23:56:56.452874,2026-07-04 23:56:56.452874,false,false,0,false,FT,true,2011,true
574788,,2020-09-24 00:00:00,75,4475,805,0,2,FT,,,2026-03-11 00:05:42.719571,2026-03-11 00:05:42.719571,true,false,1,true,FT,true,2020,false
101564591,1564591,2027-02-09 19:45:00,3,34,23,,,NS,,,2026-07-04 23:56:56.452874,2026-07-04 23:56:56.452874,false,false,0,false,NS,false,2027,
132382,1312413,2024-12-19 15:00:00,40,1611,1614,0,0,FT,Ibrahim Ghuloum Mohamed,,2026-02-27 00:01:51.060209,2026-03-07 21:44:33.368935,true,true,0,false,FT,true,2024,false
52207,1150252,2024-02-04 01:05:00,22,525,537,2,2,FT,F. Hernández,,2026-02-27 00:01:51.060209,2026-03-07 22:05:32.404505,true,true,0,false,FT,true,2024,true
148063,852719,2022-04-16 13:00:00,35,1833,1820,1,1,FT,A. Diamantopoulos,,2026-02-27 00:01:51.060209,2026-03-10 11:52:31.672968,true,true,0,false,FT,true,2022,true
245472,216110,2020-01-18 17:00:00,16,384,383,0,2,FT,,,2026-02-27 00:01:51.060209,2026-02-27 00:01:51.060209,true,true,1,true,FT,true,2020,false
100150289,150289,2017-05-06 19:00:00,100000300,100002837,100002841,1,0,FT,,,2026-07-04 23:56:56.452874,2026-07-04 23:56:56.452874,false,false,0,false,FT,true,2017,false
100087306,87306,2018-10-07 08:00:00,100000277,6497,100002483,3,0,FT,,,2026-07-04 23:56:56.452874,2026-07-04 23:56:56.452874,false,false,0,false,FT,true,2018,false
247527,206528,2013-03-31 11:45:00,17,408,397,1,1,FT,,,,,false,true,0,false,FT,true,2013,true
101341836,1341836,2025-08-02 13:00:00,100000114,4455,741,0,0,FT,"Nanna Lof Andersen, Denmark",,2026-07-04 23:56:56.452874,2026-07-04 23:56:56.452874,false,false,0,false,FT,true,2025,false
53470,,2014-07-11 00:00:00,23,556,549,0,1,FT,,,,,false,true,1,true,FT,true,2014,false
100967082,967082,2022-10-31 13:00:00,100000499,6416,100002508,1,1,FT,,,2026-07-04 23:56:56.452874,2026-07-04 23:56:56.452874,false,false,0,false,FT,true,2022,true
99182,996245,2023-04-01 19:00:00,45,1010,1011,2,2,FT,R. Cabrera,,2026-02-27 00:01:51.060209,2026-03-07 22:24:26.794036,true,true,0,false,FT,true,2023,true
564475,,2012-10-20 00:00:00,58,667,4430,2,1,FT,,,2026-03-11 00:04:58.812185,2026-03-11 00:04:58.812185,true,false,1,true,FT,true,2012,true
314189,179596,2018-12-09 18:15:00,50,1212,1221,1,0,FT,,,2026-02-27 00:01:51.060209,2026-02-27 00:01:51.060209,true,true,0,false,FT,true,2018,false
130529,811520,2022-02-27 07:45:00,62,1594,1592,0,2,FT,J. Barreiro,,2026-02-27 00:01:51.060209,2026-03-10 11:55:53.965296,true,true,0,false,FT,true,2022,false
591478,,2024-09-14 00:00:00,103,2699,5949,3,0,FT,T Parsons,,2026-03-23 22:06:13.946674,2026-03-23 22:06:13.946674,true,false,0,false,FT,true,2024,false
96816,643593,2020-11-06 22:00:00,28,974,719,1,2,FT,,,2026-02-27 00:01:51.060209,2026-02-27 00:01:51.060209,true,true,2,true,FT,true,2020,true
100440402,440402,2012-09-29 12:30:00,100000390,100004567,100004582,2,1,FT,,,2026-07-04 23:56:56.452874,2026-07-04 23:56:56.452874,false,false,0,false,FT,true,2012,true
315614,85133,2019-04-07 19:00:00,51,1052,1057,0,1,FT,,,2026-02-27 00:01:51.060209,2026-02-27 00:01:51.060209,true,true,0,false,FT,true,2019,false
101016585,1016585,2023-05-14 20:00:00,100000300,100018807,4718,2,1,FT,,,2026-07-04 23:56:56.452874,2026-07-04 23:56:56.452874,false,false,0,false,FT,true,2023,true
343115,1376478,2025-05-31 23:30:00,72,1138,1142,1,3,FT,,,2026-02-27 00:01:51.060209,2026-07-04 23:56:56.280444,true,true,0,false,FT,true,2025,true
101360474,1360474,2025-09-14 11:00:00,100000364,100014366,4740,2,1,FT,,,2026-07-04 23:56:56.452874,2026-07-04 23:56:56.452874,false,false,0,false,FT,true,2025,true
562395,,2023-08-07 00:00:00,57,457,426,3,0,FT,,,2026-03-11 00:03:55.273295,2026-03-11 00:03:55.273295,true,false,1,true,FT,true,2023,false
101148955,1148955,2024-04-06 13:30:00,100000412,100005602,100005416,0,0,FT,,,2026-07-04 23:56:56.452874,2026-07-04 23:56:56.452874,false,false,0,false,FT,true,2024,false
592644,,2022-10-22 00:00:00,103,5945,2689,3,0,FT,A Jackson,,2026-03-23 22:06:56.442191,2026-03-23 22:06:56.442191,true,false,0,false,FT,true,2022,false
183080,11783,2017-11-26 14:00:00,1,1,3,0,1,FT,L Mason,,2026-02-27 00:01:51.060209,2026-03-11 02:31:38.546372,true,true,0,false,FT,true,2017,false
101923,983833,2023-08-28 23:00:00,53,1077,1079,2,2,FT,J. Sepúlveda,,2026-02-27 00:01:51.060209,2026-03-07 22:15:17.789638,true,true,0,false,FT,true,2023,true
237620,3674,2019-03-31 16:30:00,14,329,4170,0,2,FT,,,2026-02-27 00:01:51.060209,2026-02-27 00:01:51.060209,true,true,0,false,FT,true,2019,false
368382,121694,2017-12-02 18:00:00,100,5558,3568,3,0,FT,,,2026-02-27 00:01:51.060209,2026-02-27 00:01:51.060209,true,true,0,false,FT,true,2017,false
303941,230614,2019-08-29 14:10:00,42,1551,1547,2,0,FT,,,2026-02-27 00:01:51.060209,2026-02-27 00:01:51.060209,true,true,0,false,FT,true,2019,false
597588,,2018-04-14 00:00:00,104,419,415,2,0,FT,A Newlands,,2026-03-23 22:09:51.989911,2026-03-23 22:09:51.989911,true,false,0,false,FT,true,2018,false
101328184,1328184,2025-01-25 12:00:00,100000277,100022808,100024668,0,2,FT,,,2026-07-04 23:56:56.452874,2026-07-04 23:56:56.452874,false,false,0,false,FT,true,2025,false
100405119,405119,2015-12-19 14:30:00,100000110,2114,5177,0,1,FT,,,2026-07-04 23:56:56.452874,2026-07-04 23:56:56.452874,false,false,0,false,FT,true,2015,false
371384,1392147,2026-04-12 12:00:00,6,118,3201,1,0,FT,,,2026-02-27 00:01:51.060209,2026-07-04 23:56:56.280444,true,false,0,false,FT,true,2026,false
101496010,1496010,2026-11-08 16:00:00,100000104,100002153,100006976,,,NS,,,2026-07-04 23:56:56.452874,2026-07-04 23:56:56.452874,false,false,0,false,NS,false,2026,
175123,459750,2013-11-02 15:00:00,3,29,2685,1,1,FT,,,,,false,true,0,false,FT,true,2013,true
535570,,2012-10-06 00:00:00,46,669,657,1,0,FT,,,2026-03-11 00:02:05.589521,2026-03-11 00:02:05.589521,true,false,1,true,FT,true,2012,false
101551802,1551802,2026-09-18 18:00:00,73,1470,1476,,,NS,,,2026-07-04 23:56:56.452874,2026-07-04 23:56:56.452874,false,false,0,false,NS,false,2026,
546478,,2020-11-12 00:00:00,53,794,4476,1,2,FT,,,2026-03-11 00:02:49.526166,2026-03-11 00:02:49.526166,true,false,1,true,FT,true,2020,true
378675,1509065,2026-03-08 11:00:00,71,4717,1455,0,0,FT,,,2026-02-27 00:01:51.060209,2026-07-04 23:56:56.280444,true,false,0,false,FT,true,2026,false
212249,9472,2017-09-16 13:00:00,8,3460,187,3,1,FT,,,2026-02-27 00:01:51.060209,2026-02-27 00:01:51.060209,true,true,0,false,FT,true,2017,true
101099604,1099604,2024-03-23 15:00:00,100000142,100001911,100001907,7,0,FT,Beatriz Cuesta,,2026-07-04 23:56:56.452874,2026-07-04 23:56:56.452874,false,false,0,false,FT,true,2024,false
101170093,1170093,2024-02-20 19:30:00,100000073,100012946,967,1,0,FT,Maguielson Lima Barbosa,,2026-07-04 23:56:56.452874,2026-07-04 23:56:56.452874,false,false,0,false,FT,true,2024,false
615383,1041391,2023-09-30 14:00:00,122,6180,1815,2,1,FT,,,2026-03-23 22:33:07.019006,2026-03-23 22:33:07.019006,true,false,0,false,FT,true,2023,true
430072,,2017-04-08 00:00:00,10,5926,5927,0,3,FT,,,2026-03-10 23:39:47.261998,2026-03-10 23:39:47.261998,true,false,0,false,FT,true,2017,false
618830,1348371,2025-07-26 16:30:00,126,6260,4614,1,0,FT,,,2026-03-23 22:33:24.994347,2026-07-04 23:56:56.280444,true,false,0,false,FT,true,2025,false
198937,203415,2015-10-18 18:30:00,5,3208,107,2,2,FT,,,,,false,true,0,false,FT,true,2015,true
100506673,506673,2015-07-29 12:00:00,100000298,6030,6026,1,2,FT,,,2026-07-04 23:56:56.452874,2026-07-04 23:56:56.452874,false,false,0,false,FT,true,2015,true
180056,462081,2015-01-03 15:00:00,4,62,2690,1,1,FT,,,,,false,true,0,false,FT,true,2015,true
100980757,980757,2023-01-15 12:15:00,100000390,100011879,100004573,2,1,FT,Mohammad Issa,,2026-07-04 23:56:56.452874,2026-07-04 23:56:56.452874,false,false,0,false,FT,true,2023,true
100099612,99612,2017-10-04 12:00:00,100000291,100002708,1571,1,0,FT,,,2026-07-04 23:56:56.452874,2026-07-04 23:56:56.452874,false,false,0,false,FT,true,2017,false
101523687,1523687,2026-02-28 08:00:00,100000481,100010208,100010210,1,2,FT,,,2026-07-04 23:56:56.452874,2026-07-04 23:56:56.452874,false,false,0,false,FT,true,2026,true
100657666,657666,2021-03-06 16:30:00,100000331,100003546,100003543,0,1,FT,,,2026-07-04 23:56:56.452874,2026-07-04 23:56:56.452874,false,false,0,false,FT,true,2021,false
314246,179653,2019-02-04 19:00:00,50,1213,1225,3,2,FT,,,2026-02-27 00:01:51.060209,2026-02-27 00:01:51.060209,true,true,0,false,FT,true,2019,true
100590139,590139,2020-11-26 10:30:00,100000343,100006281,100014129,0,2,FT,,,2026-07-04 23:56:56.452874,2026-07-04 23:56:56.452874,false,false,0,false,FT,true,2020,false
293289,555546,2013-09-22 15:15:00,35,4521,1834,1,0,FT,,,,,false,true,0,false,FT,true,2013,false
100823722,823722,2022-01-08 14:00:00,100000412,100005596,100005421,0,1,FT,,,2026-07-04 23:56:56.452874,2026-07-04 23:56:56.452874,false,false,0,false,FT,true,2022,false
100563953,563953,2020-01-19 09:00:00,100000588,100012523,100012526,2,1,FT,,,2026-07-04 23:56:56.452874,2026-07-04 23:56:56.452874,false,false,0,false,FT,true,2020,true
21263,,2019-10-04 00:00:00,10,3524,251,1,0,FT,,,2026-02-27 00:01:51.060209,2026-03-07 23:49:30.236786,true,true,1,true,FT,true,2019,false
101009173,1009173,2023-09-01 18:15:00,100000269,4604,1060,1,0,FT,A. Martínez,,2026-07-04 23:56:56.452874,2026-07-04 23:56:56.452874,false,false,0,false,FT,true,2023,false
225157,194793,2016-03-12 14:30:00,11,257,270,3,0,FT,,,,,false,true,0,false,FT,true,2016,false
274491,718737,2021-07-31 18:30:00,26,647,642,0,0,FT,S. Schärer,,2026-02-27 00:01:51.060209,2026-03-10 12:09:45.879681,true,true,1,true,FT,true,2021,false
266125,120447,2018-10-28 02:00:00,22,528,533,0,0,FT,,,2026-02-27 00:01:51.060209,2026-02-27 00:01:51.060209,true,true,1,true,FT,true,2018,false
311113,358633,2013-02-09 14:00:00,48,1641,1663,2,1,FT,,,,,false,true,0,false,FT,true,2013,true
101434642,1434642,2025-10-26 18:30:00,100000758,1940,100016133,3,1,FT,,,2026-07-04 23:56:56.452874,2026-07-04 23:56:56.452874,false,false,0,false,FT,true,2025,true
100140838,140838,2018-09-29 14:00:00,100000245,4506,4509,0,2,FT,,,2026-07-04 23:56:56.452874,2026-07-04 23:56:56.452874,false,false,0,false,FT,true,2018,false
100140801,140801,2018-08-11 14:00:00,100000245,4512,4509,2,2,FT,,,2026-07-04 23:56:56.452874,2026-07-04 23:56:56.452874,false,false,0,false,FT,true,2018,true
348690,155077,2019-09-29 01:00:00,76,1749,1746,1,2,FT,,,2026-02-27 00:01:51.060209,2026-02-27 00:01:51.060209,true,true,0,false,FT,true,2019,true
631283,1137153,2024-04-28 15:00:00,142,6481,6461,3,0,FT,,,2026-03-23 22:35:01.912439,2026-03-23 22:35:01.912439,true,false,0,false,FT,true,2024,false
298851,1415585,2025-09-14 19:00:00,39,1359,1368,2,0,FT,,,2026-02-27 00:01:51.060209,2026-07-04 23:56:56.280444,true,true,0,false,FT,true,2025,false
145042,1151476,2024-02-03 23:00:00,67,1779,1785,1,1,FT,S. Brown,,2026-02-27 00:01:51.060209,2026-03-07 22:05:32.404505,true,true,0,false,FT,true,2024,true
100551969,551969,2012-08-19 02:00:00,100000338,100003655,6387,3,1,FT,,,2026-07-04 23:56:56.452874,2026-07-04 23:56:56.452874,false,false,0,false,FT,true,2012,true
631134,1137005,2024-01-07 15:00:00,142,6461,6471,2,1,FT,,,2026-03-23 22:35:01.912439,2026-03-23 22:35:01.912439,true,false,0,false,FT,true,2024,true
260693,1326490,2025-06-26 00:30:00,20,466,489,2,1,FT,Rubiel Vazquez,,2026-02-27 00:01:51.060209,2026-07-04 23:56:56.280444,true,true,1,true,FT,true,2025,true
172428,446392,2014-03-08 15:00:00,2,49,32,0,1,FT,,,,,false,true,0,false,FT,true,2014,false
101337874,1337874,2025-03-14 01:00:00,100000422,100008417,100008413,3,1,FT,,,2026-07-04 23:56:56.452874,2026-07-04 23:56:56.452874,false,false,0,false,FT,true,2025,true
151551,1172927,2024-11-16 17:00:00,80,1975,1973,1,1,FT,Chris Kavanagh,,2026-02-27 00:01:51.060209,2026-03-07 21:46:40.816589,true,true,0,false,FT,true,2024,true
345076,440081,2012-09-23 13:00:00,74,1493,4730,4,3,FT,,,,,false,true,0,false,FT,true,2012,true
247684,206262,2014-02-15 15:00:00,17,407,398,2,1,FT,,,,,false,true,0,false,FT,true,2014,true
100405720,405720,2013-01-05 15:15:00,100000110,2608,1838,1,1,FT,,,2026-07-04 23:56:56.452874,2026-07-04 23:56:56.452874,false,false,0,false,FT,true,2013,true
328048,127442,2019-05-25 14:00:00,61,1278,1281,1,2,FT,,,2026-02-27 00:01:51.060209,2026-02-27 00:01:51.060209,true,true,0,false,FT,true,2019,true
116195,569121,2020-08-29 17:30:00,63,1311,1325,0,0,FT,,,2026-02-27 00:01:51.060209,2026-02-27 00:01:51.060209,true,true,0,false,FT,true,2020,false
156495,293642,2021-11-16 20:00:00,85,2633,1920,3,0,FT,Wilton Pereira Sampaio,,2026-02-27 00:01:51.060209,2026-03-10 12:01:46.494289,true,true,0,false,FT,true,2021,false
100164159,164159,2019-10-02 08:30:00,100000275,100004240,100004234,3,2,FT,,,2026-07-04 23:56:56.452874,2026-07-04 23:56:56.452874,false,false,0,false,FT,true,2019,true
101570605,1570605,2027-03-14 16:00:00,5,114,3208,,,NS,,,2026-07-04 23:56:56.452874,2026-07-04 23:56:56.452874,false,false,0,false,NS,false,2027,
107761,587062,2021-04-11 17:10:00,43,1167,1162,0,2,FT,F. Jović,,2026-02-27 00:01:51.060209,2026-03-10 12:15:46.012186,true,true,0,false,FT,true,2021,false
626937,1390727,2025-10-11 21:00:00,137,6390,6384,2,1,FT,,,2026-03-23 22:34:35.793927,2026-07-04 23:56:56.280444,true,false,0,false,FT,true,2025,true
154398,1108092,2023-08-18 19:00:00,95,2249,2084,0,1,FT,,,2026-02-27 00:01:51.060209,2026-02-27 00:01:51.060209,true,true,0,false,FT,true,2023,false
101544805,1544805,2026-05-31 15:30:00,88,1911,1973,0,2,FT,"Filip Glova, Slovakia",,2026-07-04 23:56:56.452874,2026-07-04 23:56:56.452874,false,false,0,false,FT,true,2026,false
258840,491117,2015-11-02 02:30:00,20,478,471,2,1,FT,,,,,false,true,2,true,FT,true,2015,true
576859,,2025-02-23 00:00:00,75,830,831,2,2,FT,,,2026-03-11 00:05:42.719571,2026-03-11 00:05:42.719571,true,false,0,false,FT,true,2025,true
27802,1186244,2024-05-25 18:30:00,15,357,361,2,0,FT,M. Simonini,,2026-02-27 00:01:51.060209,2026-03-07 21:56:40.766826,true,true,0,false,FT,true,2024,false
82273,,2019-09-22 00:00:00,31,814,796,0,3,FT,,,2026-02-27 00:01:51.060209,2026-02-27 00:01:51.060209,true,true,0,false,FT,true,2019,false
101488777,1488777,2025-12-02 13:30:00,100000507,100024759,100024758,0,3,FT,,,2026-07-04 23:56:56.452874,2026-07-04 23:56:56.452874,false,false,0,false,FT,true,2025,false
366828,107273,2019-04-03 16:30:00,98,255,265,5,4,FT,,,2026-02-27 00:01:51.060209,2026-02-27 00:01:51.060209,true,true,0,false,FT,true,2019,true
101013610,1013610,2023-04-01 13:00:00,100000394,100005380,100005375,0,5,FT,,,2026-07-04 23:56:56.452874,2026-07-04 23:56:56.452874,false,false,0,false,FT,true,2023,false
101164774,1164774,2024-06-23 13:00:00,100000549,100010900,100011076,1,0,FT,A. Oberlauf,,2026-07-04 23:56:56.452874,2026-07-04 23:56:56.452874,false,false,0,false,FT,true,2024,false
101552453,1552453,2026-08-28 18:00:00,10,238,219,,,NS,,,2026-07-04 23:56:56.452874,2026-07-04 23:56:56.452874,false,false,0,false,NS,false,2026,
281196,831319,2022-05-29 15:30:00,29,4447,742,1,2,FT,K. Sjöberg,,2026-02-27 00:01:51.060209,2026-03-10 11:49:11.160374,true,true,1,true,FT,true,2022,true
632376,1075480,2024-03-10 12:00:00,143,6501,6495,2,0,FT,,,2026-03-23 22:35:08.341829,2026-03-23 22:35:08.341829,true,false,0,false,FT,true,2024,false
251363,50789,2018-12-29 15:00:00,18,398,414,2,1,FT,A Dallas,,2026-02-27 00:01:51.060209,2026-03-11 03:39:37.355794,true,true,0,false,FT,true,2018,true
605557,1219075,2024-08-28 11:00:00,110,6031,6025,1,1,FT,W. Jumpaoon,,2026-03-23 22:31:57.672973,2026-03-23 23:11:27.896352,true,false,0,false,FT,true,2024,true
101373375,1373375,2025-05-01 11:00:00,100000393,100004622,1876,2,2,FT,J. Scerri,,2026-07-04 23:56:56.452874,2026-07-04 23:56:56.452874,false,false,0,false,FT,true,2025,true
169586,193713,2013-03-02 15:00:00,1,38,13,1,0,FT,,,,,false,true,0,false,FT,true,2013,false
300228,350728,2017-05-17 17:00:00,40,4548,1627,1,1,FT,,,2026-02-27 00:01:51.060209,2026-02-27 00:01:51.060209,true,true,0,false,FT,true,2017,true
100682718,682718,2021-10-07 00:00:00,100000243,1004,1017,4,2,FT,,,2026-07-04 23:56:56.452874,2026-07-04 23:56:56.452874,false,false,0,false,FT,true,2021,true
100404124,404124,2013-05-04 13:00:00,100000400,100005207,100005209,1,0,FT,,,2026-07-04 23:56:56.452874,2026-07-04 23:56:56.452874,false,false,0,false,FT,true,2013,false
373208,1490239,2026-04-25 23:30:00,20,487,470,1,1,FT,,,2026-02-27 00:01:51.060209,2026-07-04 23:56:56.280444,true,false,0,false,FT,true,2026,true
248840,116529,2019-02-27 19:45:00,17,404,397,1,2,FT,S McLean,,2026-02-27 00:01:51.060209,2026-03-11 03:37:38.297571,true,true,0,false,FT,true,2019,true
542590,,2024-10-27 00:00:00,46,683,657,2,2,FT,,,2026-03-11 00:02:05.589521,2026-03-11 00:02:05.589521,true,false,1,true,FT,true,2024,true
198222,204220,2013-11-09 17:00:00,5,113,121,1,1,FT,,,,,false,true,0,false,FT,true,2013,true
100901467,901467,2022-12-04 13:00:00,100000400,100005199,100005196,1,0,FT,,,2026-07-04 23:56:56.452874,2026-07-04 23:56:56.452874,false,false,0,false,FT,true,2022,false
619660,1153291,2024-03-06 00:40:00,127,4572,4573,0,3,FT,,,2026-03-23 22:33:39.733851,2026-03-23 22:33:39.733851,true,false,0,false,FT,true,2024,false
332,1035463,2024-04-24 18:45:00,1,20,5,0,1,FT,S. Attwell,,2026-02-27 00:01:51.060209,2026-03-07 21:59:10.028096,true,true,0,false,FT,true,2024,false
192943,875714,2022-11-12 15:00:00,3,58,53,4,0,FT,D. Rock,,2026-02-27 00:01:51.060209,2026-03-07 22:31:20.087363,true,true,1,true,FT,true,2022,false
76404,,2019-05-25 00:00:00,29,4447,755,1,1,FT,,,2026-02-27 00:01:51.060209,2026-03-07 23:49:30.236786,true,true,0,false,FT,true,2019,true
303304,444979,2015-04-16 15:15:00,42,1547,1553,2,1,FT,,,,,false,true,0,false,FT,true,2015,true
100158961,158961,2017-06-24 12:00:00,100000363,100004119,100004130,1,0,FT,,,2026-07-04 23:56:56.452874,2026-07-04 23:56:56.452874,false,false,0,false,FT,true,2017,false
117726,569345,2021-03-20 14:00:00,63,1331,1324,0,2,FT,S. Jovanović,,2026-02-27 00:01:51.060209,2026-03-10 12:17:29.716031,true,true,0,false,FT,true,2021,false
129645,844122,2022-03-17 11:30:00,56,1568,1574,1,0,FT,A. Pourkhalaf,,2026-02-27 00:01:51.060209,2026-03-10 11:54:29.351738,true,true,0,false,FT,true,2022,false
570402,,2023-05-21 00:00:00,58,4428,682,1,2,FT,,,2026-03-11 00:04:58.812185,2026-03-11 00:04:58.812185,true,false,1,true,FT,true,2023,true
16343,1063284,2024-04-06 14:15:00,8,186,192,1,2,FT,M. Di Bello,,2026-02-27 00:01:51.060209,2026-03-07 22:01:03.078838,true,true,0,false,FT,true,2024,true
100076270,76270,2019-06-24 17:00:00,100000114,4457,765,1,1,FT,,,2026-07-04 23:56:56.452874,2026-07-04 23:56:56.452874,false,false,0,false,FT,true,2019,true
76291,,2018-10-28 00:00:00,29,748,737,1,1,FT,,,2026-02-27 00:01:51.060209,2026-02-27 00:01:51.060209,true,true,0,false,FT,true,2018,true
101106994,1106994,2024-01-20 18:30:00,100000758,1940,100016133,3,2,FT,,,2026-07-04 23:56:56.452874,2026-07-04 23:56:56.452874,false,false,0,false,FT,true,2024,true
100153262,153262,2016-08-28 19:30:00,100000300,100002844,100002830,0,2,FT,,,2026-07-04 23:56:56.452874,2026-07-04 23:56:56.452874,false,false,0,false,FT,true,2016,false
275563,154331,2019-08-18 15:30:00,27,682,2605,2,1,FT,,,2026-02-27 00:01:51.060209,2026-02-27 00:01:51.060209,true,true,2,true,FT,true,2019,true
101194850,1194850,2024-06-29 15:00:00,100000245,100009203,100009201,2,1,FT,J. Vuorinen,,2026-07-04 23:56:56.452874,2026-07-04 23:56:56.452874,false,false,0,false,FT,true,2024,true
88927,,2018-04-07 00:00:00,33,889,894,0,1,FT,,,2026-02-27 00:01:51.060209,2026-02-27 00:01:51.060209,true,true,0,false,FT,true,2018,false
157992,731110,2021-08-06 18:30:00,95,2028,2200,2,3,FT,,,2026-02-27 00:01:51.060209,2026-02-27 00:01:51.060209,true,true,0,false,FT,true,2021,true
27503,1038427,2023-07-30 16:30:00,15,359,360,1,1,FT,B. Put,,2026-02-27 00:01:51.060209,2026-03-07 22:17:24.894415,true,true,0,false,FT,true,2023,true
619124,1168991,2024-09-03 00:00:00,126,1081,1087,2,3,FT,,,2026-03-23 22:33:26.303449,2026-03-23 22:33:26.303449,true,false,0,false,FT,true,2024,true
101362283,1362283,2025-06-21 20:15:00,100000282,100002568,100010494,0,0,FT,Leonardo Romero Calderon,,2026-07-04 23:56:56.452874,2026-07-04 23:56:56.452874,false,false,0,false,FT,true,2025,false
267442,4958,2018-08-20 17:00:00,23,569,553,1,1,FT,,,2026-02-27 00:01:51.060209,2026-02-27 00:01:51.060209,true,true,1,true,FT,true,2018,true
258650,491284,2015-06-25 00:30:00,20,477,465,0,1,FT,,,,,false,true,2,true,FT,true,2015,false
344296,6372,2019-03-15 19:00:00,73,1469,310,1,1,FT,,,2026-02-27 00:01:51.060209,2026-02-27 00:01:51.060209,true,true,0,false,FT,true,2019,true
604895,1391704,2025-10-18 12:30:00,108,6006,6012,2,0,FT,,,2026-03-23 22:31:38.929706,2026-07-04 23:56:56.280444,true,false,0,false,FT,true,2025,false
236784,24126,2016-08-13 15:00:00,14,335,1377,1,1,FT,,,,,false,true,1,true,FT,true,2016,true
584552,,2022-04-09 00:00:00,76,480,477,1,0,FT,,,2026-03-11 00:06:18.776628,2026-03-11 00:06:18.776628,true,false,1,true,FT,true,2022,false
281704,1164317,2024-11-10 14:00:00,29,743,745,1,0,FT,V. Wolf,,2026-02-27 00:01:51.060209,2026-03-07 21:46:53.303602,true,true,1,true,FT,true,2024,false
537697,,2016-07-16 00:00:00,46,665,674,2,1,FT,,,2026-03-11 00:02:05.589521,2026-03-11 00:02:05.589521,true,false,1,true,FT,true,2016,true
289182,1360193,2025-04-28 15:00:00,32,839,871,0,1,FT,M. Barbu,,2026-02-27 00:01:51.060209,2026-03-07 21:36:15.15155,true,true,1,true,FT,true,2025,false
100228336,228336,2016-02-28 14:30:00,100000411,100005563,100005401,0,0,FT,,,2026-07-04 23:56:56.452874,2026-07-04 23:56:56.452874,false,false,0,false,FT,true,2016,false
97380,989292,2023-02-01 23:10:00,46,988,996,4,0,FT,F. Trujillo,,2026-02-27 00:01:51.060209,2026-03-07 22:28:22.676328,true,true,0,false,FT,true,2023,false
171555,446623,2012-09-22 14:00:00,2,50,20,0,2,FT,,,,,false,true,0,false,FT,true,2012,false
341413,407236,2015-08-30 21:30:00,72,1143,1155,0,0,FT,,,,,false,true,0,false,FT,true,2015,false
348396,154782,2019-06-15 23:30:00,76,1742,1725,0,5,FT,,,2026-02-27 00:01:51.060209,2026-02-27 00:01:51.060209,true,true,0,false,FT,true,2019,false
300914,244580,2019-10-06 15:30:00,40,1611,4549,1,1,FT,,,2026-02-27 00:01:51.060209,2026-02-27 00:01:51.060209,true,true,0,false,FT,true,2019,true
164642,794084,2021-09-25 10:00:00,101,3990,4161,2,1,FT,,,2026-02-27 00:01:51.060209,2026-02-27 00:01:51.060209,true,true,0,false,FT,true,2021,true
279348,1334510,2025-05-03 19:00:00,28,972,703,3,0,FT,Nicolas Lamolina,,2026-02-27 00:01:51.060209,2026-07-04 23:56:56.280444,true,true,0,false,FT,true,2025,false
151988,1232131,2024-08-03 14:00:00,95,2328,2329,2,1,FT,,,2026-02-27 00:01:51.060209,2026-02-27 00:01:51.060209,true,true,0,false,FT,true,2024,true
339525,542404,2015-09-11 12:00:00,71,1462,1454,1,4,FT,,,,,false,true,0,false,FT,true,2015,true
100708760,708760,2021-06-24 00:00:00,100000267,1077,6261,3,0,FT,N. Gamboa,,2026-07-04 23:56:56.452874,2026-07-04 23:56:56.452874,false,false,0,false,FT,true,2021,false
335866,171111,2016-08-14 18:00:00,68,1413,4698,0,2,FT,,,,,false,true,0,false,FT,true,2016,false
100848461,848461,2022-05-29 12:30:00,100000391,100004589,100004598,2,1,FT,,,2026-07-04 23:56:56.452874,2026-07-04 23:56:56.452874,false,false,0,false,FT,true,2022,true
247718,206283,2014-04-02 18:45:00,17,404,402,1,1,FT,,,,,false,true,0,false,FT,true,2014,true
365329,1451689,2025-09-02 18:45:00,95,2604,2515,2,1,FT,,,2026-02-27 00:01:51.060209,2026-07-04 23:56:56.280444,true,true,0,false,FT,true,2025,true
226481,587192,2020-09-26 13:30:00,11,256,266,2,0,FT,,,2026-02-27 00:01:51.060209,2026-02-27 00:01:51.060209,true,true,1,true,FT,true,2020,false
188829,593115,2020-12-19 15:00:00,2,27,41,1,0,FT,J. Brooks,,2026-02-27 00:01:51.060209,2026-03-10 12:25:08.332685,true,true,1,true,FT,true,2020,false
101524665,1524665,2026-05-30 23:00:00,100000256,100027518,100021281,4,2,FT,,,2026-07-04 23:56:56.452874,2026-07-04 23:56:56.452874,false,false,0,false,FT,true,2026,true
176475,458875,2016-03-05 15:00:00,3,88,48,1,3,FT,,,,,false,true,0,false,FT,true,2016,true
101205920,1205920,2024-09-30 18:00:00,100000131,100001924,100001942,1,1,FT,F. Cruz,,2026-07-04 23:56:56.452874,2026-07-04 23:56:56.452874,false,false,0,false,FT,true,2024,true
302192,108442,2017-01-27 13:15:00,41,1526,1528,2,4,FT,,,2026-02-27 00:01:51.060209,2026-02-27 00:01:51.060209,true,true,0,false,FT,true,2017,true
101490732,1490732,2026-06-10 11:00:00,100000668,100014838,100014834,0,4,FT,,,2026-07-04 23:56:56.452874,2026-07-04 23:56:56.452874,false,false,0,false,FT,true,2026,false
100877192,877192,2022-09-17 14:00:00,100000407,100005339,100005338,4,1,FT,,,2026-07-04 23:56:56.452874,2026-07-04 23:56:56.452874,false,false,0,false,FT,true,2022,true
150958,132919,2019-10-11 18:45:00,79,1988,1987,0,0,FT,,,2026-02-27 00:01:51.060209,2026-02-27 00:01:51.060209,true,true,0,false,FT,true,2019,false
371908,1389340,2026-03-06 19:00:00,10,235,234,1,0,FT,Pierre Gaillouste,,2026-02-27 00:01:51.060209,2026-07-04 23:56:56.280444,true,false,0,false,FT,true,2026,false
616400,1093750,2024-03-09 13:30:00,123,6187,4973,3,0,FT,,,2026-03-23 22:33:12.085992,2026-03-23 22:33:12.085992,true,false,0,false,FT,true,2024,false
214287,1234732,2024-10-30 19:30:00,8,189,173,0,0,FT,A. Santoro,,2026-02-27 00:01:51.060209,2026-03-07 21:48:02.964618,true,true,0,false,FT,true,2024,false
101294431,1294431,2024-09-18 13:00:00,100000756,100006290,100017660,1,4,FT,,,2026-07-04 23:56:56.452874,2026-07-04 23:56:56.452874,false,false,0,false,FT,true,2024,true
100700877,700877,2021-05-14 14:45:00,100000331,100003534,100003539,0,2,FT,,,2026-07-04 23:56:56.452874,2026-07-04 23:56:56.452874,false,false,0,false,FT,true,2021,false
187330,12051,2018-03-03 15:00:00,2,29,27,4,0,FT,T Harrington,,2026-02-27 00:01:51.060209,2026-03-11 02:37:21.003617,true,true,0,false,FT,true,2018,false
624810,1030036,2023-08-28 08:00:00,133,6337,6343,1,0,FT,,,2026-03-23 22:34:11.078269,2026-03-23 22:34:11.078269,true,false,0,false,FT,true,2023,false
188790,593076,2020-12-08 19:45:00,2,24,37,2,0,FT,G. Ward,,2026-02-27 00:01:51.060209,2026-03-15 03:06:15.828642,true,true,1,true,FT,true,2020,false
100440185,440185,2016-02-19 13:30:00,100000390,100004569,100004578,2,0,FT,,,2026-07-04 23:56:56.452874,2026-07-04 23:56:56.452874,false,false,0,false,FT,true,2016,false
100235550,235550,2019-08-20 13:00:00,100000343,100006282,100012164,,,CANC,,,2026-07-04 23:56:56.452874,2026-07-04 23:56:56.452874,false,false,0,false,CANC,false,2019,
591604,,2024-11-26 00:00:00,103,2685,5947,4,0,FT,D Baines,,2026-03-23 22:06:13.946674,2026-03-23 22:06:13.946674,true,false,0,false,FT,true,2024,false
625406,998384,2023-03-11 11:00:00,134,1893,2053,2,0,FT,,,2026-03-23 22:34:15.973134,2026-03-23 22:34:15.973134,true,false,0,false,FT,true,2023,false
283458,116141,2019-05-05 16:00:00,30,778,780,3,1,FT,,,2026-02-27 00:01:51.060209,2026-02-27 00:01:51.060209,true,true,1,true,FT,true,2019,true
528897,,2012-05-13 00:00:00,39,4397,560,0,0,FT,,,2026-03-11 00:01:23.686186,2026-03-11 00:01:23.686186,true,false,1,true,FT,true,2012,false
100505424,505424,2015-10-28 11:00:00,100000297,100013279,100013278,0,2,FT,,,2026-07-04 23:56:56.452874,2026-07-04 23:56:56.452874,false,false,0,false,FT,true,2015,false
329704,151556,2016-11-05 16:00:00,63,4677,1305,0,1,FT,,,,,false,true,0,false,FT,true,2016,false
100486424,486424,2014-04-23 17:00:00,100000598,100012684,100008060,1,1,FT,,,2026-07-04 23:56:56.452874,2026-07-04 23:56:56.452874,false,false,0,false,FT,true,2014,true
311525,358085,2014-11-22 17:00:00,48,1663,4585,2,1,FT,,,,,false,true,0,false,FT,true,2014,true
175231,459861,2014-01-07 19:45:00,3,66,61,0,2,FT,,,,,false,true,0,false,FT,true,2014,false
101004766,1004766,2023-02-11 00:00:00,100000907,100018712,100018704,,,PST,,,2026-07-04 23:56:56.452874,2026-07-04 23:56:56.452874,false,false,0,false,PST,false,2023,
106127,998253,2023-10-06 20:00:00,72,1151,1141,1,2,FT,A. Velasquez,,2026-02-27 00:01:51.060209,2026-03-07 22:12:29.851845,true,true,0,false,FT,true,2023,true
214258,1234703,2024-10-05 13:00:00,8,155,3450,0,1,FT,A. Arena,,2026-02-27 00:01:51.060209,2026-03-07 21:49:54.87891,true,true,0,false,FT,true,2024,false
335310,34466,2018-03-18 00:00:00,67,1779,1784,3,0,FT,,,2026-02-27 00:01:51.060209,2026-02-27 00:01:51.060209,true,true,0,false,FT,true,2018,false
101016579,1016579,2023-05-14 19:30:00,100000300,100002858,4724,0,1,FT,,,2026-07-04 23:56:56.452874,2026-07-04 23:56:56.452874,false,false,0,false,FT,true,2023,false
133932,1240432,2025-02-26 14:30:00,48,1646,1649,0,0,FT,A. Bouab,,2026-02-27 00:01:51.060209,2026-03-07 21:40:46.07844,true,true,0,false,FT,true,2025,false
183824,157130,2019-11-09 15:00:00,1,13,5,2,1,FT,M Atkinson,,2026-02-27 00:01:51.060209,2026-03-11 02:30:55.037264,true,true,1,true,FT,true,2019,true
101557573,1557573,2027-01-16 15:00:00,1,18,12,,,NS,,,2026-07-04 23:56:56.452874,2026-07-04 23:56:56.452874,false,false,0,false,NS,false,2027,
101184438,1184438,2024-03-17 15:30:00,100000386,100004519,100004525,0,2,FT,,,2026-07-04 23:56:56.452874,2026-07-04 23:56:56.452874,false,false,0,false,FT,true,2024,false
100180569,180569,2016-12-21 15:30:00,100000386,100004513,100004524,2,1,FT,,,2026-07-04 23:56:56.452874,2026-07-04 23:56:56.452874,false,false,0,false,FT,true,2016,true
372072,1388585,2026-04-26 13:30:00,11,262,254,1,1,FT,,,2026-02-27 00:01:51.060209,2026-07-04 23:56:56.280444,true,false,0,false,FT,true,2026,true
333129,16040,2017-08-27 15:00:00,65,322,1334,1,0,FT,,,2026-02-27 00:01:51.060209,2026-02-27 00:01:51.060209,true,true,0,false,FT,true,2017,false
300571,93545,2018-04-21 16:00:00,40,4549,1614,1,2,FT,,,2026-02-27 00:01:51.060209,2026-02-27 00:01:51.060209,true,true,0,false,FT,true,2018,true
100083219,83219,2018-04-07 19:00:00,100000269,1057,1051,2,2,FT,,,2026-07-04 23:56:56.452874,2026-07-04 23:56:56.452874,false,false,0,false,FT,true,2018,true
185685,1379045,2025-10-18 11:30:00,1,4,17,0,3,FT,Chris Kavanagh,,2026-02-27 00:01:51.060209,2026-07-04 23:56:56.280444,true,true,0,false,FT,true,2025,false
100681857,681857,2021-03-26 13:00:00,100000400,100005207,100005196,2,1,FT,,,2026-07-04 23:56:56.452874,2026-07-04 23:56:56.452874,false,false,0,false,FT,true,2021,true
251651,576841,2021-02-17 18:30:00,18,414,4363,0,1,FT,,,2026-02-27 00:01:51.060209,2026-02-27 00:01:51.060209,true,true,0,false,FT,true,2021,false
101561157,1561157,2026-10-10 13:00:00,100000506,100014942,100010552,,,NS,,,2026-07-04 23:56:56.452874,2026-07-04 23:56:56.452874,false,false,0,false,NS,false,2026,
366070,455145,2016-10-25 18:45:00,96,21,25,3,3,PEN,,,,,false,true,0,false,PEN,true,2016,true
52305,1150348,2024-04-20 03:10:00,22,526,527,3,1,FT,A. Escobedo,,2026-02-27 00:01:51.060209,2026-03-07 21:59:39.953753,true,true,0,false,FT,true,2024,true
176157,458559,2015-09-26 14:00:00,3,32,2698,3,1,FT,,,,,false,true,0,false,FT,true,2015,true
529898,,2014-05-20 00:00:00,39,563,560,0,0,FT,,,2026-03-11 00:01:23.686186,2026-03-11 00:01:23.686186,true,false,1,true,FT,true,2014,false
100150403,150403,2017-05-07 19:30:00,100000300,100002844,4721,2,0,FT,,,2026-07-04 23:56:56.452874,2026-07-04 23:56:56.452874,false,false,0,false,FT,true,2017,false
252496,191243,2012-07-08 19:00:00,19,970,441,1,1,FT,,,,,false,true,2,true,FT,true,2012,true
246308,758790,2022-02-27 13:00:00,16,378,4349,5,2,FT,Ç. Altay,,2026-02-27 00:01:51.060209,2026-03-10 11:55:51.668128,true,true,1,true,FT,true,2022,true
100404973,404973,2016-03-11 19:45:00,100000110,1959,1881,3,1,FT,,,2026-07-04 23:56:56.452874,2026-07-04 23:56:56.452874,false,false,0,false,FT,true,2016,true
595548,,2018-04-21 00:00:00,103,5944,80,0,2,FT,M Donohue,,2026-03-23 22:08:27.841702,2026-03-23 22:08:27.841702,true,false,0,false,FT,true,2018,false
53717,,2015-07-05 00:00:00,23,553,559,1,2,FT,,,,,false,true,1,true,FT,true,2015,true
588036,,2025-06-26 00:00:00,76,479,472,1,1,FT,,,2026-03-11 00:06:18.776628,2026-03-11 00:06:18.776628,true,false,0,false,FT,true,2025,true
177536,47752,2018-02-13 19:45:00,3,50,2650,2,2,FT,T Kettle,,2026-02-27 00:01:51.060209,2026-03-11 02:43:00.258069,true,true,0,false,FT,true,2018,true
101028165,1028165,2023-05-31 07:30:00,100000171,100001438,100005682,1,0,FT,Gan Shuran,,2026-07-04 23:56:56.452874,2026-07-04 23:56:56.452874,false,false,0,false,FT,true,2023,false
624724,1029953,2023-07-02 08:00:00,133,6327,6329,1,1,FT,,,2026-03-23 22:34:11.078269,2026-03-23 22:34:11.078269,true,false,0,false,FT,true,2023,true
132357,1312388,2024-11-08 15:00:00,40,1612,1623,0,2,FT,Tarek Magdy,,2026-02-27 00:01:51.060209,2026-03-07 21:47:12.673235,true,true,0,false,FT,true,2024,false
190574,1216145,2025-01-04 15:00:00,2,33,21,3,3,FT,A. Backhouse,,2026-02-27 00:01:51.060209,2026-03-07 21:43:54.304828,true,true,0,false,FT,true,2025,true
563196,,2024-08-10 00:00:00,57,455,956,1,0,FT,,,2026-03-11 00:03:55.273295,2026-03-11 00:03:55.273295,true,false,1,true,FT,true,2024,false
101333450,1333450,2025-01-15 16:55:00,100000330,100003538,100003540,3,1,FT,,,2026-07-04 23:56:56.452874,2026-07-04 23:56:56.452874,false,false,0,false,FT,true,2025,true
293708,555329,2014-12-21 17:30:00,35,1822,1828,1,2,FT,,,,,false,true,0,false,FT,true,2014,true
313443,144216,2019-04-27 23:30:00,49,1038,4594,1,0,FT,,,2026-02-27 00:01:51.060209,2026-02-27 00:01:51.060209,true,true,0,false,FT,true,2019,false
330938,146042,2016-03-09 16:00:00,64,4682,1120,1,0,FT,,,,,false,true,0,false,FT,true,2016,false
277640,188247,2015-10-06 00:10:00,28,714,695,0,0,FT,,,,,false,true,2,true,FT,true,2015,false
100076341,76341,2019-09-14 14:00:00,100000114,4457,4452,0,2,FT,,,2026-07-04 23:56:56.452874,2026-07-04 23:56:56.452874,false,false,0,false,FT,true,2019,false
101163955,1163955,2024-07-20 15:00:00,100000114,4450,4462,0,0,FT,F. Buqa,,2026-07-04 23:56:56.452874,2026-07-04 23:56:56.452874,false,false,0,false,FT,true,2024,false
100800160,800160,2021-10-25 13:45:00,100000275,100017903,100011133,1,4,FT,,,2026-07-04 23:56:56.452874,2026-07-04 23:56:56.452874,false,false,0,false,FT,true,2021,true
525451,,2018-11-24 00:00:00,38,552,573,2,0,FT,,,2026-03-11 00:00:42.195406,2026-03-11 00:00:42.195406,true,false,1,true,FT,true,2018,false
97691,990408,2023-09-14 23:40:00,46,983,997,1,0,FT,W. Mosquera,,2026-02-27 00:01:51.060209,2026-03-07 22:14:28.120508,true,true,0,false,FT,true,2023,false
101177300,1177300,2024-07-03 23:00:00,100000256,100004061,100009041,3,2,FT,,,2026-07-04 23:56:56.452874,2026-07-04 23:56:56.452874,false,false,0,false,FT,true,2024,true
589602,,2025-05-19 00:00:00,57,433,950,1,1,FT,,,2026-03-15 05:52:58.39255,2026-03-15 05:52:58.39255,true,false,0,false,FT,true,2025,true
239154,1231947,2025-03-10 20:15:00,14,322,329,1,0,FT,Carlos Macedo,,2026-02-27 00:01:51.060209,2026-03-07 21:39:40.940835,true,true,0,false,FT,true,2025,false
334924,433295,2016-04-28 01:00:00,67,1783,1781,5,0,FT,,,,,false,true,0,false,FT,true,2016,false
56505,,2013-07-16 00:00:00,24,590,587,1,2,FT,,,,,false,true,1,true,FT,true,2013,true
101120222,1120222,2024-06-09 12:00:00,100000277,100020687,100019477,1,0,FT,,,2026-07-04 23:56:56.452874,2026-07-04 23:56:56.452874,false,false,0,false,FT,true,2024,false
613767,1209434,2025-03-01 13:00:00,120,6161,6158,1,2,FT,,,2026-03-23 22:32:55.958968,2026-03-23 22:32:55.958968,true,false,0,false,FT,true,2025,true
100829464,829464,2022-07-12 17:00:00,100000114,4450,4455,2,2,FT,O. Johnson,,2026-07-04 23:56:56.452874,2026-07-04 23:56:56.452874,false,false,0,false,FT,true,2022,true
100183503,183503,2019-04-13 14:00:00,100000392,1953,100004616,2,1,FT,,,2026-07-04 23:56:56.452874,2026-07-04 23:56:56.452874,false,false,0,false,FT,true,2019,true
106347,841235,2022-08-28 21:00:00,72,1154,1151,3,3,FT,Á. Arteaga,,2026-02-27 00:01:51.060209,2026-03-07 22:37:00.467275,true,true,0,false,FT,true,2022,true
101397209,1397209,2026-02-15 11:00:00,100000142,100001905,100001912,0,2,FT,A. Pelaez,,2026-07-04 23:56:56.452874,2026-07-04 23:56:56.452874,false,false,0,false,FT,true,2026,false
100506608,506608,2016-07-13 12:00:00,100000298,6026,6037,4,2,FT,,,2026-07-04 23:56:56.452874,2026-07-04 23:56:56.452874,false,false,0,false,FT,true,2016,true
112138,572687,2021-02-27 13:00:00,54,1238,1232,2,1,FT,B. Kišš,,2026-02-27 00:01:51.060209,2026-03-10 12:19:35.217486,true,true,0,false,FT,true,2021,true
90570,,2013-07-05 00:00:00,34,906,910,3,1,FT,,,,,false,true,1,true,FT,true,2013,true
93340,1183217,2024-08-09 23:00:00,57,946,438,0,3,FT,Denis Ribeiro Serafim,,2026-02-27 00:01:51.060209,2026-03-07 21:54:08.429242,true,true,0,false,FT,true,2024,false
101369121,1369121,2025-06-07 02:00:00,100000256,100018882,100025936,1,0,FT,,,2026-07-04 23:56:56.452874,2026-07-04 23:56:56.452874,false,false,0,false,FT,true,2025,false
132663,1132613,2024-02-20 14:00:00,40,1628,1615,1,1,FT,Abdelaziz El Sayed,,2026-02-27 00:01:51.060209,2026-03-07 22:04:28.992968,true,true,0,false,FT,true,2024,true
208381,21385,2017-03-18 17:00:00,7,169,159,2,2,FT,,,2026-02-27 00:01:51.060209,2026-02-27 00:01:51.060209,true,true,0,false,FT,true,2017,true
540080,,2020-08-30 00:00:00,46,4430,673,2,2,FT,,,2026-03-11 00:02:05.589521,2026-03-11 00:02:05.589521,true,false,1,true,FT,true,2020,true
106409,967048,2022-10-20 22:00:00,72,1138,1143,0,1,FT,Y. Herrera,,2026-02-27 00:01:51.060209,2026-03-07 22:33:06.343152,true,true,0,false,FT,true,2022,false
101550959,1550959,2026-09-12 03:00:00,22,100002312,541,,,NS,,,2026-07-04 23:56:56.452874,2026-07-04 23:56:56.452874,false,false,0,false,NS,false,2026,
100538389,538389,2015-09-05 10:00:00,100000328,100010060,100013829,0,0,FT,M. Liiva,,2026-07-04 23:56:56.452874,2026-07-04 23:56:56.452874,false,false,0,false,FT,true,2015,false
101196606,1196606,2024-08-11 10:00:00,100000368,100004201,100004206,2,2,FT,F. Mohamed,,2026-07-04 23:56:56.452874,2026-07-04 23:56:56.452874,false,false,0,false,FT,true,2024,true
52790,,2025-10-19 00:00:00,22,534,531,2,0,FT,,,,,false,true,1,true,FT,true,2025,false
198351,204349,2014-03-01 17:00:00,5,122,110,2,0,FT,,,,,false,true,0,false,FT,true,2014,false
236107,202570,2014-03-29 20:15:00,14,327,332,1,0,FT,,,,,false,true,0,false,FT,true,2014,false
100968194,968194,2023-01-29 10:30:00,100000393,2063,2017,0,0,FT,D. Portelli,,2026-07-04 23:56:56.452874,2026-07-04 23:56:56.452874,false,false,0,false,FT,true,2023,false
366764,57419,2017-10-25 16:30:00,98,272,267,1,3,FT,,,2026-02-27 00:01:51.060209,2026-02-27 00:01:51.060209,true,true,0,false,FT,true,2017,true
244555,32343,2017-01-14 10:30:00,16,4337,4336,1,0,FT,,,2026-02-27 00:01:51.060209,2026-02-27 00:01:51.060209,true,true,0,false,FT,true,2017,false
101296296,1296296,2024-09-23 16:00:00,100000363,100004123,100004111,0,1,FT,,,2026-07-04 23:56:56.452874,2026-07-04 23:56:56.452874,false,false,0,false,FT,true,2024,false
128258,1104363,2023-09-29 15:00:00,42,1551,1543,3,2,FT,Abdullah Al Athbah,,2026-02-27 00:01:51.060209,2026-03-07 22:13:11.258589,true,true,0,false,FT,true,2023,true
281337,831465,2022-10-24 17:00:00,29,767,750,1,1,FT,B. Pandzic,,2026-02-27 00:01:51.060209,2026-03-07 22:32:40.003987,true,true,1,true,FT,true,2022,true
560667,,2021-06-30 00:00:00,57,437,451,3,4,FT,,,2026-03-11 00:03:55.273295,2026-03-11 00:03:55.273295,true,false,1,true,FT,true,2021,true
235183,1213458,2024-08-18 14:45:00,13,1482,303,2,1,FT,D. Higler,,2026-02-27 00:01:51.060209,2026-03-07 21:53:23.186341,true,true,0,false,FT,true,2024,true
101178487,1178487,2024-06-13 10:00:00,100000660,100014376,100014372,2,0,FT,,,2026-07-04 23:56:56.452874,2026-07-04 23:56:56.452874,false,false,0,false,FT,true,2024,false
324414,395264,2013-08-10 16:00:00,59,4653,1271,0,2,FT,,,,,false,true,0,false,FT,true,2013,false
100535082,535082,2014-08-09 21:00:00,100000243,4566,1015,1,1,FT,,,2026-07-04 23:56:56.452874,2026-07-04 23:56:56.452874,false,false,0,false,FT,true,2014,true
151357,1172946,2024-09-07 18:45:00,80,1901,2003,5,2,FT,Donatas Rumsas,,2026-02-27 00:01:51.060209,2026-03-07 21:52:03.720214,true,true,0,false,FT,true,2024,true
371288,1392043,2026-02-15 15:15:00,6,124,3198,2,0,FT,S. Ais,,2026-02-27 00:01:51.060209,2026-07-04 23:56:56.280444,true,false,0,false,FT,true,2026,false
225144,194780,2016-03-02 19:00:00,11,272,270,2,0,FT,,,,,false,true,0,false,FT,true,2016,false
358349,450931,2013-08-17 14:00:00,95,2196,2234,1,4,FT,,,,,false,true,0,false,FT,true,2013,true
101697,1161510,2024-09-15 18:00:00,53,1068,1074,3,1,FT,J. Lara,,2026-02-27 00:01:51.060209,2026-03-07 21:51:32.43297,true,true,0,false,FT,true,2024,true
101153803,1153803,2024-04-13 07:45:00,100000189,100001453,100018419,1,2,FT,,,2026-07-04 23:56:56.452874,2026-07-04 23:56:56.452874,false,false,0,false,FT,true,2024,true
249571,868699,2022-08-20 14:00:00,17,409,408,0,3,FT,Matthew MacDermid,,2026-02-27 00:01:51.060209,2026-03-10 11:45:21.182923,true,true,1,true,FT,true,2022,false
205609,878605,2023-02-05 13:00:00,6,130,118,0,2,FT,Raúl González,,2026-02-27 00:01:51.060209,2026-03-07 22:28:05.560346,true,true,1,true,FT,true,2023,false
310877,1380215,2025-09-20 18:15:00,47,1198,1194,0,2,FT,Balazs Berke,,2026-02-27 00:01:51.060209,2026-07-04 23:56:56.280444,true,true,0,false,FT,true,2025,false
100228051,228051,2017-04-05 14:30:00,100000411,100005561,100005401,0,1,FT,,,2026-07-04 23:56:56.452874,2026-07-04 23:56:56.452874,false,false,0,false,FT,true,2017,false
313394,144170,2019-03-11 22:15:00,49,1034,1040,1,0,FT,,,2026-02-27 00:01:51.060209,2026-02-27 00:01:51.060209,true,true,0,false,FT,true,2019,false
243806,508712,2014-09-15 17:00:00,16,388,382,1,1,FT,,,,,false,true,0,false,FT,true,2014,true
176634,47573,2016-08-06 14:00:00,3,77,41,1,0,FT,,,,,false,true,2,true,FT,true,2016,false
322596,94906,2019-05-28 22:15:00,57,951,954,2,1,FT,,,2026-02-27 00:01:51.060209,2026-02-27 00:01:51.060209,true,true,0,false,FT,true,2019,true
155302,1202201,2024-08-15 00:30:00,92,724,707,0,1,FT,A. Rojas,,2026-02-27 00:01:51.060209,2026-03-07 21:53:43.858084,true,true,0,false,FT,true,2024,false
100237613,237613,2020-04-05 00:00:00,100000142,100001912,100006377,,,CANC,,,2026-07-04 23:56:56.452874,2026-07-04 23:56:56.452874,false,false,0,false,CANC,false,2020,
248399,150859,2017-04-28 18:45:00,17,398,414,4,0,FT,C Thomson,,2026-02-27 00:01:51.060209,2026-03-11 03:37:59.695332,true,true,0,false,FT,true,2017,false
100162831,162831,2018-05-26 12:30:00,100000368,100004204,6407,3,1,FT,,,2026-07-04 23:56:56.452874,2026-07-04 23:56:56.452874,false,false,0,false,FT,true,2018,true
598828,,2019-12-07 00:00:00,105,5962,4366,2,1,FT,G Irvine,,2026-03-23 22:10:41.206923,2026-03-23 22:10:41.206923,true,false,0,false,FT,true,2019,true
341432,407256,2015-09-20 20:30:00,72,2994,1144,2,1,FT,,,,,false,true,0,false,FT,true,2015,true
456590,,2024-08-14 00:00:00,19,5147,961,2,1,FT,,,2026-03-10 23:49:19.454294,2026-03-10 23:49:19.454294,true,false,0,false,FT,true,2024,true
303702,109736,2017-10-21 14:25:00,42,1544,1548,1,4,FT,,,2026-02-27 00:01:51.060209,2026-02-27 00:01:51.060209,true,true,0,false,FT,true,2017,true
100551523,551523,2014-04-06 21:00:00,100000338,6387,6379,3,0,FT,,,2026-07-04 23:56:56.452874,2026-07-04 23:56:56.452874,false,false,0,false,FT,true,2014,false
100439082,439082,2014-11-08 11:30:00,100000364,100011863,100011865,0,0,FT,,,2026-07-04 23:56:56.452874,2026-07-04 23:56:56.452874,false,false,0,false,FT,true,2014,false
309859,436262,2015-07-26 16:00:00,47,1203,1199,3,1,FT,,,,,false,true,0,false,FT,true,2015,true
100389799,389799,2012-05-12 07:00:00,100000191,100010221,100010217,1,1,FT,,,2026-07-04 23:56:56.452874,2026-07-04 23:56:56.452874,false,false,0,false,FT,true,2012,true
247404,206405,2012-11-03 15:00:00,17,405,414,1,2,FT,,,,,false,true,0,false,FT,true,2012,true
350791,1169547,2025-06-07 21:00:00,86,2848,2843,0,5,FT,Luis Enrique Santander Aguirre,,2026-02-27 00:01:51.060209,2026-07-04 23:56:56.280444,true,true,0,false,FT,true,2025,false
194142,1387395,2026-01-04 12:00:00,3,56,50,5,2,FT,Charles Breakspear,,2026-02-27 00:01:51.060209,2026-07-04 23:56:56.280444,true,true,0,false,FT,true,2026,true
100251376,251376,2018-07-21 20:00:00,100000075,964,100001224,1,0,FT,,,2026-07-04 23:56:56.452874,2026-07-04 23:56:56.452874,false,false,0,false,FT,true,2018,false
207563,197024,2015-03-01 11:30:00,7,170,154,1,2,FT,,,,,false,true,0,false,FT,true,2015,true
591673,,2025-01-14 00:00:00,103,2705,5944,1,3,FT,J Westgate,,2026-03-23 22:06:13.946674,2026-03-23 22:06:13.946674,true,false,0,false,FT,true,2025,true
217783,571510,2020-09-20 15:00:00,9,219,230,2,2,FT,,,2026-02-27 00:01:51.060209,2026-02-27 00:01:51.060209,true,true,1,true,FT,true,2020,true
100849168,849168,2022-06-05 15:30:00,100000247,100018759,100010667,3,2,FT,J. Manninen,,2026-07-04 23:56:56.452874,2026-07-04 23:56:56.452874,false,false,0,false,FT,true,2022,true
335156,34582,2017-09-23 22:00:00,67,1779,1780,0,1,FT,,,2026-02-27 00:01:51.060209,2026-02-27 00:01:51.060209,true,true,0,false,FT,true,2017,false
100318709,318709,2020-08-23 14:00:00,100000166,100002115,100004170,1,0,FT,,,2026-07-04 23:56:56.452874,2026-07-04 23:56:56.452874,false,false,0,false,FT,true,2020,false
250568,207170,2014-08-30 14:00:00,18,406,4363,4,2,FT,,,,,false,true,0,false,FT,true,2014,true
100113311,113311,2019-04-17 20:00:00,100000300,100002837,4723,4,1,FT,,,2026-07-04 23:56:56.452874,2026-07-04 23:56:56.452874,false,false,0,false,FT,true,2019,true
132589,1132530,2023-10-05 13:00:00,40,1616,1630,3,3,FT,Mohamed Kabeel,,2026-02-27 00:01:51.060209,2026-03-07 22:12:36.789767,true,true,0,false,FT,true,2023,true
269646,40415,2018-10-20 13:30:00,24,4404,595,0,0,FT,,,2026-02-27 00:01:51.060209,2026-02-27 00:01:51.060209,true,true,0,false,FT,true,2018,false
101575675,1575675,2027-03-14 16:00:00,14,326,331,,,NS,,,2026-07-04 23:56:56.452874,2026-07-04 23:56:56.452874,false,false,0,false,NS,false,2027,
100971881,971881,2022-11-30 12:00:00,100000298,100002863,100006588,4,1,FT,S. Saenchu,,2026-07-04 23:56:56.452874,2026-07-04 23:56:56.452874,false,false,0,false,FT,true,2022,true
100887854,887854,2022-08-14 08:30:00,100000506,100010544,100010540,1,4,FT,B. Benedik,,2026-07-04 23:56:56.452874,2026-07-04 23:56:56.452874,false,false,0,false,FT,true,2022,true
100065265,65265,2017-01-28 11:30:00,100000142,100001910,100001917,5,1,FT,,,2026-07-04 23:56:56.452874,2026-07-04 23:56:56.452874,false,false,0,false,FT,true,2017,true
605993,1057926,2024-05-12 12:00:00,110,6035,6041,5,0,FT,W. Sassadee,,2026-03-23 22:31:58.945087,2026-03-23 23:15:20.053047,true,false,0,false,FT,true,2024,false
329757,151609,2017-02-18 13:00:00,63,4677,1332,1,0,FT,,,2026-02-27 00:01:51.060209,2026-02-27 00:01:51.060209,true,true,0,false,FT,true,2017,false
126755,962336,2022-10-02 05:00:00,38,1514,1513,1,2,FT,Park Byung-Jin,,2026-02-27 00:01:51.060209,2026-03-07 22:34:38.980935,true,true,0,false,FT,true,2022,true
357647,451225,2012-09-22 14:00:00,95,2537,2637,1,1,FT,,,,,false,true,0,false,FT,true,2012,true
212443,38294,2018-12-23 11:30:00,8,162,3457,1,0,FT,,,2026-02-27 00:01:51.060209,2026-02-27 00:01:51.060209,true,true,0,false,FT,true,2018,false
110715,1014717,2023-04-23 17:30:00,50,1216,1213,1,2,FT,O. Grinfeeld,,2026-02-27 00:01:51.060209,2026-03-07 22:22:30.272433,true,true,0,false,FT,true,2023,true
101416012,1416012,2025-11-07 13:00:00,100000400,100021875,100005199,0,0,FT,,,2026-07-04 23:56:56.452874,2026-07-04 23:56:56.452874,false,false,0,false,FT,true,2025,false
65500,,2015-06-03 00:00:00,27,659,664,1,6,FT,,,,,false,true,1,true,FT,true,2015,true
158672,764970,2021-08-21 14:00:00,95,2304,2383,5,1,FT,,,2026-02-27 00:01:51.060209,2026-02-27 00:01:51.060209,true,true,0,false,FT,true,2021,true
375195,1495697,2026-06-13 12:00:00,33,891,4504,1,0,FT,,,2026-02-27 00:01:51.060209,2026-07-04 23:56:56.280444,true,false,0,false,FT,true,2026,false
360541,350096,2017-07-06 16:00:00,90,1845,1254,2,3,FT,,,2026-02-27 00:01:51.060209,2026-02-27 00:01:51.060209,true,true,0,false,FT,true,2017,true
100223452,223452,2018-04-04 13:00:00,100000400,100005203,100005196,1,0,FT,,,2026-07-04 23:56:56.452874,2026-07-04 23:56:56.452874,false,false,0,false,FT,true,2018,false
101342448,1342448,2025-04-21 15:00:00,100000104,4391,100002150,1,2,FT,Steinar Hauge,,2026-07-04 23:56:56.452874,2026-07-04 23:56:56.452874,false,false,0,false,FT,true,2025,true
100160925,160925,2016-07-02 14:00:00,100000166,100004165,100004164,3,1,FT,,,2026-07-04 23:56:56.452874,2026-07-04 23:56:56.452874,false,false,0,false,FT,true,2016,true
101374455,1374455,2025-05-10 11:00:00,100000277,6507,100024667,1,1,FT,,,2026-07-04 23:56:56.452874,2026-07-04 23:56:56.452874,false,false,0,false,FT,true,2025,true
101554203,1554203,2026-10-24 16:00:00,116,100002645,1315,,,NS,,,2026-07-04 23:56:56.452874,2026-07-04 23:56:56.452874,false,false,0,false,NS,false,2026,
141120,1150095,2024-09-22 02:30:00,76,1726,1720,4,0,FT,G. Flores,,2026-02-27 00:01:51.060209,2026-03-07 21:51:03.538094,true,true,0,false,FT,true,2024,false
132186,689863,2021-04-07 18:30:00,39,1610,1360,0,1,FT,A. Elyaakoubi,,2026-02-27 00:01:51.060209,2026-03-10 12:16:13.232573,true,true,0,false,FT,true,2021,false
560046,,2020-10-10 00:00:00,57,434,455,0,0,FT,,,2026-03-11 00:03:55.273295,2026-03-11 00:03:55.273295,true,false,1,true,FT,true,2020,false
100486804,486804,2012-01-03 18:00:00,100000598,100012677,100012675,2,1,FT,,,2026-07-04 23:56:56.452874,2026-07-04 23:56:56.452874,false,false,0,false,FT,true,2012,true
167600,,2024-11-23 00:00:00,19,440,2789,0,1,FT,,,2026-02-27 00:01:51.060209,2026-02-27 00:01:51.060209,true,true,0,false,FT,true,2024,false
100219016,219016,2019-07-03 14:00:00,100000402,100005241,100005249,1,0,FT,,,2026-07-04 23:56:56.452874,2026-07-04 23:56:56.452874,false,false,0,false,FT,true,2019,false
101490666,1490666,2026-04-18 10:00:00,100000668,100014831,100014830,1,1,FT,,,2026-07-04 23:56:56.452874,2026-07-04 23:56:56.452874,false,false,0,false,FT,true,2026,true
301362,498728,2012-09-28 16:15:00,41,1526,1524,2,0,FT,,,,,false,true,0,false,FT,true,2012,false
225594,11177,2017-09-23 13:30:00,11,261,270,2,1,FT,,,2026-02-27 00:01:51.060209,2026-02-27 00:01:51.060209,true,true,0,false,FT,true,2017,true
592919,,2023-03-18 00:00:00,103,2706,93,1,2,FT,M Corlett,,2026-03-23 22:06:56.442191,2026-03-23 22:06:56.442191,true,false,0,false,FT,true,2023,true
298557,39804,2019-04-07 15:00:00,39,1357,1362,1,0,FT,,,2026-02-27 00:01:51.060209,2026-02-27 00:01:51.060209,true,true,0,false,FT,true,2019,false
285537,78248,2019-11-23 07:30:00,31,806,816,3,0,FT,,,2026-02-27 00:01:51.060209,2026-02-27 00:01:51.060209,true,true,1,true,FT,true,2019,false
100405596,405596,2012-08-17 18:30:00,100000110,1959,2608,4,4,FT,,,2026-07-04 23:56:56.452874,2026-07-04 23:56:56.452874,false,false,0,false,FT,true,2012,true
206729,197710,2012-12-16 14:00:00,7,172,3458,4,1,FT,,,,,false,true,0,false,FT,true,2012,true
146573,708934,2021-07-30 17:00:00,36,1799,1797,1,3,FT,O. Pechanec,,2026-02-27 00:01:51.060209,2026-03-10 12:09:51.577176,true,true,0,false,FT,true,2021,true
172240,446199,2013-12-03 19:45:00,2,32,4,2,2,FT,,,,,false,true,0,false,FT,true,2013,true
523307,,2014-07-20 00:00:00,38,564,552,0,0,FT,,,2026-03-11 00:00:42.195406,2026-03-11 00:00:42.195406,true,false,1,true,FT,true,2014,false
324181,1482752,2025-11-30 23:30:00,58,1103,1094,1,0,FT,,,2026-02-27 00:01:51.060209,2026-07-04 23:56:56.280444,true,true,0,false,FT,true,2025,false
365027,1423765,2025-08-05 18:45:00,95,2401,2281,2,1,AET,,,2026-02-27 00:01:51.060209,2026-07-04 23:56:56.280444,true,true,0,false,AET,true,2025,true
179809,461830,2014-08-19 18:45:00,4,34,63,1,1,FT,,,,,false,true,0,false,FT,true,2014,true
596846,,2021-09-25 00:00:00,104,4361,422,1,1,FT,M MacDermid,,2026-03-23 22:09:29.781116,2026-03-23 22:09:29.781116,true,false,0,false,FT,true,2021,true
101160429,1160429,2024-04-21 16:00:00,100000131,6246,6244,1,0,FT,M. Biasutto,,2026-07-04 23:56:56.452874,2026-07-04 23:56:56.452874,false,false,0,false,FT,true,2024,false
581949,,2018-11-02 00:00:00,76,465,462,1,1,FT,,,2026-03-11 00:06:18.776628,2026-03-11 00:06:18.776628,true,false,1,true,FT,true,2018,true
104479,985100,2023-02-05 15:00:00,64,1117,1123,3,0,FT,K. Ortega,,2026-02-27 00:01:51.060209,2026-03-07 22:28:04.437244,true,true,0,false,FT,true,2023,false
172812,445655,2014-11-29 15:00:00,2,21,49,2,0,FT,,,,,false,true,0,false,FT,true,2014,false
623917,1176156,2024-11-02 11:00:00,132,1885,1852,2,1,FT,,,2026-03-23 22:34:04.820394,2026-03-23 22:34:04.820394,true,false,0,false,FT,true,2024,true
100826749,826749,2022-02-23 18:30:00,100000073,100018317,4645,4,2,FT,Ivan da Silva Guimarães Junior,,2026-07-04 23:56:56.452874,2026-07-04 23:56:56.452874,false,false,0,false,FT,true,2022,true
101198676,1198676,2024-05-30 15:00:00,100000291,100022237,100019965,1,1,FT,,,2026-07-04 23:56:56.452874,2026-07-04 23:56:56.452874,false,false,0,false,FT,true,2024,true
47644,,2024-03-30 00:00:00,21,523,498,3,1,FT,,,2026-02-27 00:01:51.060209,2026-02-27 00:01:51.060209,true,true,0,false,FT,true,2024,true
183675,408,2019-04-22 19:00:00,1,17,1,2,2,FT,K Friend,,2026-02-27 00:01:51.060209,2026-03-11 02:31:19.417585,true,true,0,false,FT,true,2019,true
101553972,1553972,2027-03-13 17:00:00,63,1308,1307,,,NS,,,2026-07-04 23:56:56.452874,2026-07-04 23:56:56.452874,false,false,0,false,NS,false,2027,
310568,83352,2019-03-02 16:00:00,47,1208,4574,1,3,FT,,,2026-02-27 00:01:51.060209,2026-02-27 00:01:51.060209,true,true,0,false,FT,true,2019,true
162011,1311481,2024-10-30 19:30:00,97,3180,3181,1,0,FT,Fernando Bueno,,2026-02-27 00:01:51.060209,2026-03-07 21:48:02.964618,true,true,0,false,FT,true,2024,false
