fixture_id,home_shots_total,away_shots_total,home_shots_on_goal,away_shots_on_goal,home_shots_inside_box,away_shots_inside_box,home_shots_outside_box,away_shots_outside_box,home_blocked_shots,away_blocked_shots,home_penalties,away_penalties,home_corners,away_corners,home_yellow_cards,away_yellow_cards,home_red_cards,away_red_cards,home_xg,away_xg,home_possession,away_possession,home_fouls,away_fouls,home_offsides,away_offsides,home_pass_accuracy,away_pass_accuracy,home_goals_ht,away_goals_ht,home_xg_ht,away_xg_ht,stats_fetched_at,in_csv,in_pq,xg_covered,xg_nulled,known_at
188036,0,0,0,0,0,0,0,0,0,0,0,0,0,0,0,0,0,0,,,,,,,,,,,1,0,,,,true,true,true,true,2019-05-27 15:45:00
631871,,,,,,,,,,,,,,,,,,,,,,,,,,,,,1,0,,,,true,false,true,,2024-09-21 13:45:00
366987,0,0,0,0,0,0,0,0,0,0,0,0,0,0,0,0,0,0,,,,,,,,,,,,,,,,false,true,false,true,2016-08-13 20:15:00
332120,12,6,7,0,7,1,5,5,2,3,0,0,6,1,3,2,0,1,0.98,0.29,,,,,,,,,1,0,,,,true,true,true,false,2019-07-21 02:45:00
137632,13,11,3,6,6,9,7,2,6,3,1,1,6,3,1,2,0,1,1.58,1.75,51,49,14,12,2,0,86,85,0,0,,,,true,true,true,false,2025-03-17 01:45:00
344891,25,12,9,4,14,9,11,3,11,1,0,0,12,5,0,2,0,0,2.0,1.14,43,57,4,9,1,1,77,84,0,0,,,,true,true,true,false,2026-01-18 15:15:00
276706,6,22,3,8,4,15,2,7,1,7,0,1,1,10,6,1,0,0,0.53,2.62,33,67,12,8,2,0,61,80,0,1,,,,true,true,true,false,2023-11-26 13:15:00
304809,0,0,0,0,0,0,0,0,0,0,0,0,2,5,2,2,0,0,,,,,,,,,,,0,2,,,,true,true,false,true,2020-02-21 18:45:00
193178,10,13,5,4,7,10,3,3,0,1,0,0,6,6,5,3,0,0,0.91,1.26,58,42,12,11,1,0,74,65,1,0,,,,true,true,true,false,2023-03-25 16:45:00
100427,0,0,0,0,0,0,0,0,0,0,0,0,0,0,0,0,0,0,,,,,0,0,0,0,,,0,0,,,2026-03-10 11:54:13.257462,true,true,false,true,2022-03-20 01:00:00
225433,15,15,6,11,12,9,3,6,3,1,0,1,4,5,4,0,1,1,1.49,1.89,,,,,,,,,0,1,,,,true,true,true,false,2017-02-18 16:15:00
220448,0,0,6,6,0,0,0,0,0,0,0,0,6,5,4,2,0,0,,,,,,,,,,,,,,,,false,true,false,true,2015-03-13 20:45:00
138102,14,4,4,2,9,3,5,1,4,0,0,0,3,2,0,2,0,0,1.21,0.38,55,45,17,15,4,3,78,69,0,1,,,2026-03-10 12:06:51.316135,true,true,true,false,2021-09-11 23:45:00
246727,14,8,8,5,12,6,2,2,2,0,0,1,9,3,0,2,0,0,1.45,1.41,56,44,10,14,2,2,84,79,1,0,,,,true,true,true,false,2023-05-18 18:45:00
135885,5,9,5,1,0,0,0,0,0,0,0,0,2,3,0,1,1,0,,,,,13,9,0,0,,,1,0,,,2026-03-10 11:40:17.462143,true,true,false,true,2023-04-29 19:45:00
12240,18,9,5,2,11,8,7,1,6,1,1,0,6,5,3,3,0,1,2.16,0.96,51,49,9,15,3,3,83,81,1,1,,,,true,true,true,false,2024-05-11 20:45:00
165270,0,0,0,0,0,0,0,0,0,0,0,0,0,0,0,0,0,0,,,,,0,0,0,0,,,0,2,,,2026-03-10 11:59:31.892655,true,true,false,true,2021-12-15 18:45:00
360361,7,29,1,9,4,17,3,12,3,9,1,0,2,7,2,3,1,0,,,,,,,,,,,,,,,,false,true,false,true,2016-11-24 17:45:00
152665,9,8,0,1,2,5,7,3,3,2,0,0,7,4,3,1,0,0,0.48,0.68,,,,,,,,,0,0,,,,true,true,true,false,2020-10-10 20:30:00
344713,7,21,0,7,4,16,3,5,1,5,0,0,5,7,4,5,0,0,0.57,2.02,62,38,9,17,0,2,85,73,0,1,,,,true,true,true,false,2025-08-29 19:45:00
377317,27,15,6,3,10,7,17,8,7,7,,,5,5,1,6,0,1,1.59,0.71,57,43,10,14,3,1,88,85,0,0,,,2026-07-04 21:34:46,false,false,true,false,2026-04-02 02:15:00
181445,,,,,,,,,,,,,,,,,,,,,,,,,,,,,1,1,,,,true,false,true,,2017-05-28 15:45:00
376927,,,,,,,,,,,,,,,,,,,,,,,0,0,0,0,,,0,1,,,2026-03-29 03:02:16.066722,true,false,true,,2026-03-23 01:45:00
296165,10,12,5,5,4,7,6,5,2,1,0,1,5,5,3,0,0,0,0.67,1.62,,,,,,,,,0,0,,,,true,true,true,false,2017-10-26 18:35:00
206009,17,9,2,4,9,5,8,4,7,1,0,0,11,3,2,4,0,1,1.32,0.72,67,33,10,20,0,6,79,56,0,0,,,,true,true,true,false,2024-11-30 19:15:00
29291,8,7,2,2,4,6,4,1,4,1,0,0,1,6,2,2,0,0,0.6,0.73,37,63,12,11,0,1,78,86,0,0,,,,true,true,true,false,2024-04-27 14:45:00
196868,7,19,3,5,3,8,4,11,0,6,0,0,6,5,1,2,1,1,0.49,1.31,35,65,11,10,2,3,70,82,1,0,,,,true,true,true,false,2024-09-07 15:45:00
341944,,,,,,,,,,,,,,,,,,,,,,,,,,,,,1,2,,,,true,false,true,,2017-01-28 20:45:00
304032,,,,,,,,,,,,,,,,,,,,,,,,,,,,,0,1,,,,true,false,false,,2020-03-05 17:50:00
613732,,,,,,,,,,,,,,,,,,,,,,,,,,,,,2,1,,,,true,false,true,,2024-10-26 16:45:00
100046182,6,8,4,5,,,,,,,,,2,4,3,4,,,,,49,51,14,16,3,3,,,1,0,,,2026-07-04 23:33:06,false,false,true,,2019-03-23 14:45:00
343312,0,0,0,0,0,0,0,0,0,0,0,0,0,0,0,0,0,0,,,,,,,,,,,,,,,,false,true,false,true,2016-09-26 19:45:00
101163993,19,10,7,4,9,4,10,6,8,4,,,9,3,1,2,0,0,1.86,1.02,67,33,11,14,1,3,88,75,1,2,,,2026-07-04 21:34:46,false,false,true,false,2024-08-26 18:45:00
344502,,,,,,,,,,,,,,,,,,,,,,,,,,,,,0,0,,,,true,false,true,,2019-10-25 19:45:00
377779,11,10,5,1,6,7,5,3,3,2,0,0,4,2,2,1,0,0,0.87,0.91,52,48,15,11,0,4,87,85,1,0,,,,true,false,true,false,2026-02-15 15:15:00
249266,7,11,0,4,5,9,2,2,4,1,0,0,4,5,6,2,0,0,0.65,1.11,34,66,20,10,1,3,50,77,0,0,,,2026-03-10 12:19:02.428399,true,true,true,false,2021-03-03 19:45:00
323337,,,,,,,,,,,,,,,,,,,,,,,,,,,,,1,0,,,,true,false,true,,2018-03-03 23:00:00
214418,11,14,2,4,7,10,4,4,2,1,0,0,4,1,3,1,0,0,0.95,1.29,46,54,19,14,1,2,69,72,0,2,,,,true,true,true,false,2025-02-01 15:45:00
627650,,,,,,,,,,,,,,,,,,,,,,,,,,,,,1,0,,,,true,false,true,,2025-11-01 13:45:00
313077,,,,,,,,,,,,,,,,,,,,,,,,,,,,,0,2,,,,true,false,true,,2017-02-05 22:45:00
342709,,,,,,,,,,,,,,,,,,,,,,,,,,,,,0,2,,,,true,false,true,,2019-03-31 21:45:00
611990,,,,,,,,,,,,,,,,,,,,,,,,,,,,,1,1,,,,true,false,true,,2025-05-03 06:45:00
132401,10,16,1,4,5,10,5,6,2,6,0,0,2,7,1,1,0,0,0.75,1.36,27,73,10,12,0,3,58,84,0,0,,,,true,true,true,false,2024-12-30 16:45:00
278931,21,5,7,1,11,3,10,2,4,0,0,0,7,0,2,2,0,0,1.62,0.42,,,,,,,,,1,1,,,,true,true,true,false,2019-09-29 22:30:00
218890,15,8,8,2,9,5,6,3,3,3,2,0,6,8,2,3,0,1,2.54,0.68,48,52,13,15,0,4,81,76,1,2,,,,true,true,true,false,2023-08-13 12:45:00
100878859,23,12,6,4,13,5,10,7,5,3,,,10,5,3,2,,,,,50,50,14,15,2,0,66,66,1,0,,,2026-07-04 23:33:06,false,false,true,,2022-08-06 14:15:00
100593507,11,9,4,7,,,,,,,,,6,3,2,3,0,0,,,45,55,12,27,4,2,,,1,1,,,2026-07-04 23:33:06,false,false,true,,2020-11-01 14:45:00
335467,,,,,,,,,,,,,,,,,,,,,,,,,,,,,0,1,,,,true,false,true,,2019-02-24 03:00:00
186713,14,14,5,5,12,8,2,6,5,2,0,0,7,7,2,2,0,0,1.45,1.13,,,,,,,,,2,0,,,,true,true,true,false,2017-02-05 16:45:00
335646,,,,,,,,,,,,,,,,,,,,,,,,,,,,,1,1,,,,true,false,false,,2020-01-26 02:45:00
237187,19,10,5,4,10,7,9,3,7,1,0,0,10,5,5,5,0,0,1.47,0.91,,,,,,,,,0,1,,,,true,true,true,false,2017-11-26 19:45:00
313370,,,,,,,,,,,,,,,,,,,,,,,,,,,,,0,0,,,,true,false,true,,2019-02-18 23:30:00
146820,12,5,7,2,0,0,0,0,0,0,0,0,6,4,2,0,0,0,,,,,4,4,0,0,,,1,0,,,2026-03-10 11:50:31.280816,true,true,false,true,2022-05-08 18:45:00
370246,,,,,,,,,,,,,,,,,,,,,,,,,,,,,2,1,,,,true,false,false,,2019-10-30 20:30:00
187214,10,14,3,4,8,8,2,6,3,3,0,0,6,3,1,1,0,0,0.99,1.13,,,,,,,,,0,0,,,,true,true,true,false,2017-12-29 21:30:00
112755,0,0,0,0,0,0,0,0,0,0,0,0,0,0,0,0,0,0,,,,,0,0,0,0,,,0,0,,,2026-03-10 12:10:28.844587,true,true,false,true,2021-07-17 16:45:00
100732195,18,11,6,5,10,5,8,6,3,4,,,6,2,2,2,,,,,55,45,12,20,,,82,75,0,1,,,2026-07-04 23:33:06,false,false,true,,2022-02-20 17:45:00
623223,,,,,,,,,,,,,,,,,,,,,,,,,,,,,0,0,,,,true,false,true,,2023-06-11 13:15:00
144544,0,0,0,0,0,0,0,0,0,0,0,0,0,0,0,0,0,0,,,,,,,,,,,0,0,,,,true,true,false,true,2020-10-28 03:45:00
602111,,,,,,,,,,,,,,,,,,,,,,,,,,,,,0,2,,,,true,false,true,,2025-11-15 16:45:00
136266,3,9,2,3,0,0,0,0,0,0,0,0,2,4,1,0,0,0,,,46,54,12,10,5,1,,,1,1,,,2026-03-10 12:22:10.11351,true,true,false,true,2021-01-29 16:45:00
98636,25,9,6,5,9,4,16,5,6,1,1,0,9,1,4,4,0,0,,,60,40,19,9,2,3,85,67,0,0,,,2026-03-10 12:01:48.820045,true,true,false,true,2021-11-15 00:50:00
625980,,,,,,,,,,,,,,,,,,,,,,,,,,,,,2,0,,,,true,false,true,,2023-11-19 22:45:00
7574,21,12,3,3,14,10,7,2,9,4,0,0,12,5,2,2,0,0,1.86,1.22,68,32,7,8,1,2,81,62,0,1,,,,true,true,true,false,2024-01-06 16:45:00
281169,24,8,12,2,14,2,10,6,5,2,0,0,9,4,1,2,0,0,1.96,0.44,60,40,9,13,1,1,85,74,2,0,,,2026-03-10 11:50:43.865473,true,true,true,false,2022-05-07 17:15:00
140502,0,0,0,0,0,0,0,0,0,0,0,0,0,0,0,0,0,0,,,,,,,,,,,2,1,,,,true,true,true,true,2020-07-16 02:45:00
251855,10,4,4,3,0,0,0,0,0,0,0,0,9,2,0,3,0,0,,,,,,,,,,,,,,,,false,true,true,,2022-02-26 16:45:00
115135,8,9,2,6,8,6,0,3,4,0,0,0,5,6,1,4,0,0,0.92,0.8,45,55,11,13,4,2,70,76,0,0,,,,true,true,true,false,2025-02-26 20:15:00
612453,,,,,,,,,,,,,,,,,,,,,,,,,,,,,0,0,,,,true,false,true,,2024-06-22 11:45:00
308064,14,10,7,8,9,5,5,5,4,2,1,1,2,4,2,5,0,0,1.85,1.4,,,,,,,,,1,1,,,,true,true,true,false,2018-09-09 20:00:00
255496,17,11,3,5,9,6,8,5,5,3,0,1,7,3,1,0,0,0,1.32,1.51,,,,,,,,,0,0,,,,true,true,true,false,2020-09-09 22:15:00
116158,0,0,0,0,0,0,0,0,0,0,0,0,0,0,0,0,0,0,,,,,,,,,,,2,1,,,,true,true,false,true,2020-08-05 18:45:00
119900,3,8,1,4,0,0,0,0,0,0,0,0,5,9,2,1,0,0,,,49,51,9,14,0,0,,,0,0,,,2026-03-10 12:15:34.123351,true,true,false,true,2021-04-16 18:15:00
409893,18,9,9,3,,,,,,,,,11,1,1,3,0,0,,,,,10,17,,,,,0,0,,,,true,false,true,,2017-04-27 01:45:00
264513,13,9,7,4,9,3,4,6,1,1,1,0,7,8,0,2,0,0,1.82,0.56,55,45,5,13,4,1,77,70,1,0,,,,true,true,true,false,2023-05-07 06:45:00
323286,16,13,4,2,8,5,8,8,3,5,0,0,5,3,0,4,0,0,1.2,0.86,48,52,7,8,0,0,80,80,1,0,,,,true,true,true,false,2025-11-16 21:15:00
101542918,13,17,4,3,8,5,5,12,5,3,,,1,6,2,0,,,1.72,0.69,35,65,9,9,0,2,70,83,1,0,,,2026-07-04 21:34:46,false,false,true,false,2026-05-11 00:45:00
163878,,,,,,,,,,,,,,,,,,,,,,,,,,,,,1,1,,,,true,false,false,,2021-11-27 17:45:00
126967,13,19,6,9,10,12,3,7,2,3,0,0,4,4,1,0,0,0,1.26,1.63,34,66,7,10,0,1,69,87,1,0,,,2026-03-10 12:03:30.519671,true,true,true,false,2021-10-24 07:45:00
627513,,,,,,,,,,,,,,,,,,,,,,,,,,,,,1,1,,,,true,false,true,,2024-02-12 02:45:00
194373,9,10,6,2,7,6,2,4,0,1,0,0,2,6,1,3,0,0,0.88,0.83,,,,,,,,,1,0,,,,true,true,true,false,2017-10-21 15:45:00
115969,0,0,0,0,0,0,0,0,0,0,0,0,0,0,0,0,0,0,,,,,0,0,0,0,,,2,0,,,2026-03-10 12:01:24.620971,true,true,false,true,2021-11-21 16:30:00
101090,9,6,6,2,0,0,0,0,1,1,0,0,5,5,2,1,0,0,,,47,53,12,7,1,1,,,0,0,,,,true,true,false,true,2023-07-23 19:45:00
611924,,,,,,,,,,,,,,,,,,,,,,,,,,,,,0,0,,,,true,false,true,,2025-03-23 06:45:00
176707,10,9,6,3,,,,,,,,,8,4,0,4,0,0,,,,,5,16,,,,,0,1,,,,true,false,false,,2016-09-17 15:45:00
344741,11,13,3,2,10,7,1,6,3,10,0,0,8,3,1,0,0,0,1.19,1.02,49,51,13,9,4,0,86,87,0,0,,,,true,true,true,false,2025-09-19 19:45:00
7712,23,14,6,7,20,9,3,5,5,2,1,0,6,5,2,1,0,0,3.05,1.21,51,49,13,11,2,2,80,77,1,2,,,,true,true,true,false,2024-03-16 16:45:00
149695,10,10,4,4,7,9,3,1,4,2,0,0,7,2,3,2,0,2,,,56,44,16,13,2,0,80,76,0,1,,,,true,true,false,true,2025-03-06 21:45:00
349771,4,19,1,8,1,14,3,5,1,4,0,0,1,5,3,2,0,0,0.22,1.79,,,,,,,,,0,1,,,,true,true,true,false,2019-06-23 20:45:00
277915,14,14,4,4,8,6,6,8,4,3,0,0,3,5,3,3,0,0,1.13,0.97,,,,,,,,,0,0,,,,true,true,true,false,2017-03-19 19:45:00
108619,0,0,0,0,0,0,0,0,0,0,0,0,5,3,2,4,0,0,,,,,0,0,0,0,,,0,0,,,2026-03-10 12:03:24.74649,true,true,false,true,2021-10-24 17:45:00
194020,11,15,3,6,7,9,4,6,3,6,0,0,5,3,0,3,0,0,0.95,1.25,62,38,12,4,3,1,78,71,0,0,,,,true,true,true,false,2025-11-04 21:30:00
366367,6,11,3,7,5,8,1,3,0,2,0,0,7,5,2,3,0,0,,,35,65,15,7,3,1,81,89,0,1,,,,true,true,false,true,2025-12-16 21:45:00
201269,11,21,3,10,6,17,5,4,4,4,0,0,8,6,1,1,1,0,0.87,2.1,32,68,10,7,2,3,79,91,1,2,,,2026-03-10 12:01:23.479441,true,true,true,false,2021-11-21 17:00:00
617338,,,,,,,,,,,,,,,,,,,,,,,,,,,,,0,0,,,,true,false,true,,2024-04-07 14:45:00
223777,12,6,5,1,8,5,4,1,3,3,0,0,5,4,1,2,0,0,1.06,0.61,64,36,12,19,1,1,88,75,0,0,,,,true,true,true,false,2025-04-11 19:45:00
96041,12,23,5,4,6,14,6,9,2,5,0,0,5,6,4,1,0,0,0.9,1.93,43,57,16,4,0,2,59,74,0,0,,,2026-03-10 11:47:30.357238,true,true,true,false,2022-07-20 21:15:00
212498,6,9,2,4,0,0,0,0,0,0,0,0,9,6,2,2,0,0,,,,,,,,,,,0,0,,,,true,true,false,true,2019-02-08 21:45:00
601564,,,,,,,,,,,,,,,,,,,,,,,,,,,,,2,1,,,,true,false,true,,2025-11-15 16:45:00
212455,8,10,4,4,0,0,0,0,0,0,0,0,11,4,0,0,0,0,,,,,,,,,,,0,0,,,,true,true,false,true,2018-12-27 19:45:00
114482,4,6,4,2,0,0,0,0,0,0,0,1,5,3,1,3,1,0,,,49,51,17,11,1,2,,,0,0,,,,true,true,false,true,2022-11-27 12:45:00
278819,13,10,3,0,8,6,5,4,3,4,0,0,6,5,4,4,0,1,1.09,0.83,,,,,,,,,1,0,,,,true,true,true,false,2019-03-31 15:45:00
163010,13,9,0,2,6,6,7,3,8,3,0,0,2,2,3,2,0,0,0.94,0.8,66,34,13,9,0,3,87,75,0,1,,,,true,true,true,false,2024-05-15 20:45:00
253658,16,6,6,3,0,0,0,0,0,0,0,0,6,3,1,3,0,0,,,,,,,,,,,,,,,,false,true,false,true,2015-07-19 23:15:00
188968,10,17,5,7,7,11,3,6,3,3,0,0,7,6,1,0,0,0,0.91,1.48,52,48,13,9,0,2,72,72,1,2,,,2026-03-10 12:19:44.924298,true,true,true,false,2021-02-24 21:30:00
216849,16,9,5,1,8,7,8,2,4,4,0,0,11,5,0,0,0,0,1.2,0.88,,,,,,,,,0,0,,,,true,true,true,false,2017-11-29 19:45:00
292251,,,,,,,,,,,,,,,,,,,,,,,,,,,,,0,2,,,,true,false,true,,2021-08-14 20:15:00
262706,9,17,2,4,6,8,3,9,2,4,0,0,10,5,3,3,1,0,0.8,1.24,,,,,,,,,1,1,,,,true,true,true,false,2017-08-26 11:45:00
278919,23,8,7,4,12,5,11,3,8,0,0,1,16,1,2,5,0,1,1.77,1.33,,,,,,,,,0,1,,,,true,true,true,false,2019-09-23 00:45:00
370607,18,7,3,3,12,2,6,5,6,2,0,0,10,2,3,3,0,0,1.59,0.41,65,35,14,16,4,2,84,67,0,1,,,,true,false,true,false,2026-03-07 16:45:00
254158,23,8,5,3,15,2,8,6,7,1,0,0,12,2,2,1,0,0,2.0,0.44,,,,,,,,,,,,,,false,true,true,false,2016-09-15 00:15:00
312300,,,,,,,,,,,,,,,,,,,,,,,,,,,,,2,0,,,,true,false,true,,2018-02-16 17:45:00
94070,18,10,7,4,8,7,10,3,4,3,1,0,6,5,3,2,0,0,1.92,0.91,56,44,19,15,1,1,75,68,2,2,,,2026-03-10 11:48:07.079003,true,true,true,false,2022-07-06 02:15:00
345716,,,,,,,,,,,,,,,,,,,,,,,,,,,,,0,1,,,,true,false,true,,2017-10-14 12:45:00
112120,14,11,8,5,0,0,0,0,0,0,0,0,7,5,0,1,0,0,,,48,52,12,14,4,2,,,0,0,,,2026-03-10 12:25:32.742223,true,true,false,true,2020-12-16 14:45:00
227020,16,21,7,10,9,11,7,10,4,7,0,0,3,7,2,1,0,0,1.28,1.62,52,48,13,20,5,3,79,76,1,0,,,2026-03-10 11:53:28.174673,true,true,true,false,2022-04-03 17:15:00
153404,0,0,0,0,0,0,0,0,0,0,0,0,0,0,0,0,0,0,,,,,0,0,0,0,,,3,0,,,2026-03-10 11:45:30.383804,true,true,false,true,2022-08-18 20:45:00
280921,19,13,7,5,10,10,9,3,4,3,0,0,6,9,4,4,0,0,1.47,1.26,51,49,19,13,4,2,66,67,1,0,,,2026-03-10 12:12:59.004521,true,true,true,false,2021-05-12 18:15:00
212900,12,15,4,4,8,4,4,11,4,3,0,0,8,5,2,2,0,0,1.06,0.84,,,,,,,,,0,0,,,,true,true,true,false,2020-03-03 21:45:00
159709,0,0,0,0,0,0,0,0,0,0,0,0,0,0,0,0,0,0,,,,,0,0,0,0,,,0,0,,,2026-03-10 11:39:22.832303,true,true,false,true,2023-06-15 17:15:00
182994,25,5,9,0,21,2,4,3,9,3,0,0,8,2,3,1,0,0,2.56,0.34,,,,,,,,,1,0,,,,true,true,true,false,2017-09-23 15:45:00
120060,0,0,0,0,0,0,0,0,0,0,0,0,0,0,0,0,0,0,,,,,0,0,0,0,,,1,0,,,2026-03-10 10:00:34.372482,true,true,false,true,2024-12-15 16:00:00
289001,0,0,0,0,0,0,0,0,0,0,0,0,0,0,0,0,0,0,,,,,0,0,0,0,,,1,1,,,,true,true,true,true,2024-10-26 14:45:00
264327,26,13,9,6,17,6,9,7,8,4,0,0,5,1,0,1,0,0,2.27,0.94,75,25,8,17,2,1,89,60,1,2,,,2026-03-10 11:45:25.772498,true,true,true,false,2022-08-20 11:45:00
100830,0,0,0,0,0,0,0,0,0,0,0,1,0,0,0,0,0,0,,,,,0,0,0,0,,,0,4,,,2026-03-10 10:03:15.165844,true,true,false,true,2024-05-11 00:45:00
142116,0,0,0,0,0,0,0,0,0,0,0,1,0,0,0,0,0,0,,,,,0,0,0,0,,,0,0,,,2026-03-10 12:13:18.758655,true,true,false,true,2021-05-09 00:45:00
266467,16,14,6,3,10,10,6,4,5,3,0,0,7,5,1,1,0,0,1.36,1.29,,,,,,,,,0,0,,,,true,true,true,false,2019-10-27 01:45:00
356529,0,0,0,0,0,0,0,0,0,0,0,0,0,0,0,0,0,0,,,,,0,0,0,0,,,0,2,,,2026-03-10 09:58:29.598072,true,true,false,true,2025-08-14 20:45:00
242532,11,12,4,2,7,9,4,3,3,6,0,0,4,8,2,4,1,0,0.95,1.14,54,46,8,17,3,2,78,72,1,2,,,,true,true,true,false,2023-01-29 19:15:00
128597,0,0,0,0,0,0,0,0,0,0,0,0,0,0,0,0,0,0,,,,,0,0,0,0,,,0,1,,,2026-03-10 11:56:12.336149,true,true,false,true,2022-02-24 17:45:00
226921,22,11,7,5,16,8,6,3,7,3,0,0,15,3,2,2,0,0,2.05,1.03,60,40,6,9,6,2,84,80,0,1,,,2026-03-10 11:59:22.649349,true,true,true,false,2021-12-18 16:15:00
630208,,,,,,,,,,,,,,,,,,,,,,,,,,,,,1,1,,,,true,false,true,,2024-06-16 16:45:00
319611,,,,,,,,,,,,,,,,,,,,,,,,,,,,,0,0,,,,true,false,true,,2019-12-28 13:15:00
211213,9,15,2,5,5,9,4,6,5,3,0,0,2,3,1,0,0,0,0.72,1.25,51,49,10,14,0,2,85,83,0,1,,,,true,true,true,false,2025-11-01 21:30:00
221355,10,16,2,6,8,11,2,5,4,8,0,0,6,6,2,3,0,0,0.99,1.44,,,,,,,,,1,2,,,,true,true,true,false,2017-09-08 19:45:00
330089,,,,,,,,,,,,,,,,,,,,,,,,,,,,,1,1,,,,true,false,true,,2018-03-07 16:15:00
147973,8,5,6,3,0,0,0,0,0,0,0,0,8,4,1,2,0,0,,,47,53,15,16,1,0,,,1,1,,,2026-03-10 11:58:19.346705,true,true,false,true,2022-01-16 19:15:00
267579,9,4,2,2,5,2,4,2,1,0,0,0,7,1,2,1,0,0,0.72,0.3,,,,,,,,,0,0,,,,true,true,true,false,2019-04-29 18:45:00
96143,11,17,3,1,5,8,6,9,3,7,0,0,2,6,1,1,0,0,0.79,1.24,46,54,8,10,0,5,67,73,1,0,,,,true,true,true,false,2022-08-29 01:15:00
295515,0,0,0,0,0,0,0,0,0,0,0,0,3,5,1,3,0,0,,,,,,,,,,,0,0,,,,true,true,false,true,2019-07-20 16:45:00
118367,10,6,5,1,0,0,0,0,0,0,0,0,4,0,3,3,0,1,,,51,49,9,10,1,3,,,1,0,,,,true,true,false,true,2024-03-16 17:15:00
632226,,,,,,,,,,,,,,,,,,,,,,,,,,,,,0,1,,,,true,false,true,,2023-10-22 14:45:00
199530,13,12,7,5,10,8,3,4,2,1,0,0,4,6,3,3,0,0,1.26,1.06,,,,,,,,,2,0,,,,true,true,true,false,2017-04-03 20:30:00
631970,,,,,,,,,,,,,,,,,,,,,,,,,,,,,1,0,,,,true,false,true,,2024-12-14 13:45:00
292613,12,15,3,4,7,7,5,8,4,5,0,0,1,5,5,3,1,0,0.98,1.08,55,45,14,14,2,2,65,55,0,1,,,,true,true,true,false,2023-06-26 20:30:00
348519,,,,,,,,,,,,,,,,,,,,,,,,,,,,,1,0,,,,true,false,true,,2019-08-03 00:45:00
359604,16,15,7,3,11,6,5,9,2,3,0,1,5,7,1,4,0,0,,,,,,,,,,,,,,,,false,true,false,true,2015-09-17 20:50:00
214768,20,16,7,5,13,9,7,7,6,2,0,0,6,2,3,3,0,0,1.74,1.28,58,42,14,20,2,2,81,79,0,1,,,,true,true,true,false,2026-01-17 15:45:00
94427,26,8,7,6,17,3,9,5,8,0,0,0,12,1,2,1,0,0,2.27,0.52,75,25,12,8,0,0,89,67,0,3,,,2026-03-10 12:09:48.164273,true,true,true,false,2021-07-31 15:45:00
256773,12,18,2,4,9,7,3,11,2,5,0,0,5,4,3,4,0,0,1.14,1.19,60,40,16,8,1,1,83,80,1,1,,,,true,true,true,false,2024-06-11 23:45:00
322022,16,9,3,3,7,5,9,4,3,1,0,0,4,2,6,4,0,0,1.12,0.72,,,,,,,,,0,1,,,,true,true,true,false,2017-09-27 02:15:00
156545,19,12,8,4,11,4,8,8,4,4,0,0,3,5,1,2,0,0,1.55,0.74,55,45,18,11,3,0,88,81,3,0,,,2026-03-10 12:13:39.911608,true,true,true,false,2021-05-05 00:00:00
245328,15,12,7,4,7,9,8,3,2,3,1,0,4,6,1,1,0,2,1.73,1.14,,,,,,,,,2,0,,,,true,true,true,false,2019-08-26 18:45:00
132698,13,20,5,8,9,14,4,6,5,4,0,0,6,12,2,0,0,0,1.18,1.82,45,55,11,6,1,1,77,79,1,2,,,,true,true,true,false,2024-03-12 21:15:00
615282,,,,,,,,,,,,,,,,,,,,,,,,,,,,,0,0,,,,true,false,true,,2025-05-11 17:45:00
353064,15,10,5,2,10,8,5,2,3,4,0,0,7,6,3,4,0,0,,,44,56,22,19,3,0,73,75,1,0,,,,true,true,false,true,2025-10-04 16:15:00
193004,16,10,5,3,8,10,8,0,5,2,0,0,4,3,0,3,0,0,1.2,1.15,53,47,16,14,2,3,75,66,2,0,,,,true,true,true,false,2022-12-29 21:30:00
340177,,,,,,,,,,,,,,,,,,,,,,,,,,,,,0,2,,,,true,false,true,,2019-11-24 11:45:00
96000,11,22,4,10,5,10,6,12,4,4,1,0,4,7,6,3,0,0,1.43,1.57,26,74,15,11,0,0,62,87,0,0,,,2026-03-10 11:48:10.629467,true,true,true,false,2022-07-03 22:45:00
95058,12,11,5,4,6,5,6,6,3,5,0,0,3,13,3,1,0,0,0.9,0.79,32,68,12,11,1,0,67,84,1,0,,,,true,true,true,false,2024-05-13 01:00:00
112159,12,6,8,3,0,0,0,0,0,0,0,0,7,4,1,2,0,0,,,56,44,17,16,1,1,,,1,0,,,2026-03-10 12:15:59.426775,true,true,false,true,2021-04-10 16:45:00
608719,,,,,,,,,,,,,,,,,,,,,,,,,,,,,1,0,,,,true,false,true,,2025-02-22 13:15:00
307320,16,11,1,4,9,1,7,10,5,2,0,0,7,1,3,7,1,1,1.28,0.47,,,,,,,,,,,,,,false,true,true,false,2016-10-29 20:45:00
621849,,,,,,,,,,,,,,,,,,,,,,,,,,,,,2,1,,,,true,false,true,,2023-08-11 20:30:00
281918,19,15,8,4,16,8,3,7,7,6,0,0,7,6,2,1,0,0,1.95,1.17,45,55,9,14,1,0,80,84,2,1,,,,true,true,true,false,2025-10-19 16:15:00
599066,12,8,4,4,,,,,,,,,4,5,0,3,0,0,,,,,12,7,,,,,1,0,,,,true,false,true,,2019-04-27 01:45:00
107042,20,5,4,2,18,3,2,2,5,0,0,0,6,1,1,4,0,0,2.14,0.42,57,43,12,14,2,2,84,75,0,0,,,,true,true,true,false,2025-04-04 17:45:00
623796,,,,,,,,,,,,,,,,,,,,,,,,,,,,,0,0,,,,true,false,true,,2024-04-20 10:45:00
182829,12,10,6,1,6,4,7,6,2,4,0,0,2,4,0,2,0,0,0.94,0.67,,,,,,,,,1,0,,,,true,true,true,false,2017-03-18 19:15:00
378152,9,13,6,4,7,6,2,7,1,4,0,0,0,9,2,2,1,0,0.88,0.94,38,62,11,12,3,2,78,86,1,0,,,,true,false,true,false,2026-03-08 22:15:00
279409,8,14,3,3,7,7,1,7,1,4,0,0,4,7,6,2,0,0,0.84,1.05,24,76,19,16,4,3,65,88,1,0,,,,true,true,true,false,2025-07-27 20:45:00
143539,0,0,0,0,0,0,0,0,0,0,0,0,0,0,0,0,0,0,,,,,0,0,0,0,,,2,0,,,2026-03-10 10:00:32.167856,true,true,false,true,2024-12-19 03:45:00
157686,7,21,2,8,2,15,5,6,2,4,0,1,2,6,3,0,0,0,0.41,2.58,55,45,12,15,2,1,78,75,0,3,,,,true,true,true,false,2023-03-08 01:45:00
10252,12,10,2,4,10,6,2,4,3,2,0,0,8,5,2,2,1,0,1.22,0.83,41,59,13,13,1,4,76,84,0,2,,,,true,true,true,false,2024-05-05 13:45:00
246334,22,9,7,4,14,8,8,1,5,2,0,0,3,4,1,0,0,1,1.89,0.96,50,50,16,5,1,2,85,83,1,0,,,2026-03-10 11:54:56.887455,true,true,true,false,2022-03-12 14:45:00
194975,22,10,5,4,17,8,5,2,11,2,0,0,9,1,1,1,0,0,,,,,,,,,,,0,3,,,,true,true,false,true,2019-12-29 16:45:00
100884868,12,16,3,4,5,12,7,4,1,5,,,4,8,5,3,1,0,,,47,53,12,17,3,2,71,72,1,0,,,2026-07-04 23:33:06,false,false,true,,2022-11-05 14:45:00
101567784,8,4,5,2,,,,,0,0,,,3,4,0,1,0,0,,,56,44,,,,,,,0,0,,,2026-07-04 21:34:46,false,false,false,,2026-07-02 18:45:00
371859,11,15,4,6,7,9,4,6,1,2,,,0,2,2,2,,,0.59,2.02,32,68,16,13,2,0,71,90,0,1,,,2026-07-04 21:34:46,false,false,true,false,2026-05-10 20:45:00
346119,,,,,,,,,,,,,,,,,,,,,,,,,,,,,3,2,,,,true,false,true,,2025-08-29 16:15:00
186898,7,15,3,4,5,8,2,7,1,4,0,0,3,4,3,0,0,0,0.65,1.17,,,,,,,,,0,1,,,,true,true,true,false,2017-04-25 20:30:00
109593,0,0,0,0,0,0,0,0,0,0,0,0,5,4,6,4,1,0,,,,,0,0,0,0,,,0,0,,,2026-03-10 11:40:41.010183,true,true,false,true,2023-04-14 19:45:00
608675,,,,,,,,,,,,,,,,,,,,,,,,,,,,,0,0,,,,true,false,true,,2024-10-20 13:35:00
294320,10,7,6,1,0,0,0,0,0,0,0,0,3,9,5,2,0,0,,,,,,,,,,,0,0,,,,true,true,false,true,2017-03-05 19:15:00
349437,17,13,6,5,6,7,11,6,9,1,0,1,7,5,4,0,0,0,1.08,1.66,,,,,,,,,0,1,,,,true,true,true,false,2018-06-23 16:45:00
295155,20,23,3,8,9,12,11,11,7,7,0,0,3,9,1,4,0,0,1.42,1.77,57,43,5,18,5,0,88,80,0,0,,,,true,true,true,false,2025-11-01 19:15:00
100722032,8,1,4,0,,,,,,,,,6,6,0,1,0,0,,,49,51,12,6,1,2,,,0,0,,,2026-07-04 23:33:06,false,false,true,,2021-07-31 13:45:00
116024,,,,,,,,,,,,,,,,,,,,,,,,,,,,,2,0,,,,true,false,false,,2022-02-20 16:15:00
226468,9,7,1,3,6,6,3,1,4,2,0,0,4,4,1,2,0,0,0.8,0.73,,,,,,,,,0,0,,,,true,true,true,false,2020-09-20 17:45:00
24589,16,15,6,6,10,5,6,10,3,7,0,0,3,6,0,0,0,0,1.36,0.93,44,56,4,10,0,1,77,83,0,0,,,,true,true,true,false,2023-10-22 16:30:00
160331,,,,,,,,,,,,,,,,,,,,,,,,,,,,,1,0,,,,true,false,false,,2022-03-25 21:30:00
121917,0,0,0,0,0,0,0,0,0,0,0,1,0,0,0,0,0,0,,,,,0,0,0,0,,,0,2,,,,true,true,false,true,2024-05-23 16:45:00
246593,15,20,6,4,10,11,5,9,3,7,0,0,4,5,1,1,0,0,1.33,1.58,41,59,10,18,2,1,75,79,1,0,,,,true,true,true,false,2023-01-14 14:45:00
211189,14,5,4,1,10,2,4,3,3,1,1,0,1,3,3,3,0,0,1.94,0.34,56,44,14,12,0,2,87,85,0,0,,,,true,true,true,false,2025-10-19 20:30:00
26161,8,12,5,7,5,9,3,3,1,3,0,0,2,4,2,3,1,0,0.68,1.14,50,50,15,15,1,2,78,75,0,0,,,,true,true,true,false,2024-02-18 19:45:00
265610,19,12,9,4,13,5,6,7,2,1,0,0,13,1,2,3,0,0,1.71,0.82,,,,,,,,,0,0,,,,true,true,true,false,2017-04-09 01:51:00
201297,12,14,1,5,5,7,7,7,5,3,0,0,7,4,3,2,0,0,0.82,1.05,48,52,14,11,0,0,56,57,0,0,,,2026-03-10 11:59:53.67267,true,true,true,false,2021-12-10 21:45:00
618282,,,,,,,,,,,,,,,,,,,,,,,,,,,,,0,0,,,,true,false,true,,2025-05-04 20:15:00
302770,15,6,5,2,7,3,8,3,2,0,0,0,7,4,0,1,0,0,1.08,0.45,57,43,8,11,2,0,89,82,2,1,,,,true,true,true,false,2025-12-21 17:15:00
182923,26,5,12,2,22,2,4,3,4,1,0,0,9,3,1,3,0,0,2.67,0.34,,,,,,,,,1,0,,,,true,true,true,false,2017-05-06 13:15:00
100392205,13,11,7,1,11,5,2,6,1,3,,,6,4,0,1,0,0,,,49,51,22,8,3,7,80,79,0,0,,,2026-07-04 23:33:06,false,false,true,,2016-05-25 19:15:00
135868,8,3,4,1,0,0,0,0,0,0,0,0,3,5,3,5,0,0,,,,,12,27,0,0,,,2,1,,,2026-03-10 11:40:46.554073,true,true,false,true,2023-04-09 14:45:00
623957,,,,,,,,,,,,,,,,,,,,,,,,,,,,,0,0,,,,true,false,false,,2023-04-08 11:45:00
100732227,24,11,6,8,13,7,11,4,8,1,,,9,3,2,2,,,,,65,35,13,12,3,3,82,65,1,1,,,2026-07-04 23:33:06,false,false,true,,2022-04-03 12:15:00
604687,11,16,4,6,7,5,4,11,2,4,0,0,3,5,2,2,0,1,0.95,0.96,57,43,16,13,2,0,83,80,0,0,,,2026-03-23 23:21:06.962631,true,false,true,false,2024-02-04 14:45:00
264812,14,8,3,4,12,3,2,5,4,2,0,1,7,3,2,1,0,0,1.45,1.17,58,42,15,12,0,5,70,59,1,1,,,,true,true,true,false,2024-07-20 11:45:00
281185,19,22,8,7,9,14,10,8,5,7,0,0,7,7,4,0,0,0,1.39,1.89,44,56,14,16,1,1,77,83,2,1,,,2026-03-10 11:49:32.990024,true,true,true,false,2022-05-22 14:45:00
348893,,,,,,,,,,,,,,,,,,,,,,,,,,,,,1,2,,,,true,false,true,,2025-05-24 21:45:00
352276,0,0,0,0,0,0,0,0,0,0,0,0,0,0,0,0,0,0,,,,,0,0,0,0,,,0,0,,,,true,true,false,true,2025-11-14 21:15:00
187795,3,18,1,2,2,10,1,8,0,5,0,0,1,4,2,1,0,0,0.27,1.43,,,,,,,,,1,0,,,,true,true,true,false,2019-01-12 16:45:00
378217,6,18,1,9,1,13,5,5,2,6,,,0,9,3,4,1,0,,,36,64,6,24,1,1,74,86,0,3,,,2026-07-04 21:34:46,false,false,true,,2026-05-03 20:00:00
231530,13,17,4,1,9,14,4,3,3,8,0,0,5,6,4,1,0,0,1.18,1.72,43,57,12,14,2,1,79,81,0,0,,,,true,true,true,false,2025-04-04 18:15:00
42691,9,16,4,2,6,13,3,3,1,6,0,0,5,7,1,2,0,0,0.8,1.6,50,50,8,16,3,3,82,80,0,0,,,,true,true,true,false,2023-10-01 01:15:00
323778,,,,,,,,,,,,,,,,,,,,,,,,,,,,,0,1,,,,true,false,true,,2019-05-17 02:15:00
226950,5,30,2,19,5,22,0,8,1,1,0,0,4,9,1,0,0,0,0.58,2.81,30,70,9,9,0,4,75,91,0,2,,,2026-03-10 11:57:58.505717,true,true,true,false,2022-01-23 18:15:00
156426,0,0,0,0,0,0,0,0,0,0,0,0,0,0,0,0,0,0,,,,,0,0,0,0,,,1,0,,,2026-03-10 12:14:53.032567,true,true,true,true,2021-04-22 01:45:00
149076,0,0,0,0,0,0,0,0,0,0,0,0,0,0,0,0,0,0,,,,,0,0,0,0,,,0,3,,,2026-03-10 12:10:33.38335,true,true,false,true,2021-07-13 20:15:00
628534,,,,,,,,,,,,,,,,,,,,,,,,,,,,,0,4,,,,true,false,true,,2023-08-14 14:45:00
322834,14,19,2,7,7,11,7,8,1,3,0,0,5,5,4,2,0,0,1.05,1.55,,,,,,,,,0,0,,,,true,true,true,false,2019-10-19 21:15:00
627757,,,,,,,,,,,,,,,,,,,,,,,,,,,,,1,1,,,,true,false,true,,2024-09-29 14:45:00
631891,,,,,,,,,,,,,,,,,,,,,,,,,,,,,3,1,,,,true,false,true,,2024-10-20 11:45:00
315756,,,,,,,,,,,,,,,,,,,,,,,,,,,,,2,1,,,,true,false,false,,2025-04-12 23:15:00
100106779,7,14,0,9,,,,,,,,,1,2,,,,,,,44,56,14,10,1,3,,,0,3,,,2026-07-04 23:33:06,false,false,true,,2019-05-17 18:55:00
283425,17,18,6,11,0,0,0,0,0,0,0,0,5,6,1,1,0,0,,,,,,,,,,,1,0,,,,true,true,false,true,2019-04-08 18:45:00
191053,6,21,2,5,5,12,1,9,3,6,0,0,4,8,1,0,1,0,0.61,1.7,31,69,9,9,3,7,63,85,0,0,,,,true,true,true,false,2025-12-09 21:30:00
208924,3,17,1,7,2,9,1,8,0,2,1,0,1,2,3,1,1,0,0.91,1.32,,,,,,,,,0,2,,,,true,true,true,false,2018-10-21 14:45:00
109853,0,0,0,0,0,0,0,0,0,0,0,0,0,0,0,0,0,0,,,,,,,,,,,2,2,,,,true,true,false,true,2020-09-13 14:45:00
134158,0,0,0,0,0,0,0,0,0,0,0,0,0,0,0,0,0,0,,,,,0,0,0,0,,,1,0,,,2026-03-10 10:04:48.182092,true,true,false,true,2024-02-09 16:30:00
100208567,8,4,5,1,,,,,,,,,2,7,3,3,0,0,,,51,49,10,10,,,,,1,0,,,2026-07-04 23:33:06,false,false,true,,2019-08-03 13:45:00
595221,,,,,,,,,,,,,,,1,1,0,0,,,,,,,,,,,0,1,,,,true,false,true,,2017-10-28 01:45:00
258917,12,19,6,5,6,5,7,14,1,6,0,0,2,7,2,2,0,0,0.94,1.07,,,,,,,,,,,,,,false,true,true,false,2016-04-24 04:15:00
111876,19,4,8,1,0,0,0,0,0,0,0,0,8,2,1,1,0,1,,,64,36,9,13,2,5,,,1,1,,,2026-03-10 12:05:00.820188,true,true,false,true,2021-10-02 17:45:00
177171,11,11,4,4,9,7,2,4,3,4,0,1,5,3,2,0,0,0,,,,,,,,,,,0,0,,,,true,true,false,true,2017-08-12 15:45:00
310234,,,,,,,,,,,,,,,,,,,,,,,,,,,,,0,1,,,,true,false,true,,2017-05-20 17:45:00
122483,0,0,0,0,0,0,0,0,0,0,1,0,0,0,0,0,0,0,,,,,0,0,0,0,,,0,2,,,2026-03-10 12:11:05.864684,true,true,false,true,2021-06-23 17:15:00
237916,7,17,2,6,3,9,4,8,2,6,0,0,1,13,2,1,0,0,0.49,1.32,,,,,,,,,1,1,,,,true,true,true,false,2020-06-11 19:45:00
115040,0,0,0,0,0,0,0,0,0,0,0,1,0,0,0,0,0,0,0.0,0.76,,,0,0,0,0,,,0,2,,,,true,true,true,false,2024-10-26 17:45:00
134795,0,0,0,0,0,0,0,0,0,0,0,0,0,0,0,0,0,0,,,,,0,0,0,0,,,0,0,,,2026-03-10 11:49:06.654277,true,true,false,true,2022-06-01 17:30:00
294984,9,10,8,6,0,0,0,0,0,0,1,0,5,3,2,4,0,0,,,,,,,,,,,3,1,,,,true,true,false,true,2020-01-19 19:15:00
42539,18,7,10,3,13,4,5,3,4,2,0,0,8,4,5,1,0,0,1.67,0.57,56,44,9,7,2,0,81,74,2,0,,,,true,true,true,false,2023-07-02 02:15:00
238084,13,11,5,7,9,8,4,3,2,0,0,0,8,6,1,1,0,0,1.18,1.03,49,51,18,15,2,4,83,81,0,3,,,2026-03-10 12:24:21.734502,true,true,true,false,2020-12-28 22:45:00
626580,,,,,,,,,,,,,,,,,,,,,,,,,,,,,0,0,,,,true,false,true,,2024-08-18 03:00:00
140850,0,0,0,0,0,0,0,0,0,0,0,0,0,0,0,0,0,0,,,,,0,0,0,0,,,1,1,,,,true,true,false,true,2024-04-21 04:15:00
130149,18,16,8,6,15,12,3,4,5,4,0,0,5,3,2,1,0,0,1.83,1.52,53,47,19,10,2,3,83,80,2,0,,,,true,true,true,false,2023-12-01 10:30:00
632715,,,,,,,,,,,,,,,,,,,,,,,,,,,,,0,1,,,,true,false,true,,2024-04-18 14:45:00
315668,,,,,,,,,,,,,,,,,,,,,,,,,,,,,1,1,,,,true,false,true,,2019-06-01 19:45:00
100829402,17,7,7,5,,,,,,,,,7,3,2,3,0,0,,,,,10,8,2,3,,,1,0,,,2026-07-04 21:34:46,false,false,true,,2022-05-03 18:45:00
97385,14,12,3,6,7,10,7,2,4,3,1,0,6,0,5,3,0,0,1.7,1.22,54,46,12,16,2,0,80,74,1,2,,,,true,true,true,false,2023-02-05 02:45:00
121329,24,20,12,8,17,13,7,7,2,8,0,0,8,5,3,3,0,0,2.2,1.74,40,60,9,9,2,1,76,81,2,0,,,,true,true,true,false,2024-01-26 20:45:00
300709,,,,,,,,,,,,,,,,,,,,,,,,,,,,,0,0,,,,true,false,true,,2018-11-25 19:45:00
316619,,,,,,,,,,,,,,,,,,,,,,,,,,,,,0,0,,,,true,false,true,,2019-02-11 01:45:00
272974,14,8,5,2,12,6,2,2,2,0,0,0,7,2,1,5,0,0,1.45,0.76,37,63,12,13,4,2,54,73,2,0,,,2026-03-10 11:56:25.033585,true,true,true,false,2022-02-20 15:15:00
313475,,,,,,,,,,,,,,,,,,,,,,,,,,,,,0,1,,,,true,false,true,,2025-01-26 23:00:00
146070,8,8,2,5,0,0,0,0,0,0,0,0,10,4,2,2,0,0,,,,,16,18,1,3,,,0,1,,,2026-03-10 10:06:19.080994,true,true,false,true,2023-09-30 14:45:00
124577,0,0,0,0,0,0,0,0,0,0,1,0,0,0,0,0,0,0,,,,,0,0,0,0,,,1,0,,,,true,true,false,true,2024-03-16 12:45:00
177097,7,9,2,6,3,6,4,3,0,0,0,0,0,5,4,0,0,0,,,,,,,,,,,0,0,,,,true,true,false,true,2017-04-08 15:45:00
318960,,,,,,,,,,,,,,,,,,,,,,,,,,,,,1,0,,,,true,false,true,,2017-03-09 13:45:00
129186,0,0,0,0,0,0,0,0,0,0,0,0,0,0,0,0,0,0,,,,,0,0,0,0,,,0,2,,,2026-03-10 10:03:23.973666,true,true,false,true,2024-05-01 16:00:00
155139,22,8,9,1,8,5,14,3,6,1,0,0,7,2,0,3,0,0,1.41,0.68,60,40,10,16,0,2,81,71,1,0,,,,true,true,true,false,2024-04-12 01:45:00
142224,0,0,0,0,0,0,0,0,0,0,0,0,0,0,0,0,0,0,,,,,0,0,0,0,,,0,0,,,2026-03-10 12:11:04.723221,true,true,false,true,2021-06-24 01:45:00
595770,,,,,,,,,,,,,,,1,2,0,0,,,,,,,,,,,2,1,,,,true,false,true,,2016-10-25 01:45:00
260486,12,5,6,2,6,4,6,1,1,0,1,0,5,1,3,4,1,0,1.55,0.49,53,47,12,10,2,3,79,74,1,0,,,,true,true,true,false,2025-03-23 01:15:00
286156,12,13,5,4,9,11,3,2,3,4,0,0,5,9,3,1,0,0,1.14,1.34,55,45,15,8,1,5,85,77,1,1,,,,true,true,true,false,2022-12-04 13:15:00
100208582,7,14,4,5,,,,,,,,,1,5,5,1,0,0,,,49,51,11,7,2,4,,,1,1,,,2026-07-04 23:33:06,false,false,true,,2019-08-18 13:45:00
618816,,,,,,,,,,,,,,,,,,,,,,,,,,,,,0,2,,,,true,false,true,,2025-07-13 00:45:00
132953,0,0,0,0,0,0,0,0,0,0,0,0,6,1,3,5,0,0,,,,,0,0,0,0,,,0,1,,,2026-03-10 11:42:37.013807,true,true,false,true,2022-12-25 14:30:00
603069,9,11,2,3,4,5,5,6,3,2,0,0,6,4,2,6,0,0,,,70,30,14,18,2,1,82,67,1,1,,,2026-03-23 23:08:32.236055,true,false,false,true,2024-10-19 13:45:00
344268,,,,,,,,,,,,,,,,,,,,,,,,,,,,,0,0,,,,true,false,true,,2019-02-22 20:45:00
332225,11,12,3,3,5,5,6,7,2,5,0,1,4,2,3,4,0,0,0.79,1.47,,,,,,,,,1,0,,,,true,true,true,false,2019-10-27 22:15:00
21504,7,13,3,3,5,8,2,5,2,5,1,0,2,3,2,2,0,0,1.29,1.09,53,47,13,17,0,2,75,73,1,0,,,,true,true,true,false,2023-10-01 17:15:00
290981,,,,,,,,,,,,,,,,,,,,,,,,,,,,,0,1,,,,true,false,true,,2020-07-17 17:15:00
101196752,10,14,5,7,5,5,5,9,2,7,,,5,5,3,2,,,,,42,58,14,18,2,3,79,83,2,1,,,2026-07-04 21:34:46,false,false,true,,2024-07-14 15:45:00
633777,19,3,3,1,,,,,,,,,8,0,3,4,0,0,,,,,14,9,,,,,0,0,,,,true,false,true,,2023-10-29 01:45:00
115096,18,7,11,4,14,3,4,4,6,0,1,0,4,4,1,4,0,0,2.4,0.49,64,36,7,22,4,3,89,79,1,1,,,,true,true,true,false,2024-12-22 15:45:00
301351,12,18,7,4,8,5,4,13,0,1,1,0,3,7,2,1,0,0,1.71,1.03,55,45,12,11,1,1,81,72,2,0,,,,true,true,true,false,2026-01-28 16:45:00
617188,,,,,,,,,,,,,,,,,,,,,,,,,,,,,0,0,,,,true,false,true,,2023-12-19 14:45:00
109191,22,8,9,3,13,5,9,3,4,2,1,0,8,1,1,1,0,0,,,53,47,16,13,1,1,75,73,1,1,,,,true,true,false,true,2025-04-05 19:15:00
141683,0,0,0,0,0,0,0,0,0,0,0,0,0,0,0,0,0,0,,,,,0,0,0,0,,,2,1,,,2026-03-10 11:53:32.767216,true,true,false,true,2022-04-03 02:15:00
255486,15,10,3,4,12,3,3,7,3,4,0,0,3,2,3,0,0,0,1.49,0.59,,,,,,,,,0,1,,,,true,true,true,false,2020-09-06 20:45:00
297772,0,0,0,0,0,0,0,0,0,0,0,0,0,0,0,0,0,0,,,,,0,0,0,0,,,0,0,,,,true,true,false,true,2025-06-22 11:45:00
622419,,,,,,,,,,,,,,,,,,,,,,,,,,,,,4,0,,,,true,false,true,,2023-09-30 15:45:00
371233,19,6,5,0,9,2,10,4,6,5,,,3,3,2,1,,,1.82,0.16,42,58,19,11,3,0,80,85,0,0,,,2026-07-04 21:34:46,false,false,true,false,2026-05-04 20:45:00
9979,21,16,9,2,17,7,4,9,9,6,0,0,7,2,0,1,0,0,2.1,1.12,47,53,7,9,6,2,89,91,1,0,,,,true,true,true,false,2023-09-27 18:45:00
89909,0,0,0,0,0,0,0,0,0,0,0,0,0,0,0,0,0,0,,,,,0,0,0,0,,,2,0,,,2026-03-10 10:06:20.204484,true,true,false,true,2023-09-29 16:45:00
128347,9,22,4,3,2,12,7,10,2,5,0,0,4,8,2,3,0,0,0.48,1.73,44,56,17,12,0,2,76,83,1,0,,,,true,true,true,false,2024-04-28 17:15:00
305286,0,0,0,0,0,0,0,0,0,0,1,0,4,2,1,3,0,0,,,,,,,,,,,2,0,,,,true,true,false,true,2020-02-29 16:45:00
124733,0,0,0,0,0,0,0,0,0,0,1,0,0,0,0,0,0,0,,,,,0,0,0,0,,,2,0,,,,true,true,false,true,2024-10-20 14:45:00
176816,0,0,0,0,0,0,0,0,0,0,1,0,0,0,0,0,0,0,,,,,,,,,,,,,,,,false,true,false,true,2016-11-22 21:30:00
263979,6,6,3,6,4,3,2,3,2,0,0,1,6,2,1,0,0,0,0.53,1.09,40,60,15,7,0,1,78,84,1,2,,,2026-03-10 12:07:53.545517,true,true,true,false,2021-08-25 11:45:00
278538,12,15,3,4,6,6,6,9,2,3,0,0,2,7,2,2,0,0,0.9,1.01,,,,,,,,,1,0,,,,true,true,true,false,2018-08-20 22:30:00
127814,0,0,0,0,0,0,0,0,0,0,0,0,0,0,0,0,0,0,,,,,0,0,0,0,,,0,0,,,2026-03-10 11:58:36.655986,true,true,false,true,2022-01-09 14:45:00
283546,13,13,2,6,9,5,4,8,1,4,0,1,1,4,3,2,0,0,,,,,,,,,,,1,0,,,,true,true,false,true,2019-09-30 18:45:00
105167,11,19,4,6,3,10,8,9,3,5,0,0,2,5,2,1,1,0,0.62,1.47,34,66,16,12,2,1,74,87,0,2,,,2026-03-10 12:18:12.026195,true,true,true,false,2021-03-13 00:45:00
139209,26,12,9,5,16,7,10,5,7,4,0,0,12,3,0,3,0,0,2.19,0.98,57,43,12,9,2,2,88,83,0,1,,,,true,true,true,false,2024-10-20 02:45:00
378873,,,,,,,,,,,,,,,,,,,,,,,,,,,,,1,1,,,,true,false,true,,2026-03-08 23:15:00
319719,,,,,,,,,,,,,,,,,,,,,,,,,,,,,1,2,,,,true,false,false,,2020-08-20 18:00:00
100217,0,0,0,0,0,0,0,0,0,0,0,0,0,0,0,0,0,0,,,,,0,0,0,0,,,0,0,,,2026-03-10 10:03:21.798097,true,true,false,true,2024-05-04 01:45:00
326251,,,,,,,,,,,,,,,,,,,,,,,,,,,,,0,0,,,,true,false,false,,2019-12-01 15:15:00
284163,10,17,4,3,7,8,3,9,3,8,0,0,5,6,2,0,0,0,0.91,1.24,42,58,9,9,1,1,78,82,1,0,,,,true,true,true,false,2022-09-30 18:45:00
283822,15,12,1,1,8,10,7,2,6,3,0,0,5,6,0,1,0,0,1.17,1.22,59,41,12,16,1,2,69,58,0,0,,,2026-03-10 12:19:39.412903,true,true,true,false,2021-02-26 19:45:00
605890,6,10,0,4,2,5,4,5,2,0,0,0,5,5,5,2,1,0,0.37,0.75,50,50,14,12,2,0,79,78,0,0,,,2026-03-23 23:21:55.780366,true,false,true,false,2024-01-06 13:45:00
149460,0,0,0,0,0,0,0,0,0,0,0,0,0,0,1,1,0,0,,,,,0,0,0,0,,,0,0,,,2026-03-24 00:20:37.272911,true,true,false,true,2024-07-25 20:15:00
274503,19,10,8,2,15,2,4,8,1,2,0,0,4,4,1,2,0,0,1.87,0.51,56,44,7,4,1,2,85,81,3,0,,,2026-03-10 12:08:05.054097,true,true,true,false,2021-08-22 16:15:00
600435,,,,,,,,,,,,,,,,,,,,,,,,,,,,,0,0,,,,true,false,true,,2024-08-26 15:45:00
316445,,,,,,,,,,,,,,,,,,,,,,,,,,,,,0,0,,,,true,false,true,,2018-08-05 18:50:00
249374,12,6,5,3,8,3,4,3,0,2,1,0,7,0,1,3,0,0,1.71,0.45,64,36,8,17,2,3,71,48,1,2,,,2026-03-10 12:03:39.761446,true,true,true,false,2021-10-23 15:45:00
628726,,,,,,,,,,,,,,,,,,,,,,,,,,,,,0,0,,,,true,false,true,,2026-02-08 21:45:00
229389,15,7,5,3,9,4,6,3,4,0,0,0,4,2,2,4,0,0,1.25,0.57,,,,,,,,,0,0,,,,true,true,true,false,2017-04-05 17:15:00
242960,7,14,0,3,5,10,2,4,5,4,0,0,5,5,2,3,0,0,0.65,1.29,42,58,6,9,2,4,77,84,0,0,,,,true,true,true,false,2025-04-27 18:15:00
312355,,,,,,,,,,,,,,,,,,,,,,,,,,,,,2,0,,,,true,false,true,,2018-03-17 17:45:00
102098,13,14,6,4,7,8,6,6,3,4,0,0,4,9,4,1,0,0,1.02,1.13,57,43,12,11,2,2,82,78,2,0,,,2026-03-10 11:49:29.544776,true,true,true,false,2022-05-22 17:45:00
4697,20,11,4,5,17,8,3,3,7,5,0,0,4,2,2,3,0,0,2.06,1.03,63,37,18,11,0,1,87,74,0,3,,,,true,true,true,false,2023-08-19 13:15:00
122553,0,0,0,0,0,0,0,0,0,0,0,0,0,0,0,0,0,0,,,,,0,0,0,0,,,0,0,,,2026-03-10 12:02:16.569472,true,true,false,true,2021-11-06 17:45:00
214375,15,13,4,4,11,9,4,4,7,1,1,0,6,2,3,2,0,0,2.05,1.18,53,47,15,20,2,1,75,73,1,0,,,,true,true,true,false,2024-12-29 15:45:00
257018,14,9,5,2,7,6,7,3,4,2,0,0,4,4,3,1,0,0,1.05,0.8,51,49,11,10,4,0,85,82,0,0,,,,true,true,true,false,2024-11-08 23:45:00
316681,,,,,,,,,,,,,,,,,,,,,,,,,,,,,4,0,,,,true,false,true,,2019-04-02 03:45:00
118806,0,0,0,0,0,0,0,0,0,0,0,0,0,0,0,0,0,0,,,,,0,0,0,0,,,0,0,,,2026-03-10 10:00:05.867383,true,true,false,true,2025-02-10 17:15:00
241540,13,8,5,5,0,0,0,0,0,0,1,0,8,4,2,0,0,0,,,,,,,,,,,2,2,,,,true,true,false,true,2019-11-03 20:45:00
447165,16,4,8,3,,,,,,,,,8,6,4,2,0,0,,,,,15,18,,,,,2,0,,,,true,false,true,,2018-04-08 01:45:00
626862,,,,,,,,,,,,,,,,,,,,,,,,,,,,,2,0,,,,true,false,true,,2023-12-10 00:45:00
288071,10,8,4,7,0,0,0,0,0,0,0,0,8,4,7,2,0,0,,,,,14,15,4,1,,,1,3,,,2026-03-10 12:20:42.639383,true,true,false,true,2021-02-14 12:00:00
326291,17,18,4,4,0,0,0,0,0,0,0,0,3,3,4,2,0,0,,,,,,,,,,,1,0,,,,true,true,false,true,2020-01-12 15:15:00
115840,0,0,0,0,0,0,0,0,0,0,0,0,0,0,0,0,0,0,,,,,0,0,0,0,,,0,0,,,2026-03-10 11:39:33.792783,true,true,false,true,2023-05-31 01:45:00
377406,17,6,6,3,10,5,7,1,2,0,,,9,2,4,3,,,2.09,0.69,55,45,13,14,0,1,85,81,0,0,,,2026-07-04 21:34:46,false,false,true,false,2026-05-30 20:45:00
595967,,,,,,,,,,,,,,,3,2,0,0,,,,,,,,,,,1,1,,,,true,false,true,,2017-02-25 01:45:00
630464,,,,,,,,,,,,,,,,,,,,,,,,,,,,,0,0,,,,true,false,true,,2026-02-15 16:45:00
181144,10,14,5,4,,,,,,,,,4,3,0,0,0,0,,,,,11,7,,,,,0,1,,,,true,false,true,,2016-12-17 16:45:00
139455,15,11,5,4,7,6,8,5,3,2,0,0,5,2,1,1,0,0,1.08,0.87,53,47,2,13,2,2,87,85,1,0,,,,true,true,true,false,2023-06-01 02:15:00
353087,15,15,5,5,12,11,3,4,3,5,0,1,5,7,1,2,1,0,,,40,60,13,10,0,2,85,87,1,2,,,,true,true,false,true,2025-11-04 19:45:00
319805,,,,,,,,,,,,,,,,,,,,,,,,,,,,,1,1,,,,true,false,false,,2025-11-28 14:15:00
596674,5,13,3,6,,,,,,,,,4,2,4,1,1,0,,,,,15,14,,,,,0,0,,,,true,false,true,,2022-10-08 01:45:00
204464,9,8,5,1,7,5,2,3,2,3,0,0,3,4,0,2,0,0,0.88,0.68,,,,,,,,,0,0,,,,true,true,true,false,2020-10-25 19:00:00
185662,16,20,7,4,12,13,4,7,2,5,0,0,2,6,1,3,0,0,1.52,1.74,28,72,10,8,2,1,65,89,1,0,,,,true,true,true,false,2025-09-27 15:45:00
151296,12,9,6,4,11,5,1,4,3,2,0,0,6,3,1,1,0,0,,,59,41,10,17,3,0,91,84,0,0,,,,true,true,false,true,2024-10-03 18:30:00
123333,13,12,6,6,6,8,7,4,1,2,0,0,5,3,2,2,0,0,0.94,1.06,58,42,13,11,0,0,89,83,0,0,,,,true,true,true,false,2024-03-08 20:45:00
434785,12,12,3,5,,,,,,,,,7,5,1,2,0,0,,,,,11,18,,,,,0,0,,,,true,false,true,,2018-09-15 01:45:00
120788,0,0,0,0,0,0,0,0,0,0,0,0,0,0,0,0,0,0,,,,,,,,,,,1,0,,,,true,true,false,true,2020-09-12 19:45:00
101269,10,7,7,1,0,0,0,0,0,0,0,0,6,8,4,3,0,0,,,,,17,11,1,2,,,0,0,,,2026-03-10 11:47:17.753655,true,true,false,true,2022-07-24 15:00:00
186783,14,18,6,2,10,12,4,6,5,4,1,0,5,3,4,2,0,0,1.94,1.59,,,,,,,,,0,0,,,,true,true,true,false,2017-02-28 21:30:00
621872,,,,,,,,,,,,,,,,,,,,,,,,,,,,,1,1,,,,true,false,true,,2023-09-22 20:30:00
602277,,,,,,,,,,,,,,,,,,,,,,,,,,,,,1,1,,,,true,false,true,,2024-10-19 15:45:00
194919,9,4,2,0,5,2,4,2,4,1,0,0,6,4,3,0,0,0,,,,,,,,,,,0,0,,,,true,true,false,true,2019-11-26 21:30:00
308030,16,6,2,1,3,2,13,4,5,1,0,0,2,3,3,4,0,0,0.8,0.37,,,,,,,,,0,0,,,,true,true,true,false,2018-08-20 00:00:00
257220,17,9,1,5,11,8,6,1,10,3,1,0,5,3,1,2,0,1,2.12,0.96,54,46,13,15,0,1,82,86,1,1,,,,true,true,true,false,2025-07-23 23:45:00
352044,0,0,0,0,0,0,0,0,0,0,0,0,0,0,0,0,0,0,,,,,0,0,0,0,,,0,0,,,,true,true,false,true,2025-09-09 10:45:00
375355,13,17,4,5,8,10,5,7,3,5,,,2,6,5,3,,,0.9,1.85,55,45,8,16,1,3,63,45,1,2,,,2026-07-04 21:34:46,false,false,true,false,2026-05-29 20:30:00
106809,0,0,0,0,0,0,0,0,0,0,0,1,0,0,0,0,0,0,,,,,,,,,,,1,0,,,,true,true,false,true,2020-11-06 22:45:00
616543,,,,,,,,,,,,,,,,,,,,,,,,,,,,,2,0,,,,true,false,true,,2025-10-12 12:45:00
619962,,,,,,,,,,,,,,,,,,,,,,,,,,,,,1,0,,,,true,false,true,,2023-03-08 21:45:00
195362,19,15,4,7,12,9,7,6,6,1,0,0,7,3,1,2,0,0,1.63,1.25,63,37,3,16,0,1,79,63,2,1,,,2026-03-10 12:25:07.129796,true,true,true,false,2020-12-19 16:45:00
128287,18,15,7,9,11,11,7,4,5,1,1,0,5,4,3,2,0,0,,,36,64,15,12,4,1,77,85,2,2,,,,true,true,false,true,2023-12-20 16:15:00
380483,32,4,16,1,22,2,10,2,6,1,0,0,6,2,0,0,0,0,2.88,0.3,62,38,15,7,3,0,84,71,1,0,,,2026-03-22 03:00:17.929905,true,false,true,false,2026-03-18 21:45:00
294189,5,9,3,5,0,0,0,0,0,0,0,0,6,4,2,2,0,0,,,,,,,,,,,,,,,,false,true,false,true,2016-12-03 17:00:00
325131,,,,,,,,,,,,,,,,,,,,,,,,,,,,,1,1,,,,true,false,true,,2018-05-12 16:45:00
599616,18,3,6,0,12,1,6,2,6,2,,,3,1,0,2,,,2.35,0.17,74,26,8,12,1,2,92,75,1,0,,,2026-07-04 21:34:46,false,false,true,false,2026-04-08 20:45:00
149075,0,0,0,0,0,0,0,0,0,0,0,0,0,0,0,0,0,0,,,,,0,0,0,0,,,0,0,,,2026-03-10 12:10:32.267819,true,true,false,true,2021-07-14 16:45:00
595590,,,,,,,,,,,,,,,1,2,0,0,,,,,,,,,,,1,0,,,,true,false,true,,2016-08-09 01:45:00
176690,0,0,0,0,0,0,0,0,0,0,0,0,0,0,0,0,0,0,,,,,,,,,,,,,,,,false,true,false,true,2016-09-03 15:45:00
124259,9,16,2,4,6,11,3,5,5,3,0,0,4,5,3,3,0,0,0.8,1.44,,,,,,,,,1,0,,,,true,true,true,false,2020-10-20 18:30:00
21577,20,24,3,7,14,16,6,8,8,6,0,0,4,7,2,1,0,0,1.82,2.12,36,64,13,4,1,1,75,87,1,1,,,,true,true,true,false,2023-12-16 16:15:00
216061,14,9,3,4,10,3,4,6,4,1,0,0,7,5,2,2,0,0,1.29,0.56,,,,,,,,,,,,,,false,true,true,false,2015-11-08 17:45:00
602529,,,,,,,,,,,,,,,,,,,,,,,,,,,,,3,0,,,,true,false,true,,2024-02-17 16:45:00
176997,12,5,5,2,,,,,,,,,10,7,0,1,0,0,,,,,8,12,,,,,1,0,,,,true,false,false,,2017-02-25 16:45:00
96405,0,0,0,0,0,0,0,0,0,0,0,0,0,0,0,0,0,0,,,,,0,0,0,0,,,0,0,,,2026-03-10 12:15:47.334086,true,true,true,true,2021-04-11 18:45:00
129251,0,0,0,0,0,0,0,0,0,0,0,0,0,0,0,0,0,0,,,,,0,0,0,0,,,0,1,,,2026-03-10 11:44:55.643699,true,true,false,true,2022-08-26 16:15:00
106095,0,0,0,0,0,0,0,0,0,0,0,0,0,0,0,0,0,0,,,,,0,0,0,0,,,1,0,,,2026-03-10 11:38:18.394279,true,true,false,true,2023-09-02 00:25:00
221399,11,9,5,3,10,6,1,3,1,2,0,0,8,4,3,3,0,0,1.19,0.8,,,,,,,,,1,0,,,,true,true,true,false,2017-09-29 19:45:00
230694,16,9,3,5,11,7,5,2,2,0,0,0,9,2,1,3,0,0,1.44,0.88,60,40,8,7,1,1,85,79,1,1,,,2026-03-10 12:08:23.531777,true,true,true,false,2021-08-20 18:15:00
262807,9,17,4,5,6,13,3,4,2,5,0,0,3,7,1,3,0,0,0.8,1.64,,,,,,,,,2,0,,,,true,true,true,false,2018-03-03 11:45:00
160408,5,6,3,5,0,0,0,0,0,0,0,0,2,4,3,2,1,1,,,56,44,14,12,4,1,,,0,0,,,2026-03-10 11:53:53.602566,true,true,false,true,2022-03-29 12:45:00
255833,10,14,4,7,5,3,5,11,0,2,0,0,2,7,5,4,0,0,0.75,0.73,34,66,16,11,1,2,72,88,1,0,,,2026-03-10 12:11:15.424348,true,true,true,false,2021-06-17 23:45:00
109654,0,0,0,0,0,0,0,0,0,0,0,0,0,0,0,0,0,0,,,,,0,0,0,0,,,0,0,,,2026-03-10 12:05:54.974305,true,true,false,true,2021-09-22 19:45:00
351452,0,0,0,0,0,0,0,0,0,0,0,0,0,0,0,0,0,0,,,,,,,,,,,,,,,,true,true,false,true,2018-10-12 13:00:00
154861,,,,,,,,,,,,,,,,,,,,,,,,,,,,,0,1,,,,true,false,false,,2023-09-02 15:45:00
222554,5,8,1,7,4,5,1,3,0,0,1,0,2,6,2,2,0,0,1.14,0.68,69,31,19,20,2,5,84,68,1,2,,,2026-03-10 12:22:35.225239,true,true,true,false,2021-01-23 19:45:00
310787,0,0,0,0,0,0,0,0,0,0,0,0,0,0,0,0,0,0,,,,,,,,,,,0,0,,,,true,true,false,true,2020-03-14 17:45:00
205770,13,15,5,6,10,12,3,3,3,5,0,0,2,6,1,0,0,0,1.26,1.49,32,68,15,18,4,3,76,87,1,1,,,,true,true,true,false,2023-05-21 18:15:00
319277,,,,,,,,,,,,,,,,,,,,,,,,,,,,,0,0,,,,true,false,true,,2018-08-17 17:00:00
155104,13,10,6,2,8,6,5,4,0,5,0,0,3,10,2,1,0,0,1.09,0.83,52,48,12,6,2,2,81,79,0,0,,,,true,true,true,false,2025-11-16 18:45:00
294155,0,0,0,0,0,0,0,0,0,0,0,0,1,11,1,2,0,0,,,,,,,,,,,,,,,,false,true,false,true,2016-10-02 14:45:00
131231,17,26,5,8,7,20,10,6,5,8,0,0,5,4,0,0,0,0,1.16,2.51,41,59,13,15,1,4,68,79,1,1,,,2026-03-10 11:59:10.029431,true,true,true,false,2021-12-21 15:45:00
352008,0,0,0,0,0,0,0,0,0,0,0,0,0,0,0,0,0,0,,,,,0,0,0,0,,,0,1,,,,true,true,false,true,2025-09-06 19:45:00
99241,11,5,2,1,0,0,0,0,0,0,0,0,8,3,3,2,0,0,,,,,15,15,2,1,,,0,1,,,2026-03-10 11:39:40.46435,true,true,false,true,2023-05-21 22:15:00
254646,9,9,4,4,6,6,3,3,0,1,0,0,10,0,3,2,0,0,0.8,0.8,,,,,,,,,0,0,,,,true,true,true,false,2017-12-03 20:45:00
625064,,,,,,,,,,,,,,,,,,,,,,,,,,,,,0,0,,,,true,false,true,,2025-04-12 15:45:00
14085,11,8,0,2,0,0,0,0,0,0,0,0,3,5,1,3,0,0,,,,,14,19,,,,,0,1,,,,true,true,true,,2020-07-07 01:45:00
111621,19,8,9,1,0,0,0,0,4,1,2,0,6,4,0,0,0,0,,,,,7,9,0,0,,,0,0,,,2026-03-10 11:47:45.351524,true,true,false,true,2022-07-15 20:15:00
350839,9,18,1,7,8,10,1,8,4,5,0,0,4,7,3,1,0,0,0.96,1.43,48,52,15,11,2,1,69,75,1,0,,,,true,true,true,false,2025-10-15 00:45:00
321873,5,19,1,2,1,6,4,13,3,10,0,1,1,6,3,3,0,0,0.26,1.79,,,,,,,,,1,0,,,,true,true,true,false,2017-06-21 02:15:00
201414,14,6,3,1,8,3,6,3,4,1,0,0,8,2,4,4,0,0,1.13,0.45,56,44,17,10,3,1,83,79,0,0,,,2026-03-10 11:54:55.747752,true,true,true,false,2022-03-12 14:45:00
153672,20,14,8,1,9,10,11,4,7,4,3,0,11,4,4,6,0,1,,,54,46,17,17,3,3,83,82,1,0,,,,true,true,false,true,2023-02-23 19:30:00
130143,19,10,5,4,10,8,9,2,6,5,0,0,4,4,1,5,1,1,1.47,0.99,45,55,9,11,1,3,80,85,1,2,,,,true,true,true,false,2023-11-12 07:45:00
619239,,,,,,,,,,,,,,,,,,,,,,,,,,,,,0,0,,,,true,false,true,,2026-03-03 21:45:00
218815,12,8,6,1,8,3,4,5,0,4,1,0,5,0,2,5,0,0,1.71,0.52,43,57,14,19,0,2,76,79,1,0,,,,true,true,true,false,2023-04-16 14:45:00
259838,23,19,10,5,19,10,4,9,4,5,0,0,5,7,2,1,0,0,2.33,1.47,,,,,,,,,1,2,,,,true,true,true,false,2018-07-30 03:15:00
151392,22,10,5,3,14,4,8,6,7,1,0,0,12,5,2,4,0,0,1.89,0.67,50,50,17,10,2,0,79,81,0,2,,,,true,true,true,false,2024-09-09 20:30:00
231027,11,11,4,5,7,5,4,6,3,4,1,0,5,5,1,3,0,0,1.59,0.79,43,57,5,10,2,1,72,78,2,3,,,,true,true,true,false,2022-08-28 13:15:00
183343,25,10,11,3,18,5,7,5,4,2,0,0,5,2,0,0,0,0,2.32,0.75,,,,,,,,,1,0,,,,true,true,true,false,2018-08-18 15:45:00
613378,,,,,,,,,,,,,,,,,,,,,,,,,,,,,1,0,,,,true,false,true,,2024-02-09 20:15:00
118258,7,8,4,4,0,0,0,0,0,0,0,0,4,7,2,2,0,0,,,39,61,15,15,0,0,,,1,0,,,,true,true,false,true,2023-12-17 12:45:00
109948,,,,,,,,,,,,,,,,,,,,,,,,,,,,,1,0,,,,true,false,false,,2021-02-07 19:15:00
100595025,12,9,7,6,,,,,,,,,9,7,0,4,0,0,,,57,43,11,21,1,1,,,0,1,,,2026-07-04 23:33:06,false,false,true,,2021-03-12 19:15:00
146061,17,4,8,2,0,0,0,0,3,1,1,0,5,3,2,3,0,0,,,,,17,9,0,0,,,3,1,,,2026-03-10 10:06:23.539393,true,true,false,true,2023-09-24 14:45:00
277640,13,17,6,9,0,0,0,0,0,0,0,0,2,10,3,3,0,0,,,,,,,,,,,,,,,,false,true,false,true,2015-10-06 01:55:00
244494,13,13,4,7,8,7,5,6,3,1,0,0,5,3,2,1,0,0,1.09,1.02,,,,,,,,,,,,,,false,true,true,false,2016-11-06 12:15:00
185514,11,11,4,6,4,6,7,5,2,1,0,0,6,3,1,1,0,0,0.71,0.87,56,44,4,13,1,1,84,79,0,3,,,,true,true,true,false,2025-03-15 16:45:00
105755,0,0,0,0,0,0,0,0,0,0,0,0,0,0,0,0,0,0,,,,,0,0,0,0,,,2,1,,,,true,true,false,true,2024-04-06 23:30:00
22233,13,6,5,3,0,0,0,0,0,0,0,0,3,5,4,1,0,0,,,,,16,6,,,,,1,1,,,,true,true,true,,2022-01-16 01:45:00
100594938,18,8,12,4,,,,,,,,,5,7,2,0,0,0,,,47,53,8,15,1,1,,,0,1,,,2026-07-04 23:33:06,false,false,true,,2020-10-26 11:15:00
204595,18,11,4,2,14,7,4,4,4,5,0,0,6,5,2,2,0,0,1.75,0.95,57,43,12,14,4,1,79,69,0,0,,,2026-03-10 12:25:02.928731,true,true,true,false,2020-12-19 21:45:00
23056,19,2,5,2,12,1,7,1,5,0,0,0,7,1,3,2,0,0,1.63,0.15,64,36,4,12,1,0,84,63,0,1,,,,true,true,true,false,2023-10-07 12:45:00
220866,0,0,0,0,0,0,0,0,0,0,0,0,0,0,0,0,0,0,,,,,,,,,,,,,,,,false,true,false,true,2016-04-01 19:45:00
126581,7,10,3,4,4,6,3,4,1,0,1,1,1,6,0,3,0,0,1.21,1.48,43,57,11,16,1,2,77,84,0,0,,,2026-03-10 11:54:58.048725,true,true,true,false,2022-03-12 09:15:00
240787,0,0,0,0,0,0,0,0,0,0,1,0,0,0,0,0,0,0,,,,,,,,,,,,,,,,false,true,false,true,2016-12-27 18:45:00
188767,8,10,2,4,6,9,2,1,3,3,0,1,6,3,5,0,1,0,0.76,1.72,37,63,21,10,1,6,63,78,0,0,,,2026-03-22 03:06:06.802072,true,true,true,false,2020-12-01 21:45:00
304674,,,,,,,,,,,,,,,,,,,,,,,,,,,,,0,1,,,,true,false,false,,2019-05-03 17:45:00
100565734,4,6,0,2,,,,,,,,,8,6,4,3,0,0,,,54,46,16,15,1,0,,,0,0,,,2026-07-04 23:33:06,false,false,true,,2020-07-19 19:30:00
350194,8,7,3,2,0,0,0,0,0,0,0,0,10,0,2,2,0,0,,,,,,,,,,,,,,,,false,true,false,true,2016-09-04 20:30:00
433299,19,17,7,7,,,,,,,,,1,8,3,1,1,1,,,,,18,13,,,,,2,0,,,,true,false,true,,2026-02-27 01:45:00
340065,,,,,,,,,,,,,,,,,,,,,,,,,,,,,2,0,,,,true,false,true,,2019-05-11 18:45:00
290518,5,4,3,2,0,0,0,0,0,0,0,0,5,0,4,3,0,0,,,,,,,,,,,0,0,,,,true,true,false,true,2017-08-06 13:45:00
624224,,,,,,,,,,,,,,,,,,,,,,,,,,,,,1,1,,,,true,false,true,,2025-12-05 13:45:00
283967,17,14,6,4,8,10,9,4,6,6,0,0,3,4,2,2,0,0,1.24,1.29,56,44,13,8,0,0,80,77,1,0,,,2026-03-10 12:05:33.122395,true,true,true,false,2021-09-26 13:45:00
280454,17,11,7,1,11,3,6,8,1,3,1,0,5,3,1,3,1,0,2.12,0.62,,,,,,,,,3,0,,,,true,true,true,false,2019-05-14 18:45:00
301287,24,3,4,3,18,3,6,0,9,0,0,0,10,1,0,2,0,0,2.28,0.35,66,34,6,14,2,1,82,67,1,0,,,,true,true,true,false,2025-10-04 15:45:00
208426,10,13,3,3,6,9,4,4,1,4,0,0,3,9,1,1,0,0,0.83,1.18,,,,,,,,,1,0,,,,true,true,true,false,2017-05-14 14:45:00
128477,0,0,0,0,0,0,0,0,0,0,1,0,0,0,0,0,0,0,,,,,0,0,0,0,,,0,0,,,2026-03-10 11:40:09.609128,true,true,false,true,2023-05-04 19:45:00
109706,0,0,0,0,0,0,0,0,0,0,0,0,0,0,0,0,0,0,,,,,0,0,0,0,,,3,0,,,2026-03-10 12:01:39.608503,true,true,false,true,2021-11-20 13:15:00
202764,10,8,2,5,9,7,1,1,4,0,1,1,7,2,3,3,0,0,1.72,1.49,,,,,,,,,1,1,,,,true,true,true,false,2017-02-04 16:45:00
217791,8,21,3,7,4,15,4,6,1,2,0,0,3,7,2,2,0,0,0.6,1.94,,,,,,,,,0,1,,,,true,true,true,false,2020-09-27 20:45:00
11945,25,8,6,4,11,4,14,4,9,1,0,0,11,0,3,2,0,0,1.76,0.6,64,36,10,11,1,1,81,75,0,1,,,,true,true,true,false,2023-10-22 18:15:00
205992,13,13,5,3,8,7,5,6,3,3,0,0,4,5,4,2,0,0,1.09,1.02,44,56,17,17,0,0,70,73,1,0,,,2026-03-10 10:00:54.333729,true,true,true,false,2024-11-20 20:45:00
105014,20,15,4,7,10,6,10,9,4,1,0,0,9,4,1,2,0,0,,,44,56,13,12,2,3,71,76,0,2,,,2026-03-10 11:47:10.776154,true,true,false,true,2022-07-26 22:00:00
329361,16,7,8,3,8,6,8,1,5,2,1,0,7,3,4,0,0,0,1.84,0.73,,,,,,,,,2,1,,,,true,true,true,false,2019-11-03 06:45:00
610286,,,,,,,,,,,,,,,,,,,,,,,,,,,,,0,1,,,,true,false,true,,2024-12-14 13:45:00
347081,,,,,,,,,,,,,,,,,,,,,,,,,,,,,0,0,,,,true,false,true,,2017-03-25 22:45:00
236741,12,9,6,4,0,0,0,0,0,0,0,0,3,9,1,3,1,0,,,,,,,,,,,,,,,,false,true,false,true,2016-04-30 16:45:00
222244,10,10,2,5,2,7,8,3,1,1,0,0,4,5,5,1,0,0,0.51,0.91,,,,,,,,,0,1,,,,true,true,true,false,2019-12-03 21:50:00
140107,13,8,6,1,7,6,6,2,0,0,0,0,5,3,2,0,0,0,1.02,0.76,59,41,15,11,3,3,72,61,1,0,,,2026-03-10 12:11:14.237018,true,true,true,false,2021-06-19 01:45:00
268370,10,24,4,7,5,16,5,8,0,9,0,0,2,11,1,0,0,0,0.75,2.12,51,49,4,7,2,2,87,84,0,0,,,2026-03-10 11:47:37.266412,true,true,true,false,2022-07-17 17:45:00
217863,7,17,0,4,4,14,3,3,1,6,0,0,1,8,3,4,1,0,0.57,1.72,31,69,11,18,2,4,70,85,0,0,,,2026-03-22 03:05:57.324919,true,true,true,false,2020-12-04 21:45:00
212943,12,8,2,3,5,3,7,5,6,1,0,0,5,3,4,0,0,0,0.82,0.52,,,,,,,,,1,1,,,,true,true,true,false,2020-06-29 20:45:00
138543,10,12,4,1,5,6,5,6,3,4,0,0,4,1,2,4,0,0,0.75,0.9,42,58,14,20,1,1,79,85,1,0,,,2026-03-15 03:06:28.509948,true,true,true,false,2020-12-06 04:45:00
255194,7,11,4,5,3,7,4,4,2,3,0,0,5,5,2,2,1,0,0.49,0.95,,,,,,,,,0,1,,,,true,true,true,false,2019-08-25 20:45:00
105473,4,20,2,8,2,13,2,7,2,4,0,1,3,7,4,3,0,0,0.3,2.39,,,,,,,,,0,0,,,,true,true,true,false,2020-08-25 17:45:00
628945,,,,,,,,,,,,,,,,,,,,,,,,,,,,,0,2,,,,true,false,true,,2025-01-19 21:45:00
333457,,,,,,,,,,,,,,,,,,,,,,,,,,,,,0,1,,,,true,false,true,,2018-08-11 18:45:00
604339,10,13,6,4,5,10,5,3,2,6,1,0,4,3,2,3,0,1,1.4,1.26,40,60,12,20,3,1,76,80,1,1,,,2026-03-23 23:04:10.797081,true,false,true,false,2025-02-08 14:45:00
158489,20,6,7,5,12,4,8,2,4,1,1,0,7,0,2,2,0,0,2.31,0.53,53,47,12,6,2,1,83,76,0,0,,,2026-03-10 11:48:04.789052,true,true,true,false,2022-07-07 02:15:00
248656,24,8,13,2,,,,,,,,,8,4,1,4,0,0,,,,,6,22,,,,,3,0,,,,true,false,false,,2018-04-29 12:45:00
100044636,10,9,4,3,,,,,,,,,8,0,,,0,0,,,,,10,8,1,2,,,0,1,,,2026-07-04 21:34:46,false,false,true,,2017-06-01 02:30:00
606465,0,0,0,0,0,0,0,0,0,0,0,0,0,0,1,1,0,0,,,,,0,0,0,0,,,2,0,,,2026-03-29 03:00:43.503779,true,false,false,true,2025-11-02 14:45:00
32179,8,9,4,6,0,0,0,0,0,0,0,0,6,5,2,2,0,0,,,,,8,6,,,,,0,0,,,,true,true,false,,2023-02-18 01:45:00
158740,4,20,1,5,3,15,1,5,2,6,0,0,1,8,2,4,1,0,0.38,1.9,27,73,18,13,3,2,69,88,0,0,,,2026-03-10 12:14:49.130738,true,true,true,false,2021-04-23 00:00:00
106319,0,0,0,0,0,0,0,0,0,0,0,1,0,0,0,0,0,0,,,,,0,0,0,0,,,0,1,,,2026-03-10 11:46:36.309554,true,true,false,true,2022-08-05 22:45:00
208818,11,17,5,6,5,10,6,8,2,7,0,0,1,8,2,3,0,0,0.79,1.43,,,,,,,,,1,1,,,,true,true,true,false,2018-04-29 14:45:00
241950,15,17,6,5,7,11,8,6,2,6,0,0,6,5,1,3,0,0,,,59,41,17,17,5,1,78,66,0,0,,,2026-03-10 12:16:26.638676,true,true,false,true,2021-04-04 20:30:00
300656,,,,,,,,,,,,,,,,,,,,,,,,,,,,,0,0,,,,true,false,true,,2018-09-23 15:15:00
100722066,17,10,7,6,,,,,,,,,4,0,2,2,0,0,,,47,53,12,14,1,4,,,0,2,,,2026-07-04 23:33:06,false,false,true,,2021-08-28 13:45:00
100722296,9,10,2,6,,,,,,,,,5,10,1,3,0,0,,,37,63,13,12,3,1,,,1,0,,,2026-07-04 23:33:06,false,false,true,,2022-03-05 14:45:00
368229,19,10,12,2,14,5,5,5,4,1,0,0,8,5,0,3,0,0,,,,,,,,,,,3,0,,,,true,true,false,true,2017-01-08 21:45:00
610572,,,,,,,,,,,,,,,,,,,,,,,,,,,,,0,0,,,,true,false,true,,2023-12-02 13:45:00
133675,0,0,0,0,0,0,0,0,0,0,0,1,0,0,0,0,0,0,,,,,0,0,0,0,,,1,1,,,2026-03-10 12:12:50.552935,true,true,false,true,2021-05-14 16:45:00
108812,0,0,0,0,0,0,0,0,0,0,1,0,6,6,0,1,0,0,,,,,,,,,,,0,0,,,,true,true,false,true,2020-10-21 15:45:00
295552,0,0,0,0,0,0,0,0,0,0,1,0,4,4,4,4,0,0,,,,,,,,,,,1,0,,,,true,true,false,true,2019-08-25 18:45:00
356039,14,14,6,7,9,11,5,3,3,2,0,0,3,10,1,2,0,0,,,,,,,,,,,1,0,,,,true,true,false,true,2019-12-12 21:45:00
267916,17,9,3,5,13,6,4,3,7,1,0,0,3,6,1,2,0,0,1.64,0.8,,,,,,,,,0,0,,,,true,true,true,false,2020-09-20 17:45:00
154892,4,15,1,8,3,7,1,8,1,3,0,0,3,3,1,1,0,0,0.38,1.08,44,56,14,14,4,0,82,87,0,1,,,,true,true,true,false,2025-09-08 20:30:00
209977,13,6,1,2,5,4,8,2,3,2,0,2,3,0,3,2,1,0,0.86,1.82,70,30,17,11,1,0,88,71,0,1,,,2026-03-10 12:12:02.71306,true,true,true,false,2021-05-23 20:30:00
124771,0,0,0,0,0,0,0,0,0,0,0,0,0,0,0,0,0,0,,,,,0,0,0,0,,,0,1,,,2026-03-10 11:40:44.345316,true,true,false,true,2023-04-10 12:45:00
273797,15,4,7,4,0,0,0,0,0,0,0,1,6,3,1,3,0,0,,,,,,,,,,,1,0,,,,true,true,false,true,2017-10-21 18:45:00
266387,23,9,3,2,9,6,14,3,10,1,0,0,7,1,1,3,0,0,1.53,0.8,,,,,,,,,0,0,,,,true,true,true,false,2019-08-25 01:45:00
201542,8,11,2,6,4,8,4,3,2,2,0,0,1,4,1,5,0,0,0.6,1.03,35,65,11,19,5,0,75,85,0,0,,,,true,true,true,false,2022-08-28 17:15:00
347411,,,,,,,,,,,,,,,,,,,,,,,,,,,,,0,0,,,,true,false,true,,2017-08-19 02:45:00
189672,11,7,3,2,8,5,3,2,4,1,0,0,4,3,2,2,0,0,1.03,0.65,59,41,7,14,0,5,71,61,0,0,,,2026-03-10 11:50:59.895221,true,true,true,false,2022-05-03 19:45:00
242734,10,10,4,3,3,5,7,5,2,2,0,0,6,3,4,3,0,0,0.59,0.75,57,43,6,12,3,0,85,82,0,0,,,,true,true,true,false,2024-09-21 20:30:00
95365,20,12,4,0,13,6,7,6,6,5,1,0,8,5,0,2,0,0,2.39,0.9,50,50,7,13,2,0,84,78,0,0,,,,true,true,true,false,2024-11-22 00:00:00
270667,6,12,4,3,6,7,0,5,0,4,0,0,2,5,2,2,0,0,0.69,0.98,45,55,13,13,6,1,71,75,0,0,,,,true,true,true,false,2023-03-05 18:15:00
249605,19,9,8,3,10,7,9,2,4,0,1,0,8,5,0,2,0,0,2.11,0.88,71,29,10,10,0,2,86,64,2,0,,,,true,true,true,false,2022-10-08 15:45:00
112678,11,14,8,7,0,0,0,0,1,4,1,0,1,12,3,4,0,0,,,,,13,12,0,0,,,1,1,,,2026-03-10 11:41:51.256266,true,true,false,true,2023-02-18 13:45:00
289047,20,9,3,3,13,5,7,4,8,3,0,0,4,3,2,0,0,0,1.74,0.72,60,40,14,14,2,4,70,55,0,1,,,,true,true,true,false,2024-12-14 14:15:00
203823,5,8,2,2,3,5,2,3,1,0,0,0,1,6,2,3,0,0,0.42,0.68,,,,,,,,,1,0,,,,true,true,true,false,2019-04-14 15:45:00
101099487,12,10,3,3,9,5,3,5,4,3,,,4,1,3,1,,,,,56,44,13,17,4,2,75,75,0,0,,,2026-07-04 21:34:46,false,false,true,,2023-11-05 14:15:00
164037,0,0,0,0,0,0,0,0,0,0,0,0,0,0,0,0,0,0,,,,,0,0,0,0,,,0,0,,,2026-03-10 12:21:17.631765,true,true,false,true,2021-02-07 14:15:00
197042,24,13,7,4,17,8,7,5,7,6,0,0,4,2,0,1,0,0,2.2,1.09,39,61,10,9,0,0,64,72,0,0,,,,true,true,true,false,2024-12-14 16:45:00
351499,0,0,0,0,0,0,0,0,0,0,0,0,0,0,0,0,0,0,,,,,,,,,,,0,1,,,,true,true,false,true,2018-11-17 02:00:00
626159,,,,,,,,,,,,,,,,,,,,,,,,,,,,,0,0,,,,true,false,true,,2026-01-26 01:00:00
112204,7,11,3,7,0,0,0,0,0,0,0,0,5,2,1,2,0,0,,,40,60,17,14,1,2,,,0,2,,,2026-03-10 12:12:09.943109,true,true,false,true,2021-05-22 18:45:00
434920,15,4,3,2,,,,,,,,,5,3,1,2,0,0,,,,,10,18,,,,,0,0,,,,true,false,true,,2019-02-01 01:45:00
99132,12,17,4,4,8,6,4,11,1,7,0,0,1,6,0,4,0,0,1.06,1.08,38,62,10,7,1,0,76,82,1,1,,,,true,true,true,false,2024-11-09 22:15:00
159077,0,0,0,0,0,0,0,0,0,0,1,0,0,0,0,0,0,0,,,,,0,0,0,0,,,2,0,,,,true,true,false,true,2024-06-07 17:15:00
598394,6,5,3,3,,,,,,,,,5,3,2,4,0,0,,,,,13,16,,,,,0,1,,,,true,false,true,,2023-02-04 01:45:00
98703,13,3,7,1,4,1,9,2,1,0,0,0,6,5,1,3,0,1,,,,,,,,,,,0,0,,,,true,true,false,true,2020-02-02 22:00:00
129155,0,0,0,0,0,0,0,0,0,0,0,0,0,0,0,0,0,0,,,,,0,0,0,0,,,0,1,,,2026-03-10 10:04:09.366669,true,true,false,true,2024-03-17 17:15:00
260453,10,7,6,0,8,6,2,1,1,4,0,0,5,2,2,2,0,0,0.99,0.73,41,59,14,6,2,2,83,89,0,0,,,,true,true,true,false,2025-03-09 02:15:00
258793,17,10,8,2,11,5,6,5,2,2,0,0,11,4,2,5,0,0,1.48,0.75,,,,,,,,,,,,,,false,true,true,false,2015-10-03 00:45:00
161083,0,0,0,0,0,0,0,0,0,0,0,0,0,0,0,0,0,0,,,,,0,0,0,0,,,,,,,2026-03-10 12:11:38.324595,true,true,false,true,2021-05-31 18:45:00
100565619,15,12,8,4,,,,,,,,,5,1,1,1,0,1,,,52,48,14,6,2,6,,,2,1,,,2026-07-04 23:33:06,false,false,true,,2020-07-04 18:45:00
288622,,,,,,,,,,,,,,,,,,,,,,,,,,,,,0,0,,,,true,false,false,,2022-09-30 19:45:00
104041,0,0,0,0,0,0,0,0,0,0,0,0,0,0,0,0,0,0,,,,,,,,,,,0,1,,,,true,true,false,true,2020-02-28 02:15:00
594605,,,,,,,,,,,,,,,1,1,0,0,,,,,,,,,,,2,0,,,,true,false,true,,2018-09-22 01:45:00
203545,9,11,3,2,3,9,6,2,3,2,0,0,3,4,7,7,0,0,0.56,1.11,,,,,,,,,0,1,,,,true,true,true,false,2018-10-12 17:45:00
294864,9,11,4,6,0,0,0,0,0,0,1,0,1,8,0,1,0,0,,,,,,,,,,,0,0,,,,true,true,false,true,2019-08-31 20:15:00
186517,14,9,3,3,6,6,8,3,5,0,0,0,6,3,1,1,0,0,0.97,0.8,,,,,,,,,,,,,,false,true,true,false,2016-10-18 20:30:00
592510,,,,,,,,,,,,,,,1,3,0,0,,,,,,,,,,,0,2,,,,true,false,true,,2022-08-16 01:45:00
285245,11,11,7,4,7,7,4,4,2,1,0,0,3,7,2,1,0,0,0.95,0.95,,,,,,,,,1,0,,,,true,true,true,false,2018-09-15 13:20:00
312826,,,,,,,,,,,,,,,,,,,,,,,,,,,,,0,0,,,,true,false,false,,2025-09-06 17:45:00
274981,24,3,6,3,15,3,9,0,3,0,0,0,9,2,0,2,0,1,2.04,0.35,74,26,10,8,1,1,86,62,0,0,,,,true,true,true,false,2025-01-18 18:45:00
129125,0,0,0,0,0,0,0,0,0,0,0,0,0,0,0,0,0,0,,,,,0,0,0,0,,,1,0,,,,true,true,false,true,2024-02-27 15:30:00
596935,11,10,3,3,,,,,,,,,6,7,1,1,0,0,,,,,8,7,,,,,1,1,,,,true,false,true,,2022-02-19 01:45:00
367132,,,,,,,,,,,,,,,,,,,,,,,,,,,,,0,2,,,,true,false,false,,2018-08-04 20:15:00
133462,0,0,0,0,0,0,0,0,0,0,0,0,0,0,0,0,0,0,,,,,0,0,0,0,,,1,0,,,2026-03-10 11:45:01.45011,true,true,false,true,2022-08-23 19:45:00
281271,10,16,5,5,7,11,3,5,3,2,0,0,3,4,3,5,0,0,0.91,1.44,57,43,15,19,0,1,79,75,2,0,,,,true,true,true,false,2022-08-29 18:55:00
97853,11,10,3,4,4,5,7,5,2,2,0,0,0,6,4,5,0,0,0.71,0.75,49,51,14,9,1,2,81,77,0,0,,,2026-03-10 11:57:37.693444,true,true,true,false,2022-02-03 03:00:00
152703,8,14,6,3,7,10,1,4,0,6,0,0,4,9,3,0,0,0,0.84,1.29,,,,,,,,,1,1,,,,true,true,true,false,2020-10-14 20:30:00
30862,19,10,7,3,12,7,7,3,7,4,0,0,7,3,2,3,0,1,1.63,0.91,45,55,6,9,2,2,80,84,0,1,,,,true,true,true,false,2023-11-25 16:45:00
344472,,,,,,,,,,,,,,,,,,,,,,,,,,,,,3,0,,,,true,false,true,,2019-10-04 19:45:00
268162,15,6,5,1,8,4,7,2,4,3,0,0,7,2,0,1,0,0,1.17,0.53,49,51,4,11,1,1,83,80,1,0,,,2026-03-10 12:06:44.442125,true,true,true,false,2021-09-12 17:45:00
331832,24,15,10,8,16,7,8,8,6,2,0,0,16,4,3,5,0,0,2.12,1.08,,,,,,,,,0,2,,,,true,true,true,false,2018-08-26 00:15:00
184745,10,10,6,3,8,7,2,3,1,5,0,1,4,5,2,1,0,0,0.99,1.56,44,56,8,7,0,2,85,89,2,1,,,2026-03-10 11:54:49.996051,true,true,true,false,2022-03-12 19:15:00
249661,24,7,7,1,18,5,6,2,10,1,0,0,11,1,0,4,0,0,2.28,0.65,56,44,5,12,0,3,74,62,0,0,,,,true,true,true,false,2023-01-02 16:45:00
140676,7,7,3,0,6,4,1,3,0,3,0,0,2,3,2,1,0,0,0.73,0.57,,,,,,,,,1,0,,,,true,true,true,false,2020-10-08 03:45:00
361012,0,0,0,0,0,0,0,0,0,0,0,0,0,0,0,0,0,0,,,,,,,,,,,0,0,,,,true,true,false,true,2018-07-19 16:45:00
129002,0,0,0,0,0,0,0,0,0,0,0,0,0,0,0,0,0,0,,,,,0,0,0,0,,,0,1,,,2026-03-10 11:38:36.223633,true,true,false,true,2023-08-16 18:15:00
159126,13,16,7,4,11,5,2,11,0,9,0,0,0,6,3,1,0,0,,,59,41,17,8,2,2,93,87,3,0,,,,true,true,false,true,2024-06-08 17:45:00
108729,0,0,0,0,0,0,0,0,0,0,0,0,0,0,0,0,0,0,,,,,0,0,0,0,,,0,0,,,2026-03-10 11:52:53.562988,true,true,false,true,2022-04-10 15:45:00
348072,,,,,,,,,,,,,,,,,,,,,,,,,,,,,0,0,,,,true,false,true,,2018-09-27 00:45:00
610023,,,,,,,,,,,,,,,,,,,,,,,,,,,,,1,0,,,,true,false,true,,2025-11-09 13:45:00
327861,18,6,5,4,11,3,7,3,8,0,0,0,5,2,3,1,0,0,1.51,0.45,54,46,11,10,0,1,85,81,0,2,,,,true,true,true,false,2026-02-07 16:45:00
446640,22,11,6,4,,,,,,,,,5,1,1,3,0,0,,,,,19,17,,,,,0,0,,,,true,false,true,,2018-09-01 01:45:00
138618,15,7,3,3,10,5,5,2,3,1,0,0,6,3,1,2,0,0,1.33,0.65,52,48,18,16,2,0,75,72,2,1,,,2026-03-10 12:19:14.428117,true,true,true,false,2021-03-01 04:45:00
222950,18,10,5,4,12,8,6,2,5,1,0,1,6,2,1,2,0,0,1.59,1.64,63,37,5,8,1,4,84,76,1,1,,,2026-03-10 11:57:41.208783,true,true,true,false,2022-02-01 19:45:00
248507,0,0,0,0,0,0,0,0,0,0,0,0,0,0,0,0,0,0,,,,,,,,,,,0,1,,,,true,true,false,true,2017-11-05 16:45:00
608497,,,,,,,,,,,,,,,,,,,,,,,,,,,,,1,0,,,,true,false,true,,2025-11-14 14:45:00
343763,,,,,,,,,,,,,,,,,,,,,,,,,,,,,2,0,,,,true,false,false,,2017-11-20 20:45:00
146492,12,5,3,5,0,0,0,0,0,0,0,0,5,5,1,2,0,0,,,,,13,11,0,0,,,0,0,,,2026-03-10 11:40:38.78489,true,true,false,true,2023-04-15 15:45:00
334004,7,13,0,5,2,7,5,6,3,4,0,0,5,6,3,2,0,0,,,49,51,14,15,0,0,75,77,0,0,,,,true,true,false,true,2025-08-08 20:00:00
152605,5,13,3,1,2,7,3,6,1,5,0,0,4,7,1,3,0,0,0.34,1.02,,,,,,,,,1,1,,,,true,true,true,false,2020-10-10 17:45:00
256390,19,5,13,3,10,0,9,5,5,1,0,0,12,4,3,2,0,0,1.47,0.18,69,31,13,14,0,1,91,77,0,0,,,2026-03-10 11:45:41.907449,true,true,true,false,2022-08-14 20:45:00
254117,18,6,2,4,5,2,13,4,6,0,0,0,8,4,0,2,0,0,1.03,0.37,,,,,,,,,,,,,,false,true,true,false,2016-08-21 20:45:00
285800,20,10,7,2,8,5,12,5,7,2,0,0,6,6,2,0,0,0,1.34,0.75,58,42,14,16,1,2,83,76,0,0,,,2026-03-10 12:09:35.477661,true,true,true,false,2021-08-03 10:15:00
241318,0,0,0,0,0,0,0,0,0,0,0,0,9,8,2,1,0,0,,,,,,,,,,,3,0,,,,true,true,false,true,2018-12-22 21:15:00
381597,18,7,5,2,,,,,,,,,7,2,5,6,0,1,,,,,16,13,,,,,1,0,,,,true,false,true,,2025-10-04 01:45:00
297440,,,,,,,,,,,,,,,,,,,,,,,,,,,,,0,0,,,,true,false,true,,2019-03-02 08:45:00
331911,10,8,3,2,7,2,3,6,2,1,0,0,4,3,1,1,0,1,0.91,0.44,,,,,,,,,0,0,,,,true,true,true,false,2018-10-28 22:45:00
628993,,,,,,,,,,,,,,,,,,,,,,,,,,,,,2,1,,,,true,false,true,,2025-02-20 21:45:00
140808,0,0,0,0,0,0,0,0,0,0,1,0,0,0,0,0,0,0,,,,,0,0,0,0,,,1,0,,,2026-03-10 10:04:03.940585,true,true,false,true,2024-03-23 21:45:00
630107,,,,,,,,,,,,,,,,,,,,,,,,,,,,,3,1,,,,true,false,true,,2024-03-24 16:45:00
601133,,,,,,,,,,,,,,,2,3,0,1,,,,,,,,,,,2,0,,,,true,false,true,,2023-10-24 20:30:00
14446,9,11,4,3,6,9,3,2,1,5,2,0,4,3,2,3,0,0,2.08,1.11,26,74,16,15,1,3,63,86,2,0,,,,true,true,true,false,2024-04-19 20:30:00
113022,6,5,3,1,0,0,0,0,0,0,0,0,6,3,1,3,0,0,,,51,49,6,27,4,0,,,0,0,,,2026-03-10 12:25:32.810759,true,true,false,true,2020-12-16 13:45:00
276306,16,16,9,4,8,8,8,8,1,2,0,0,4,6,2,3,0,0,1.2,1.2,53,47,20,11,1,3,76,71,0,0,,,2026-03-10 11:53:13.17361,true,true,true,false,2022-04-08 17:45:00
356580,24,8,10,0,16,2,8,6,6,5,0,0,4,4,3,2,0,0,,,51,49,16,11,0,0,79,78,3,0,,,,true,true,false,true,2025-10-02 18:30:00
310799,0,0,0,0,0,0,0,0,0,0,0,0,0,0,0,0,0,0,,,,,,,,,,,1,0,,,,true,true,false,true,2020-06-05 19:45:00
124482,25,10,8,3,14,6,11,4,10,4,0,0,7,8,0,1,0,0,2.0,0.83,45,55,6,8,1,0,83,83,1,1,,,2026-03-10 12:17:46.428122,true,true,true,false,2021-03-15 20:45:00
327875,23,10,8,6,19,5,4,5,8,2,0,0,11,1,3,2,0,0,2.33,0.75,49,51,13,8,1,1,74,71,3,0,,,,true,true,true,false,2026-02-07 16:46:00
157785,7,12,3,2,3,5,4,7,0,5,0,0,1,6,7,6,0,0,0.49,0.82,39,61,13,16,2,2,72,80,1,0,,,,true,true,true,false,2023-09-10 20:30:00
597094,13,7,8,3,,,,,,,,,5,4,1,3,0,0,,,,,15,16,,,,,0,0,,,,true,false,true,,2021-05-01 01:45:00
187682,18,9,5,2,14,6,4,3,6,2,0,0,3,3,3,2,0,0,1.75,0.8,,,,,,,,,0,0,,,,true,true,true,false,2018-11-27 21:30:00
99270,11,24,3,8,6,13,5,11,2,3,0,0,6,6,4,2,0,0,,,33,67,15,15,0,2,67,83,0,0,,,,true,true,false,true,2023-06-18 00:45:00
119915,5,4,3,4,0,0,0,0,0,0,0,0,3,3,3,2,0,0,,,53,47,19,13,3,5,,,0,1,,,2026-03-10 12:14:37.025048,true,true,false,true,2021-04-24 18:45:00
633709,8,21,2,6,,,,,,,,,4,8,2,1,0,0,,,,,15,4,,,,,1,1,,,,true,false,true,,2025-11-02 01:45:00
342891,,,,,,,,,,,,,,,,,,,,,,,,,,,,,0,2,,,,true,false,true,,2019-09-11 21:15:00
607182,,,,,,,,,,,,,,,,,,,,,,,,,,,,,1,1,,,,true,false,true,,2024-10-19 17:45:00
255957,19,16,4,4,7,7,12,9,3,5,0,0,5,9,1,1,0,0,1.23,1.12,56,44,8,9,0,2,84,79,0,1,,,2026-03-10 12:08:08.474314,true,true,true,false,2021-08-22 01:45:00
5045,7,13,4,4,4,10,3,3,2,4,0,0,3,5,2,1,0,0,0.57,1.26,43,57,14,6,2,4,69,79,2,0,,,,true,true,true,false,2024-02-17 16:45:00
199985,6,11,2,3,5,6,1,5,1,2,0,1,2,9,4,1,0,0,0.61,1.51,,,,,,,,,0,0,,,,true,true,true,false,2018-05-19 18:15:00
140732,25,12,5,4,14,7,11,5,10,4,0,0,10,5,0,2,0,0,2.0,0.98,,,,,,,,,1,0,,,,true,true,true,false,2020-10-29 01:45:00
7369,7,17,1,7,3,12,4,5,2,6,0,0,6,7,2,1,0,0,0.49,1.56,53,47,9,8,1,1,65,64,1,3,,,,true,true,true,false,2023-09-23 15:45:00
271052,3,24,0,10,2,14,1,10,1,5,0,0,0,6,4,4,2,0,0.27,1.96,34,66,11,17,1,1,71,86,0,0,,,,true,true,true,false,2025-07-26 13:45:00
94209,13,15,5,5,10,8,3,7,3,2,0,0,6,6,1,2,0,0,1.26,1.17,43,57,18,14,1,3,81,85,1,0,,,,true,true,true,false,2022-09-24 15:45:00
98630,19,12,4,3,9,4,10,8,5,2,0,0,4,5,4,2,0,0,,,56,44,13,16,1,2,83,78,0,0,,,2026-03-10 12:01:58.102364,true,true,false,true,2021-11-09 02:45:00
318912,,,,,,,,,,,,,,,,,,,,,,,,,,,,,0,0,,,,true,false,true,,2017-02-02 13:15:00
616333,,,,,,,,,,,,,,,,,,,,,,,,,,,,,1,0,,,,true,false,true,,2023-11-07 14:15:00
604527,,,,,,,,,,,,,,,,,,,,,,,,,,,,,0,1,,,,true,false,true,,2023-09-01 19:45:00
156138,14,5,4,3,12,1,2,4,6,1,0,0,5,7,3,3,0,0,1.45,0.26,41,59,16,10,3,5,75,81,1,0,,,2026-03-10 11:50:57.643907,true,true,true,false,2022-05-04 23:45:00
345913,,,,,,,,,,,,,,,,,,,,,,,,,,,,,1,1,,,,true,false,true,,2019-06-25 18:45:00
100711913,,,,,,,,,,,,,11,1,,,,,,,,,,,,,,,1,1,,,2026-07-04 23:33:06,false,false,true,,2022-05-21 12:45:00
605698,21,6,4,1,12,3,9,3,2,0,0,0,7,2,2,4,0,1,1.7,0.45,68,32,11,10,3,0,83,60,0,0,,,2026-03-23 23:03:52.544193,true,false,true,false,2025-02-15 12:45:00
283862,14,12,4,3,10,5,4,7,5,2,0,0,5,4,3,3,0,0,1.29,0.82,43,57,11,14,3,0,59,67,1,0,,,2026-03-10 12:14:51.741032,true,true,true,false,2021-04-22 17:30:00
101092975,,,,,,,,,,,,,,,0,1,0,0,,,,,,,,,,,0,0,,,2026-07-04 23:33:06,false,false,true,,2024-04-24 15:45:00
100732039,17,13,5,4,11,8,6,5,2,2,,,5,5,2,1,,,,,51,49,18,15,4,1,75,67,0,0,,,2026-07-04 23:33:06,false,false,true,,2021-10-17 12:15:00
273434,10,15,4,2,7,9,3,6,3,4,0,0,5,5,4,3,0,0,0.91,1.25,38,62,10,12,2,2,63,77,1,0,,,,true,true,true,false,2025-04-22 18:15:00
374328,10,12,7,2,6,8,4,4,1,4,0,0,2,9,1,2,0,0,0.83,1.06,36,64,10,8,4,2,72,81,1,0,,,,true,false,true,false,2026-03-06 21:15:00
246586,12,21,5,9,10,11,2,10,0,7,0,0,5,4,3,4,1,0,1.22,1.62,48,52,12,13,2,0,68,75,1,1,,,,true,true,true,false,2023-01-14 12:15:00
406669,17,17,6,7,,,,,,,,,9,3,4,4,0,0,,,,,11,18,,,,,0,3,,,,true,false,true,,2023-11-05 01:45:00
276001,5,3,2,0,0,0,0,0,0,0,0,0,4,1,0,2,0,0,,,52,48,14,20,2,0,,,0,0,,,2026-03-10 12:17:17.732241,true,true,false,true,2021-03-21 13:15:00
139164,16,12,6,7,9,9,7,3,2,2,1,0,6,7,1,3,0,0,1.93,1.14,45,55,11,14,3,1,84,85,0,1,,,,true,true,true,false,2024-09-29 02:15:00
280775,22,15,4,9,13,9,9,6,7,0,0,0,6,3,3,3,0,0,1.81,1.25,,,,,,,,,1,1,,,,true,true,true,false,2020-08-30 17:15:00
355116,15,16,3,5,8,14,7,2,2,4,0,0,4,5,5,2,1,0,1.17,1.68,66,34,9,17,1,4,84,72,0,0,,,,true,true,true,false,2025-11-25 19:30:00
185876,17,15,5,2,7,8,10,7,5,3,0,0,2,4,2,3,0,0,,,,,,,,,,,,,,,,false,true,false,true,2015-09-12 15:45:00
213815,9,13,3,2,3,10,6,3,1,4,0,0,2,5,4,6,1,2,0.56,1.26,58,42,14,22,0,2,81,73,0,0,,,,true,true,true,false,2022-09-03 13:45:00
265952,,,,,,,,,,,,,,,,,,,,,,,,,,,,,1,0,,,,true,false,true,,2018-04-02 01:15:00
629048,,,,,,,,,,,,,,,,,,,,,,,,,,,,,0,0,,,,true,false,true,,2025-04-02 22:15:00
323484,,,,,,,,,,,,,,,,,,,,,,,,,,,,,2,1,,,,true,false,true,,2018-08-28 02:15:00
331885,21,13,7,4,14,7,7,6,5,4,0,0,8,4,0,2,0,0,1.86,1.02,,,,,,,,,1,1,,,,true,true,true,false,2018-10-04 20:00:00
61653,14,3,5,0,11,0,3,3,4,0,0,0,7,2,4,0,0,0,1.37,0.11,63,37,12,16,7,1,79,64,0,0,,,,true,true,true,false,2023-09-03 16:45:00
288683,12,13,7,8,0,0,0,0,0,0,1,0,10,5,2,1,0,0,,,57,43,6,8,1,1,,,1,0,,,,true,true,false,true,2022-12-14 18:45:00
100567067,9,10,4,4,,,,,,,,,10,4,0,0,0,0,,,58,42,12,11,0,4,,,1,1,,,2026-07-04 21:34:46,false,false,true,,2020-09-27 14:15:00
251386,13,7,2,1,,,,,,,,,7,4,0,3,0,0,,,,,9,14,,,,,0,0,,,,true,false,true,,2019-02-16 16:45:00
612724,,,,,,,,,,,,,,,,,,,,,,,,,,,,,1,0,,,,true,false,true,,2025-10-03 19:15:00
612039,,,,,,,,,,,,,,,,,,,,,,,,,,,,,0,2,,,,true,false,true,,2025-05-31 06:45:00
632324,,,,,,,,,,,,,,,,,,,,,,,,,,,,,0,1,,,,true,false,true,,2024-01-14 13:45:00
234629,12,10,2,2,8,6,4,4,7,4,0,0,5,1,3,1,0,0,1.06,0.83,47,53,8,5,1,0,83,85,0,0,,,2026-03-10 12:00:17.858758,true,true,true,false,2021-12-04 21:45:00
255661,15,17,5,6,8,6,7,11,2,7,0,0,4,5,0,1,0,0,1.17,1.08,38,62,12,8,0,1,70,84,1,0,,,2026-03-10 12:25:44.931851,true,true,true,false,2020-12-13 23:00:00
260038,9,6,4,2,6,5,3,1,3,4,0,0,7,3,2,3,0,0,0.8,0.61,,,,,,,,,0,0,,,,true,true,true,false,2019-03-24 01:15:00
294681,6,5,3,1,0,0,0,0,0,0,0,0,3,3,2,2,0,0,,,,,,,,,,,0,1,,,,true,true,false,true,2018-11-03 15:45:00
308742,14,14,2,2,9,9,5,5,8,7,0,0,4,5,3,3,1,0,1.21,1.21,44,56,9,13,3,2,73,80,0,0,,,,true,true,true,false,2025-03-31 00:30:00
121671,0,0,0,0,0,0,0,0,0,0,0,0,0,0,0,0,0,0,,,,,0,0,0,0,,,1,1,,,2026-03-10 12:00:07.917872,true,true,false,true,2021-12-05 20:45:00
251479,9,8,1,4,0,0,0,0,0,0,0,0,9,2,0,0,0,0,,,,,,,,,,,,,,,,false,true,true,,2019-09-21 15:45:00
246562,6,6,2,1,3,2,3,4,1,4,0,0,1,3,2,2,0,0,0.45,0.37,47,53,14,15,2,1,87,85,0,0,,,,true,true,true,false,2022-12-27 15:45:00
135157,,,,,,,,,,,,,,,,,,,,,,,,,,,,,1,1,,,,true,false,false,,2021-07-27 18:30:00
163665,,,,,,,,,,,,,,,,,,,,,,,,,,,,,0,2,,,,true,false,false,,2022-11-19 15:45:00
153581,0,0,0,0,0,0,0,0,0,0,0,0,0,0,0,0,0,0,,,,,0,0,0,0,,,1,2,,,2026-03-10 10:00:43.266535,true,true,false,true,2024-12-01 15:45:00
208283,17,14,7,9,12,5,5,9,3,2,0,0,3,0,2,3,1,1,1.56,0.89,,,,,,,,,1,4,,,,true,true,true,false,2017-02-04 21:30:00
332,15,21,4,6,6,13,9,8,7,8,0,0,8,12,4,1,0,1,1.01,1.78,63,37,10,17,2,1,81,74,0,1,,,,true,true,true,false,2024-04-24 20:30:00
257159,15,8,3,2,8,7,7,1,8,1,0,0,7,3,1,5,0,0,1.17,0.84,60,40,9,23,2,2,89,82,0,0,,,,true,true,true,false,2025-05-18 23:15:00
120465,0,0,0,0,0,0,0,0,0,0,0,0,0,0,0,0,0,0,,,,,0,0,0,0,,,1,0,,,2026-03-10 11:42:54.768032,true,true,false,true,2022-11-19 17:45:00
260844,14,16,7,7,11,13,3,3,1,4,0,1,8,6,2,1,0,0,1.37,2.25,53,47,8,9,3,2,86,85,2,0,,,,true,true,true,false,2025-09-07 02:15:00
141811,0,0,0,0,0,0,0,0,0,0,1,0,0,0,0,0,0,0,,,,,0,0,0,0,,,1,0,,,2026-03-10 11:48:49.415385,true,true,false,true,2022-06-12 01:15:00
281845,21,5,4,1,13,3,8,2,10,3,0,0,7,1,3,2,0,0,1.78,0.42,58,42,18,17,6,1,74,67,0,0,,,,true,true,true,false,2025-07-26 17:15:00
214225,13,13,2,1,11,4,2,9,6,8,0,0,5,5,3,2,0,1,1.34,0.78,31,69,30,7,0,1,80,88,1,0,,,,true,true,true,false,2024-09-14 14:45:00
377020,15,7,2,5,14,5,1,2,4,1,,,4,6,2,2,1,0,,,46,54,11,11,4,1,77,82,0,2,,,2026-07-04 21:34:46,false,false,true,,2026-04-25 20:45:00
145989,20,12,5,3,12,10,8,2,5,5,0,0,2,6,0,2,0,0,1.66,1.22,49,51,7,13,4,2,81,79,1,0,,,,true,true,true,false,2025-05-25 15:45:00
159292,0,0,0,0,0,0,0,0,0,0,0,0,0,0,0,0,0,0,,,,,0,0,0,0,,,2,0,,,2026-03-10 10:01:30.477953,true,true,false,true,2024-10-15 13:45:00
297486,,,,,,,,,,,,,,,,,,,,,,,,,,,,,0,0,,,,true,false,true,,2019-05-11 09:45:00
217668,9,4,2,0,4,1,5,3,2,1,0,0,4,2,1,2,0,0,0.64,0.22,,,,,,,,,0,0,,,,true,true,true,false,2020-01-25 18:15:00
210637,16,19,3,3,13,11,3,8,6,7,0,0,10,8,2,3,0,0,1.6,1.55,59,41,8,7,4,0,83,76,0,0,,,,true,true,true,false,2023-04-01 17:45:00
242945,15,4,3,3,10,4,5,0,3,1,0,0,2,2,1,3,0,0,1.33,0.46,69,31,9,16,3,0,87,75,0,1,,,,true,true,true,false,2025-04-24 20:15:00
237224,17,7,8,2,13,4,4,3,1,1,0,0,7,5,0,1,0,0,1.64,0.57,,,,,,,,,1,0,,,,true,true,true,false,2018-01-07 19:45:00
245498,12,15,2,7,8,8,4,7,3,3,0,0,10,3,1,2,1,0,1.06,1.17,,,,,,,,,0,0,,,,true,true,true,false,2020-02-07 18:45:00
254315,10,15,7,5,6,9,4,6,2,4,0,0,6,6,2,2,0,0,0.83,1.25,,,,,,,,,1,0,,,,true,true,true,false,2017-05-28 15:45:00
374363,17,14,2,3,11,8,6,6,3,4,,,6,10,0,3,,,1.82,1.17,46,54,15,14,1,1,86,85,0,1,,,2026-07-04 21:34:46,false,false,true,false,2026-04-06 14:30:00
134788,0,0,0,0,0,0,0,0,0,0,0,0,0,0,0,0,0,0,,,,,0,0,0,0,,,0,0,,,2026-03-10 11:49:18.045764,true,true,false,true,2022-05-27 17:30:00
149130,11,16,3,4,0,0,0,0,1,2,0,0,3,11,4,4,0,0,,,,,17,13,3,1,,,1,0,,,2026-03-10 12:09:06.581251,true,true,false,true,2021-08-10 18:45:00
26225,19,8,8,0,9,4,10,4,4,5,0,0,6,2,2,1,0,0,1.39,0.6,50,50,10,11,0,0,87,86,2,0,,,,true,true,true,false,2024-04-14 21:15:00
100044706,4,6,2,4,,,,,,,,,6,2,1,4,1,0,,,47,53,15,16,2,2,,,0,0,,,2026-07-04 21:34:46,false,false,true,,2016-10-20 01:30:00
276339,7,11,3,3,5,5,2,6,2,4,1,0,4,4,3,2,0,0,1.29,0.79,46,54,13,16,1,2,75,77,1,1,,,2026-03-10 11:51:27.523433,true,true,true,false,2022-04-29 17:45:00
280207,14,9,6,4,10,5,4,4,3,2,1,0,9,2,2,2,0,0,1.94,0.72,,,,,,,,,0,1,,,,true,true,true,false,2018-04-29 14:45:00
199288,11,16,4,6,6,9,5,7,2,3,0,0,6,5,4,6,0,0,0.87,1.28,,,,,,,,,,,,,,false,true,true,false,2016-09-23 20:30:00
284910,12,14,4,4,8,9,4,5,6,5,0,0,3,3,2,4,0,0,1.06,1.21,,,,,,,,,1,1,,,,true,true,true,false,2017-05-13 09:15:00
291284,11,15,6,10,0,0,0,0,2,0,0,0,5,3,1,2,0,0,,,61,39,5,15,1,2,,,2,1,,,2026-03-10 11:51:55.16535,true,true,false,true,2022-04-23 15:45:00
268925,15,12,9,5,11,10,4,2,4,3,0,0,3,9,3,2,0,0,1.41,1.22,49,51,9,9,3,1,87,86,3,1,,,,true,true,true,false,2025-06-22 16:45:00
214488,21,6,7,2,12,3,9,3,7,1,0,0,9,1,2,1,0,0,1.7,0.45,75,25,12,20,1,2,87,61,0,1,,,,true,true,true,false,2025-03-29 18:00:00
376501,23,5,6,0,9,3,14,2,5,0,,,8,0,4,5,,,1.14,0.31,55,45,15,13,0,2,84,74,0,0,,,2026-07-04 21:34:46,false,false,true,false,2026-04-02 20:45:00
14221,24,10,6,6,15,7,9,3,9,1,0,0,5,7,1,4,0,0,2.04,0.91,47,53,8,7,1,3,76,81,0,2,,,,true,true,true,false,2023-10-29 13:15:00
366736,9,20,5,7,5,14,4,6,1,4,0,0,5,8,1,0,0,0,0.72,1.82,,,,,,,,,0,0,,,,true,true,true,false,2017-08-14 18:15:00
61632,17,6,5,2,12,5,5,1,5,3,1,0,9,2,1,3,0,0,2.2,0.61,65,35,9,12,2,1,82,64,0,0,,,,true,true,true,false,2023-08-12 16:45:00
373146,9,11,2,2,8,6,1,5,1,5,0,0,4,7,1,3,0,0,0.96,0.87,32,68,8,13,1,0,79,90,0,0,,,2026-03-23 22:42:24.976269,true,false,true,false,2026-03-22 20:15:00
100675,0,0,0,0,0,0,0,0,0,0,0,1,0,0,0,0,0,0,,,,,,,,,,,1,0,,,,true,true,false,true,2020-08-01 21:45:00
200083,10,6,2,2,5,4,5,2,3,0,0,0,6,4,3,3,0,0,0.75,0.53,,,,,,,,,0,1,,,,true,true,true,false,2018-10-21 18:15:00
32522,15,7,4,4,0,0,0,0,0,0,0,0,7,2,2,0,0,0,,,,,19,14,,,,,1,2,,,,true,true,true,,2021-03-27 01:45:00
212592,10,8,6,3,0,0,0,0,0,0,1,0,3,3,2,3,0,0,,,,,,,,,,,1,0,,,,true,true,false,true,2019-04-22 20:45:00
322653,16,8,5,3,7,2,9,6,2,2,1,0,8,0,1,1,0,0,1.77,0.44,,,,,,,,,0,0,,,,true,true,true,false,2019-07-27 15:45:00
83095,10,8,3,3,7,6,3,2,3,1,0,0,3,3,3,2,0,0,0.91,0.76,49,51,24,15,5,2,76,76,1,0,,,,true,true,true,false,2023-07-16 13:20:00
264748,17,5,3,1,11,2,6,3,6,1,0,0,5,2,1,1,0,0,1.48,0.34,41,59,9,6,4,2,77,80,1,0,,,,true,true,true,false,2024-06-16 06:45:00
630267,,,,,,,,,,,,,,,,,,,,,,,,,,,,,1,1,,,,true,false,true,,2025-09-28 18:15:00
349273,23,14,8,3,15,4,8,10,8,2,0,0,12,4,4,2,0,0,2.0,0.81,,,,,,,,,0,0,,,,true,true,true,false,2019-11-25 15:45:00
625343,,,,,,,,,,,,,,,,,,,,,,,,,,,,,1,0,,,,true,false,true,,2024-08-16 17:45:00
189617,11,18,4,0,6,8,5,10,1,7,0,0,6,5,3,3,0,0,0.87,1.27,33,67,10,14,3,2,72,85,2,0,,,2026-03-10 11:53:15.482909,true,true,true,false,2022-04-06 20:45:00
160282,,,,,,,,,,,,,,,,,,,,,,,,,,,,,2,0,,,,true,false,false,,2022-01-30 02:45:00
618202,,,,,,,,,,,,,,,,,,,,,,,,,,,,,0,0,,,,true,false,true,,2025-04-05 18:15:00
338485,,,,,,,,,,,,,,,,,,,,,,,,,,,,,0,0,,,,true,false,true,,2017-01-28 17:45:00
599072,4,8,1,5,,,,,,,,,3,10,2,1,0,0,,,,,7,11,,,,,0,2,,,,true,false,true,,2019-05-04 01:45:00
598289,14,7,4,3,,,,,,,,,3,3,1,0,0,0,,,,,11,12,,,,,0,2,,,,true,false,true,,2022-07-30 01:45:00
318522,,,,,,,,,,,,,,,,,,,,,,,,,,,,,1,1,,,,true,false,true,,2019-08-31 16:45:00
214726,15,10,5,1,10,4,5,6,4,3,1,0,2,6,1,3,0,0,1.97,0.67,57,43,13,16,1,0,83,77,0,0,,,,true,true,true,false,2025-12-13 15:45:00
244345,8,14,0,7,6,11,2,3,5,1,0,0,2,6,4,2,1,0,0.76,1.37,,,,,,,,,,,,,,false,true,true,false,2016-04-11 17:45:00
103451,0,0,0,0,0,0,0,0,0,0,0,0,0,0,0,0,0,0,,,,,0,0,0,0,,,1,0,,,2026-03-10 11:54:48.852559,true,true,false,true,2022-03-12 20:45:00
360207,0,0,0,0,0,0,0,0,0,0,1,0,0,0,0,0,0,0,,,,,,,,,,,,,,,,false,true,false,true,2016-08-04 20:00:00
234305,15,16,4,6,9,9,6,7,0,2,0,0,4,3,0,0,0,0,1.25,1.28,61,39,10,12,0,0,84,76,2,1,,,2026-03-10 12:24:47.513991,true,true,true,false,2020-12-22 19:30:00
595717,,,,,,,,,,,,,,,0,1,0,0,,,,,,,,,,,1,0,,,,true,false,true,,2016-10-01 01:45:00
103269,14,12,5,2,8,8,6,4,3,3,0,0,11,6,3,2,0,0,,,49,51,10,12,6,2,79,76,1,0,,,,true,true,false,true,2023-07-08 01:45:00
342425,,,,,,,,,,,,,,,,,,,,,,,,,,,,,2,1,,,,true,false,true,,2018-05-31 22:45:00
276006,7,8,5,4,0,0,0,0,0,0,0,0,5,7,0,2,0,0,,,49,51,11,13,2,1,,,1,0,,,2026-03-10 12:15:43.436579,true,true,false,true,2021-04-12 17:45:00
132242,0,0,0,0,0,0,0,0,0,0,0,0,0,0,0,0,0,0,,,,,0,0,0,0,,,0,0,,,2026-03-10 12:12:19.743179,true,true,false,true,2021-05-19 22:15:00
409134,11,13,5,3,,,,,,,,,7,5,4,3,0,0,,,,,19,12,,,,,1,0,,,,true,false,true,,2018-01-07 01:45:00
152091,6,10,2,2,4,8,2,2,1,2,0,0,4,1,1,4,0,0,0.53,0.99,42,58,21,18,2,1,84,89,0,1,,,,true,true,true,false,2022-09-22 20:30:00
135033,0,0,0,0,0,0,0,0,0,0,0,0,0,0,0,0,0,0,,,,,0,0,0,0,,,0,0,,,2026-03-10 12:12:09.952288,true,true,false,true,2021-05-22 18:45:00
323545,,,,,,,,,,,,,,,,,,,,,,,,,,,,,1,0,,,,true,false,true,,2018-10-28 21:45:00
612005,,,,,,,,,,,,,,,,,,,,,,,,,,,,,0,1,,,,true,false,true,,2025-05-06 08:35:00
604139,12,6,2,3,6,3,6,3,3,2,0,0,4,0,1,6,0,0,0.9,0.45,53,47,9,15,0,0,78,76,0,0,,,2026-03-23 23:11:35.229303,true,false,true,false,2024-08-25 15:45:00
274900,7,10,3,3,2,8,5,2,1,3,0,0,2,5,2,1,0,0,0.41,0.99,42,58,9,11,2,3,75,79,0,1,,,,true,true,true,false,2024-08-31 17:45:00
115956,0,0,0,0,0,0,0,0,0,0,1,0,0,0,0,0,0,0,,,,,0,0,0,0,,,1,0,,,2026-03-10 12:03:01.624442,true,true,false,true,2021-10-30 15:45:00
305350,0,0,0,0,0,0,0,0,0,0,1,0,0,0,0,0,0,0,,,,,0,0,0,0,,,0,1,,,,true,true,false,true,2025-11-01 18:45:00
134935,,,,,,,,,,,,,,,,,,,,,,,,,,,,,0,0,,,,true,false,false,,2021-02-06 15:15:00
118674,11,12,7,5,5,4,6,8,0,3,0,0,6,4,3,4,0,0,,,57,43,15,11,3,2,83,80,1,0,,,,true,true,false,true,2024-08-09 20:00:00
139182,26,7,10,1,16,2,10,5,9,2,0,0,9,3,0,3,0,0,2.19,0.41,59,41,13,16,2,3,86,79,0,1,,,,true,true,true,false,2024-10-03 04:15:00
114243,4,10,1,5,0,0,0,0,1,2,0,0,1,3,2,3,0,0,,,53,47,12,13,1,1,,,0,0,,,,true,true,false,true,2023-12-03 14:45:00
588695,16,7,8,5,10,6,6,1,1,0,,,6,3,1,3,,,2.75,1.5,67,33,8,9,2,3,85,73,1,1,,,2026-07-04 21:34:46,false,false,true,false,2026-04-20 16:15:00
349434,16,9,4,3,7,6,9,3,6,1,0,0,6,5,1,0,0,0,1.12,0.8,,,,,,,,,0,0,,,,true,true,true,false,2018-06-22 16:45:00
285499,15,10,7,2,14,6,1,4,3,5,0,1,9,4,3,1,0,1,1.65,1.48,,,,,,,,,1,1,,,,true,true,true,false,2019-09-26 13:20:00
123158,13,12,4,4,8,7,5,5,3,4,0,0,2,0,2,1,1,0,1.09,0.98,46,54,12,11,1,0,80,83,1,0,,,,true,true,true,false,2023-10-20 19:45:00
144515,0,0,0,0,0,0,0,0,0,0,1,0,0,0,0,0,0,0,,,,,,,,,,,3,0,,,,true,true,false,true,2020-09-13 18:45:00
110919,0,0,0,0,0,0,0,0,0,0,1,0,0,0,0,0,0,0,,,,,0,0,0,0,,,0,0,,,2026-03-10 11:55:24.279012,true,true,false,true,2022-03-05 17:15:00
245359,16,15,6,4,10,9,6,6,2,4,0,0,4,5,3,3,0,0,1.36,1.25,,,,,,,,,1,1,,,,true,true,true,false,2019-09-23 18:45:00
600542,,,,,,,,,,,,,,,,,,,,,,,,,,,,,0,0,,,,true,false,true,,2024-10-19 15:45:00
233374,23,13,12,5,13,8,10,5,2,4,0,0,3,4,4,1,0,1,1.85,1.09,,,,,,,,,1,1,,,,true,true,true,false,2017-09-30 19:30:00
158900,12,12,4,5,9,8,3,4,4,6,0,0,8,3,1,1,0,0,,,62,38,16,15,2,1,78,71,2,0,,,,true,true,false,true,2024-03-26 18:45:00
140147,18,8,7,5,7,4,11,4,5,3,0,0,8,3,3,1,0,0,1.19,0.6,68,32,12,10,0,1,89,77,1,2,,,2026-03-10 12:10:49.499234,true,true,true,false,2021-07-03 22:45:00
621745,,,,,,,,,,,,,,,,,,,,,,,,,,,,,0,0,,,,true,false,true,,2023-03-24 21:30:00
332327,10,5,3,2,4,5,6,0,3,0,0,0,4,2,2,2,1,0,0.67,0.58,58,42,13,14,1,4,82,75,0,0,,,,true,true,true,false,2025-04-07 00:45:00
139370,11,5,6,1,9,4,2,1,3,2,0,0,2,4,3,1,0,0,1.11,0.49,45,55,11,8,2,2,86,91,0,0,,,,true,true,true,false,2023-04-30 01:15:00
220520,0,0,2,3,0,0,0,0,0,0,0,0,4,0,1,2,0,0,,,,,,,,,,,,,,,,false,true,false,true,2015-05-01 19:45:00
225946,15,12,4,9,11,5,4,7,2,2,0,0,3,4,2,1,0,0,1.41,0.82,,,,,,,,,0,2,,,,true,true,true,false,2018-11-10 16:15:00
313247,,,,,,,,,,,,,,,,,,,,,,,,,,,,,1,0,,,,true,false,true,,2018-03-22 00:35:00
281930,11,8,4,3,6,3,5,5,5,4,0,0,4,2,2,1,0,0,0.87,0.52,40,60,8,15,1,0,75,85,0,2,,,,true,true,true,false,2025-10-27 19:45:00
335144,,,,,,,,,,,,,,,,,,,,,,,,,,,,,0,0,,,,true,false,true,,2017-08-12 23:15:00
100595120,6,3,3,2,,,,,,,,,4,2,1,3,0,0,,,58,42,14,17,3,3,,,0,1,,,2026-07-04 23:33:06,false,false,true,,2021-05-23 16:45:00
23260,28,11,10,3,22,5,6,6,7,3,0,0,5,7,0,2,0,0,2.74,0.79,54,46,11,9,1,0,87,85,2,0,,,,true,true,true,false,2024-05-03 18:15:00
188318,15,12,6,4,12,9,3,3,4,3,0,0,6,10,3,1,0,0,1.49,1.14,,,,,,,,,1,0,,,,true,true,true,false,2019-12-26 16:45:00
241024,6,12,4,7,0,0,0,0,0,0,0,0,3,6,2,3,0,0,,,,,,,,,,,3,0,,,,true,true,false,true,2017-12-02 21:15:00
141230,0,0,0,0,0,0,0,0,0,0,0,0,0,0,0,0,0,0,,,,,0,0,0,0,,,0,0,,,2026-03-10 11:41:05.534675,true,true,false,true,2023-03-25 21:45:00
600057,,,,,,,,,,,,,,,2,0,0,0,,,,,,,,,,,1,0,,,,true,false,true,,2025-11-18 21:30:00
595836,,,,,,,,,,,,,,,1,1,0,0,,,,,,,,,,,1,0,,,,true,false,true,,2016-11-29 01:45:00
247013,10,12,5,4,7,6,3,6,2,3,0,1,5,5,2,1,0,0,0.91,1.55,52,48,17,17,0,1,80,77,0,0,,,,true,true,true,false,2025-03-02 12:15:00
281623,13,14,5,6,9,8,4,6,4,3,0,1,9,5,3,4,0,0,1.18,1.78,65,35,13,14,0,1,88,78,1,0,,,,true,true,true,false,2024-08-25 16:15:00
100044644,13,17,5,9,8,10,5,7,4,3,,,4,6,0,1,0,0,,,37,63,9,8,3,1,87,90,0,1,,,2026-07-04 21:34:46,false,false,true,,2017-05-11 02:30:00
128957,0,0,0,0,0,0,0,0,0,0,0,0,0,0,0,0,0,0,,,,,0,0,0,0,,,0,0,,,,true,true,false,true,2025-04-11 16:15:00
202575,14,8,6,5,11,4,3,4,2,2,0,0,5,4,3,4,0,0,1.37,0.6,,,,,,,,,,,,,,false,true,true,false,2016-09-11 19:45:00
142847,0,0,0,0,0,0,0,0,0,0,0,0,0,0,0,0,0,0,,,,,,,,,,,0,1,,,,true,true,false,true,2020-09-27 00:45:00
106567,0,0,0,0,0,0,0,0,0,0,0,0,0,0,0,0,0,0,,,,,0,0,0,0,,,1,0,,,2026-03-10 12:09:19.350907,true,true,false,true,2021-08-08 00:45:00
208939,15,14,6,5,7,6,8,8,1,4,1,0,9,5,2,3,0,0,1.73,0.97,,,,,,,,,1,1,,,,true,true,true,false,2018-10-28 13:15:00
113120,0,0,0,0,0,0,0,0,0,0,0,0,0,0,0,0,0,0,,,,,0,0,0,0,,,0,0,,,2026-03-10 10:02:27.264603,true,true,false,true,2024-08-03 16:15:00
306694,5,5,3,2,2,3,3,2,1,1,0,0,3,2,1,0,0,0,0.34,0.42,49,51,15,11,0,0,79,82,0,0,,,,true,true,true,false,2025-05-04 19:45:00
101341737,13,22,7,3,8,9,5,13,2,7,,,4,3,2,3,1,0,2.18,1.86,35,65,8,12,1,3,80,87,1,0,,,2026-07-04 21:34:46,false,false,true,false,2025-04-22 18:45:00
212488,4,4,1,1,0,0,0,0,0,0,0,0,4,4,4,5,0,0,,,,,,,,,,,0,0,,,,true,true,false,true,2019-02-02 15:45:00
101225981,,,,,,,,,,,,,,,0,2,0,1,,,,,,,,,,,1,0,,,2026-07-04 23:33:06,false,false,false,,2025-03-08 15:45:00
591491,,,,,,,,,,,,,,,4,2,0,0,,,,,,,,,,,1,0,,,,true,false,true,,2024-09-21 01:45:00
343009,,,,,,,,,,,,,,,,,,,,,,,,,,,,,1,1,,,,true,false,true,,2025-01-25 22:45:00
159780,16,7,6,3,9,5,7,2,2,2,0,0,7,4,0,0,0,0,,,50,50,9,11,3,0,85,83,3,1,,,,true,true,false,true,2023-06-16 18:45:00
260723,15,18,6,6,11,12,4,6,7,4,0,0,5,10,1,1,0,0,1.41,1.59,49,51,10,8,1,1,82,85,2,0,,,,true,true,true,false,2025-07-06 03:15:00
629760,,,,,,,,,,,,,,,,,,,,,,,,,,,,,0,0,,,,true,false,true,,2025-01-19 16:45:00
359064,31,5,8,3,15,2,16,3,9,0,0,0,10,2,1,0,0,0,,,,,,,,,,,0,0,,,,true,true,false,true,2019-09-25 20:45:00
443580,9,10,4,6,,,,,,,,,7,4,2,4,0,1,,,,,,,,,,,0,0,,,,true,false,false,,2018-12-07 01:45:00
607522,,,,,,,,,,,,,,,,,,,,,,,,,,,,,0,1,,,,true,false,true,,2025-08-10 19:15:00
164041,0,0,0,0,0,0,0,0,0,0,0,1,0,0,0,0,0,0,,,,,0,0,0,0,,,1,0,,,2026-03-10 12:21:16.140977,true,true,false,true,2021-02-07 14:45:00
185190,23,10,5,5,18,9,5,1,9,4,0,0,15,1,1,5,0,0,2.25,1.07,78,22,11,13,1,1,89,65,0,3,,,,true,true,true,false,2023-05-08 18:15:00
291518,20,6,6,1,0,0,0,0,5,1,0,0,9,6,1,4,0,1,,,55,45,17,9,1,0,,,1,0,,,,true,true,false,true,2023-10-29 14:45:00
371676,7,19,3,4,6,10,1,9,3,9,0,0,3,10,2,4,0,0,0.73,1.47,42,58,10,11,4,0,73,86,1,0,,,2026-03-15 03:00:12.913551,true,false,true,false,2026-03-14 18:00:00
322199,16,13,5,4,9,6,7,7,1,1,0,0,5,6,2,2,0,1,,,,,,,,,,,1,0,,,,true,true,false,true,2018-04-25 02:15:00
322569,13,7,3,1,7,3,6,4,4,3,0,0,10,2,2,2,0,0,1.02,0.49,,,,,,,,,0,0,,,,true,true,true,false,2019-05-11 21:15:00
357053,22,5,12,4,20,3,2,2,4,0,0,1,10,1,1,4,0,0,2.37,1.06,,,,,,,,,4,1,,,,true,true,true,false,2019-05-24 02:15:00
150471,0,0,0,0,0,0,0,0,0,0,0,0,0,0,0,0,0,0,,,,,,,,,,,0,1,,,,true,true,true,true,2020-10-01 20:30:00
269566,7,9,1,3,5,2,2,7,1,3,0,1,1,3,2,0,0,1,0.65,1.12,,,,,,,,,0,0,,,,true,true,true,false,2018-08-11 15:15:00
222351,8,6,5,1,5,1,3,5,0,1,0,0,4,4,2,0,0,0,0.68,0.29,,,,,,,,,0,0,,,,true,true,true,false,2020-03-07 15:45:00
101226147,,,,,,,,,,,,,,,2,0,0,0,,,,,,,,,,,0,0,,,2026-07-04 23:33:06,false,false,false,,2025-05-17 15:45:00
25676,8,22,1,8,0,0,0,0,0,0,0,0,4,2,2,0,0,0,,,,,14,14,,,,,0,3,,,,true,true,true,,2021-04-04 01:45:00
212229,10,3,5,2,0,0,0,0,0,0,0,0,7,2,3,2,0,0,,,,,,,,,,,0,0,,,,true,true,false,true,2017-09-23 14:45:00
194043,8,13,2,3,5,10,3,3,2,4,0,0,3,4,2,1,0,0,0.68,1.26,54,46,18,17,2,2,76,75,0,0,,,,true,true,true,false,2025-11-22 16:45:00
343518,,,,,,,,,,,,,,,,,,,,,,,,,,,,,0,0,,,,true,false,false,,2017-03-03 20:45:00
153601,16,3,4,3,11,3,5,0,6,0,0,0,11,2,4,1,0,0,,,55,45,6,5,1,1,87,80,2,1,,,,true,true,false,true,2022-10-27 20:45:00
100167210,11,5,6,4,,,,,,,,,4,3,,,,,,,55,45,17,16,2,1,,,1,1,,,2026-07-04 23:33:06,false,false,true,,2019-08-02 18:55:00
137737,12,7,2,3,8,2,4,5,3,0,0,0,7,1,3,4,0,1,1.06,0.41,43,57,8,10,1,2,81,84,0,0,,,2026-03-10 11:47:02.894402,true,true,true,false,2022-07-30 03:50:00
625809,,,,,,,,,,,,,,,,,,,,,,,0,0,0,0,,,1,1,,,2026-03-29 03:02:17.206009,true,false,true,,2026-03-23 00:45:00
616298,,,,,,,,,,,,,,,,,,,,,,,,,,,,,0,0,,,,true,false,true,,2023-10-03 16:15:00
112080,0,0,0,0,0,0,0,0,0,0,0,0,0,0,0,0,0,0,,,,,,,,,,,0,0,,,,true,true,false,true,2020-11-01 17:45:00
185167,14,1,3,0,8,1,6,0,7,0,0,0,8,2,3,2,0,0,1.13,0.12,52,48,6,18,0,5,84,81,1,0,,,,true,true,true,false,2023-04-25 20:30:00
106694,0,0,0,0,0,0,0,0,0,0,0,0,0,0,0,0,0,0,,,,,0,0,0,0,,,0,0,,,2026-03-10 12:01:52.27495,true,true,false,true,2021-11-13 21:30:00
273212,6,16,2,4,4,9,2,7,2,4,1,0,1,6,1,2,0,1,1.18,1.28,37,63,12,7,0,7,57,80,1,0,,,,true,true,true,false,2023-05-07 14:15:00
604895,,,,,,,,,,,,,,,,,,,,,,,,,,,,,1,0,,,,true,false,true,,2025-10-18 14:15:00
323170,14,7,4,4,7,3,7,4,2,1,1,1,4,2,0,3,0,1,1.7,1.13,55,45,7,15,3,1,78,78,0,1,,,,true,true,true,false,2025-09-06 20:45:00
141333,0,0,0,0,0,0,0,0,0,0,0,0,0,0,0,0,0,0,,,,,0,0,0,0,,,0,0,,,2026-03-10 11:39:42.697801,true,true,false,true,2023-05-21 03:45:00
248237,0,0,0,0,0,0,0,0,0,0,0,0,0,0,0,0,0,0,,,,,,,,,,,,,,,,false,true,false,true,2016-08-27 15:45:00
374396,12,17,7,1,9,12,3,5,1,9,,,3,9,0,1,,,1.64,1.35,43,57,10,9,1,1,76,78,3,1,,,2026-07-04 21:34:46,false,false,true,false,2026-05-03 12:00:00
192172,16,14,8,5,13,11,3,3,6,2,0,0,7,2,3,3,0,0,1.6,1.37,38,62,13,13,5,1,62,75,2,1,,,2026-03-10 12:12:14.935453,true,true,true,false,2021-05-21 20:30:00
600869,,,,,,,,,,,,,,,1,3,0,0,,,,,,,,,,,1,0,,,,true,false,true,,2025-04-05 15:45:00
263010,10,11,6,5,4,6,6,5,1,4,0,0,5,6,1,0,0,0,0.67,0.87,,,,,,,,,0,1,,,,true,true,true,false,2018-08-25 11:45:00
241799,12,2,5,0,0,0,0,0,0,0,1,0,7,5,3,3,0,0,,,51,49,19,11,1,2,,,0,0,,,2026-03-15 03:06:04.318206,true,true,false,true,2020-12-11 21:30:00
114877,4,7,0,4,0,0,0,0,0,0,0,1,9,5,4,3,1,0,,,42,58,9,13,2,3,,,0,1,,,2026-03-10 12:18:10.223675,true,true,false,true,2021-03-13 13:45:00
611549,,,,,,,,,,,,,,,,,,,,,,,,,,,,,1,1,,,,true,false,true,,2026-02-21 06:45:00
333914,7,4,3,2,0,0,0,0,0,0,0,0,5,3,4,1,0,1,,,,,,,,,,,0,0,,,,true,true,false,true,2020-01-26 16:45:00
241626,0,0,0,0,0,0,0,0,0,0,0,0,6,5,0,1,0,0,,,,,,,,,,,0,1,,,,true,true,false,true,2020-02-08 21:15:00
331633,11,12,3,4,6,11,5,1,2,1,0,0,7,4,0,1,0,0,0.87,1.3,,,,,,,,,0,1,,,,true,true,true,false,2018-02-28 22:15:00
360133,5,8,3,4,0,0,0,0,0,0,0,0,3,3,3,3,0,0,,,,,,,,,,,,,,,,false,true,false,true,2016-07-14 20:30:00
300615,,,,,,,,,,,,,,,,,,,,,,,,,,,,,0,0,,,,true,false,true,,2018-08-26 20:45:00
371566,22,11,5,1,12,6,10,5,5,5,,,7,4,2,1,,,1.94,0.88,49,51,13,12,1,1,87,87,0,0,,,2026-07-04 21:34:46,false,false,true,false,2026-04-26 12:15:00
93167,9,6,2,2,6,4,3,2,0,2,0,0,5,5,6,0,3,0,0.8,0.53,44,56,19,13,0,4,78,83,0,0,,,,true,true,true,false,2024-05-08 01:45:00
159580,0,0,0,0,0,0,0,0,0,0,0,0,0,0,0,0,0,0,,,,,0,0,0,0,,,0,0,,,2026-03-10 11:41:03.326147,true,true,false,true,2023-03-28 18:45:00
342961,,,,,,,,,,,,,,,,,,,,,,,,,,,,,2,1,,,,true,false,true,,2019-10-20 21:45:00
217762,5,20,0,3,2,9,3,11,1,6,0,0,4,5,2,3,0,0,0.34,1.42,,,,,,,,,0,0,,,,true,true,true,false,2020-09-11 20:45:00
342413,,,,,,,,,,,,,,,,,,,,,,,,,,,,,0,0,,,,true,false,true,,2018-05-06 21:45:00
599174,4,9,2,6,,,,,,,,,4,5,2,2,0,0,,,,,11,11,,,,,1,1,,,,true,false,true,,2018-01-27 01:45:00
354560,0,0,0,0,0,0,0,0,0,0,0,0,0,0,0,0,0,0,,,,,,,,,,,3,0,,,,true,true,false,true,2018-07-17 19:45:00
143834,0,0,0,0,0,0,0,0,0,0,0,0,0,0,0,0,0,0,,,,,0,0,0,0,,,0,1,,,2026-03-10 10:04:56.988427,true,true,false,true,2024-01-21 04:15:00
356465,0,0,0,0,0,0,0,0,0,0,0,0,0,0,0,0,0,0,,,,,0,0,0,0,,,1,0,,,2026-03-10 09:58:34.009635,true,true,false,true,2025-07-31 20:45:00
325238,,,,,,,,,,,,,,,,,,,,,,,,,,,,,2,1,,,,true,false,true,,2019-04-27 15:15:00
269887,9,5,3,1,5,3,4,2,3,1,0,0,3,1,1,3,0,0,0.72,0.42,,,,,,,,,0,0,,,,true,true,true,false,2019-09-28 17:45:00
608420,,,,,,,,,,,,,,,,,,,,,,,,,,,,,1,0,,,,true,false,true,,2025-08-23 17:15:00
343042,,,,,,,,,,,,,,,,,,,,,,,,,,,,,0,0,,,,true,false,true,,2025-03-02 00:00:00
150547,20,13,9,2,14,6,6,7,5,2,0,0,4,5,2,0,0,0,1.82,0.94,,,,,,,,,2,1,,,,true,true,true,false,2020-10-29 19:40:00
129592,0,0,0,0,0,0,0,0,0,0,0,0,0,0,0,0,0,0,,,,,0,0,0,0,,,0,0,,,2026-03-10 11:58:07.7588,true,true,false,true,2022-01-22 16:15:00
609662,,,,,,,,,,,,,,,,,,,,,,,,,,,,,0,0,,,,true,false,true,,2023-08-26 09:45:00
623993,,,,,,,,,,,,,,,,,,,,,,,,,,,,,1,1,,,,true,false,false,,2023-05-20 12:45:00
145693,8,14,4,4,4,7,4,7,0,5,0,0,2,3,1,4,0,0,0.6,1.05,,,,,,,,,1,0,,,,true,true,true,false,2020-03-08 01:45:00
203953,9,10,2,1,5,4,4,6,3,5,0,0,3,5,3,3,0,0,0.72,0.67,,,,,,,,,1,0,,,,true,true,true,false,2019-09-01 18:45:00
13389,15,14,4,3,0,0,0,0,0,0,0,0,3,4,3,1,0,0,,,,,17,13,,,,,0,0,,,,true,true,true,,2020-12-10 01:45:00
202010,21,7,9,1,14,5,7,2,4,4,1,0,5,5,1,2,0,0,2.5,0.65,67,33,6,14,3,3,91,79,3,0,,,,true,true,true,false,2024-10-20 20:45:00
335831,,,,,,,,,,,,,,,,,,,,,,,,,,,,,0,0,,,,true,false,true,,2026-02-01 22:45:00
141438,0,0,0,0,0,0,0,0,0,0,0,0,0,0,0,0,0,0,,,,,0,0,0,0,,,1,0,,,2026-03-10 11:39:01.723094,true,true,false,true,2023-07-20 00:45:00
102576,14,11,2,2,10,5,4,6,2,2,0,0,5,6,0,3,1,0,1.29,0.79,,,,,,,,,0,0,,,,true,true,true,false,2020-03-15 00:45:00
210205,7,8,2,0,4,3,3,5,2,3,0,0,2,4,2,4,0,1,0.57,0.52,42,58,24,12,1,2,71,80,0,0,,,2026-03-10 11:57:59.674211,true,true,true,false,2022-01-23 15:45:00
203998,12,12,5,4,10,8,2,4,3,3,1,0,7,4,1,6,0,0,1.87,1.06,,,,,,,,,0,1,,,,true,true,true,false,2019-09-28 15:45:00
604962,,,,,,,,,,,,,,,,,,,,,,,,,,,,,0,1,,,,true,false,true,,2026-03-03 21:15:00
125934,17,10,5,4,4,7,13,3,3,1,1,0,2,4,0,5,0,0,1.56,0.91,61,39,14,17,2,2,80,67,0,0,,,2026-03-10 12:24:11.336277,true,true,true,false,2021-01-01 15:20:00
136510,0,0,0,0,0,0,0,0,0,0,0,0,0,0,0,0,0,0,,,,,0,0,0,0,,,0,0,,,2026-03-10 10:00:24.404362,true,true,false,true,2025-01-05 14:45:00
234454,19,10,7,3,12,4,7,6,3,2,0,0,5,3,2,4,0,0,1.63,0.67,52,48,11,9,0,1,85,82,1,0,,,2026-03-10 12:14:36.947954,true,true,true,false,2021-04-24 18:30:00
621349,,,,,,,,,,,,,,,,,,,,,,,,,,,,,1,0,,,,true,false,true,,2025-02-14 21:30:00
605710,8,22,3,10,4,12,4,10,2,2,0,0,4,7,1,0,0,0,0.6,1.73,23,77,12,3,0,2,65,90,0,0,,,2026-03-23 23:03:05.530719,true,false,true,false,2025-03-01 12:45:00
216404,16,11,6,1,8,6,8,5,2,6,0,0,2,6,1,2,0,0,1.2,0.87,,,,,,,,,,,,,,false,true,true,false,2016-10-16 20:30:00
332464,14,12,5,2,9,9,5,3,3,1,1,0,4,9,3,5,1,0,1.85,1.14,43,57,11,15,0,1,77,80,1,0,,,,true,true,true,false,2025-08-04 21:45:00
61794,22,9,4,4,15,4,7,5,5,1,0,0,6,4,2,2,0,0,1.97,0.64,51,49,8,12,4,2,69,67,0,1,,,,true,true,true,false,2024-05-04 16:45:00
93502,16,10,4,4,6,2,10,8,5,2,0,0,9,4,2,2,0,0,1.04,0.51,59,41,11,5,1,0,84,78,0,2,,,,true,true,true,false,2024-11-12 01:45:00
338291,,,,,,,,,,,,,,,,,,,,,,,,,,,,,1,0,,,,true,false,false,,2025-09-24 16:15:00
302385,,,,,,,,,,,,,,,,,,,,,,,,,,,,,1,1,,,,true,false,false,,2018-04-29 17:05:00
281111,14,13,3,9,14,10,0,3,5,3,0,1,5,5,4,3,0,0,1.61,1.9,47,53,7,20,1,0,83,83,0,1,,,2026-03-10 12:00:23.916812,true,true,true,false,2021-12-04 15:45:00
218487,14,13,1,2,9,6,5,7,3,7,0,0,3,1,4,4,1,0,1.21,0.94,48,52,10,11,0,0,76,81,0,0,,,2026-03-10 11:50:08.536516,true,true,true,false,2022-05-14 20:45:00
378383,,,,,,,,,,,,,,,1,2,0,0,,,,,,,,,,,1,0,,,2026-07-04 21:34:46,false,false,false,,2026-05-16 11:45:00
248601,0,0,0,0,0,0,0,0,0,0,0,0,0,0,0,0,0,0,,,,,,,,,,,0,0,,,,true,true,false,true,2018-02-17 16:45:00
616987,,,,,,,,,,,,,,,,,,,,,,,,,,,,,0,0,,,,true,false,true,,2025-03-30 10:30:00
278479,10,13,4,2,7,6,3,7,4,4,0,0,7,4,0,0,0,0,0.91,0.94,,,,,,,,,0,0,,,,true,true,true,false,2018-05-06 22:30:00
189781,14,14,4,3,7,5,7,9,5,6,0,0,2,7,2,4,0,0,1.05,0.89,50,50,13,9,3,2,73,75,1,1,,,,true,true,true,false,2022-08-30 20:45:00
249178,10,7,3,4,8,5,2,2,2,2,0,0,4,3,2,2,0,0,,,63,37,14,16,1,1,66,47,0,0,,,2026-03-15 03:05:58.496371,true,true,false,true,2020-12-12 16:45:00
334056,10,5,2,4,7,4,3,1,2,0,0,0,9,4,4,3,0,0,,,51,49,11,18,1,1,78,80,0,1,,,,true,true,false,true,2025-10-05 13:45:00
118849,18,7,7,4,11,4,7,3,7,2,0,0,6,3,2,2,0,0,,,70,30,11,8,0,2,93,78,1,0,,,,true,true,false,true,2025-03-15 14:45:00
19794,6,20,1,7,2,14,4,6,2,7,0,0,1,7,2,2,0,0,0.37,1.82,50,50,15,5,2,1,78,79,0,0,,,,true,true,true,false,2023-11-25 19:45:00
111257,13,18,2,11,5,9,8,9,3,3,0,0,4,5,1,0,0,0,0.86,1.35,48,52,8,21,0,0,82,86,0,2,,,,true,true,true,false,2024-09-01 15:15:00
100879367,19,12,11,5,,,,,4,4,,,8,1,5,1,1,0,,,,,14,15,1,1,,,2,2,,,2026-07-04 23:33:06,false,false,false,,2023-03-11 14:45:00
159687,,,,,,,,,,,,,,,,,,,,,,,,,,,,,0,0,,,,true,false,false,,2021-10-16 15:45:00
194823,13,16,6,8,7,11,6,5,3,2,0,0,4,7,3,2,0,0,,,,,,,,,,,1,2,,,,true,true,false,true,2019-09-28 15:45:00
257327,10,5,4,2,5,5,5,0,4,1,1,0,3,4,4,5,0,0,1.4,0.58,56,44,21,16,4,1,85,78,0,1,,,,true,true,true,false,2025-10-02 00:15:00
633401,15,11,5,5,10,9,5,2,5,1,,,4,4,0,2,,,1.09,1.47,50,50,11,15,5,4,83,85,0,2,,,2026-07-04 21:34:46,false,false,true,false,2026-05-23 20:30:00
325251,,,,,,,,,,,,,,,,,,,,,,,,,,,,,1,1,,,,true,false,true,,2019-08-19 17:45:00
97324,18,8,1,0,8,1,10,7,7,5,0,0,6,3,2,1,0,0,1.27,0.36,42,58,12,4,4,1,83,91,0,0,,,,true,true,true,false,2024-11-13 01:05:00
618471,,,,,,,,,,,,,,,,,,,,,,,,,,,,,2,1,,,,true,false,true,,2025-07-26 19:30:00
241242,0,0,0,0,0,0,0,0,0,0,0,0,6,4,0,1,0,0,,,,,,,,,,,0,0,,,,true,true,false,true,2018-10-19 20:15:00
307464,9,13,3,3,4,6,5,7,4,1,0,0,0,7,2,4,0,0,0.64,0.94,,,,,,,,,1,0,,,,true,true,true,false,2017-04-03 02:15:00
201202,17,11,8,6,9,4,8,7,4,1,0,0,5,5,2,3,0,0,1.32,0.71,56,44,8,17,4,0,78,68,2,1,,,2026-03-10 12:05:33.141384,true,true,true,false,2021-09-26 13:45:00
163150,0,0,0,0,0,0,0,0,0,0,1,0,0,0,0,0,0,0,,,,,,,,,,,2,0,,,,true,true,false,true,2020-10-28 16:45:00
289107,11,17,7,6,6,10,5,7,4,2,0,0,7,4,4,3,1,0,0.87,1.4,40,60,8,11,1,4,53,71,0,1,,,,true,true,true,false,2025-02-16 15:45:00
614099,,,,,,,,,,,,,,,,,,,,,,,,,,,,,1,0,,,,true,false,true,,2025-10-05 12:45:00
100051787,9,12,1,3,7,10,2,2,3,2,,,5,5,1,0,0,0,,,33,67,21,11,3,4,57,75,0,1,,,2026-07-04 23:33:06,false,false,true,,2017-07-21 18:15:00
359370,6,11,2,5,2,6,4,5,2,3,0,0,1,5,1,1,0,0,,,,,,,,,,,0,0,,,,true,true,false,true,2020-01-12 12:45:00
156995,,,,,,,,,,,,,,,,,,,,,,,,,,,,,0,3,,,,true,false,true,,2021-06-06 01:45:00
353096,14,9,3,3,8,3,6,6,7,3,0,0,11,6,5,4,1,0,,,65,35,16,16,3,1,83,75,0,1,,,,true,true,false,true,2025-11-08 19:45:00
602363,,,,,,,,,,,,,,,,,,,,,,,,,,,,,1,0,,,,true,false,true,,2025-03-01 16:45:00
275423,12,10,8,4,0,0,0,0,0,0,0,1,3,4,3,2,1,0,,,,,,,,,,,0,1,,,,true,true,false,true,2019-03-08 18:45:00
621109,,,,,,,,,,,,,,,,,,,,,,,,,,,,,2,1,,,,true,false,true,,2024-03-06 22:45:00
251393,11,6,3,3,,,,,,,,,4,7,1,0,0,0,,,,,8,7,,,,,1,0,,,,true,false,true,,2019-02-23 16:45:00
109416,10,18,3,5,4,15,6,3,3,7,0,0,0,4,1,0,0,0,,,37,63,8,15,1,1,71,83,0,0,,,,true,true,false,true,2024-04-26 19:45:00
622178,,,,,,,,,,,,,,,,,,,,,,,,,,,,,0,1,,,,true,false,true,,2024-09-21 15:45:00
594077,,,,,,,,,,,,,,,2,1,0,0,,,,,,,,,,,1,1,,,,true,false,true,,2019-08-24 01:45:00
631186,,,,,,,,,,,,,,,,,,,,,,,,,,,,,0,0,,,,true,false,true,,2024-02-28 16:45:00
317957,,,,,,,,,,,,,,,,,,,,,,,,,,,,,0,0,,,,true,false,true,,2019-02-23 14:45:00
230947,14,14,2,8,7,9,7,5,3,3,0,0,9,2,1,1,0,0,1.05,1.21,59,41,12,11,1,0,85,80,0,2,,,2026-03-10 11:51:26.391,true,true,true,false,2022-04-29 18:15:00
111928,5,6,2,4,0,0,0,0,0,0,0,0,8,2,2,2,0,0,,,55,45,12,12,4,1,,,0,0,,,2026-03-10 11:59:22.63248,true,true,false,true,2021-12-18 15:45:00
140090,17,10,5,2,13,8,4,2,5,1,0,0,7,2,1,1,0,0,1.64,0.99,57,43,12,15,3,2,81,75,2,0,,,2026-03-10 12:12:07.613477,true,true,true,false,2021-05-23 04:15:00
100106847,8,10,3,4,,,,,,,,,8,2,,,0,0,,,52,48,17,17,1,2,,,1,1,,,2026-07-04 23:33:06,false,false,true,,2018-11-09 19:55:00
331732,26,13,8,5,10,6,16,7,7,6,0,0,9,3,2,3,0,0,1.71,0.94,,,,,,,,,0,2,,,,true,true,true,false,2018-05-31 00:15:00
260937,18,8,6,2,13,7,5,1,7,1,0,0,8,1,1,2,0,0,1.67,0.84,41,59,17,10,1,2,87,89,1,0,,,,true,true,true,false,2025-10-30 04:15:00
614614,,,,,,,,,,,,,,,,,,,,,,,,,,,,,0,0,,,,true,false,true,,2023-10-22 12:45:00
178039,19,9,7,2,,,,,,,,,3,13,1,1,0,0,,,,,8,9,,,,,0,0,,,,true,false,false,,2019-01-05 16:45:00
611030,,,,,,,,,,,,,,,,,,,,,,,,,,,,,0,1,,,,true,false,true,,2025-03-30 09:15:00
16329,9,14,3,5,7,7,2,7,3,6,0,0,7,4,4,2,0,0,0.88,1.05,48,52,14,11,2,2,75,83,1,1,,,,true,true,true,false,2024-04-01 14:45:00
318666,0,0,0,0,0,0,0,0,0,0,0,0,0,0,0,0,0,0,,,,,,,,,,,1,1,,,,true,true,false,true,2020-07-26 17:45:00
139282,11,10,4,3,6,5,5,5,4,3,0,0,7,4,4,4,0,0,0.87,0.75,57,43,15,13,2,0,80,78,0,0,,,,true,true,true,false,2023-03-18 21:45:00
124484,11,18,6,4,8,9,3,9,2,2,0,0,2,5,2,3,0,1,1.03,1.35,45,55,14,15,1,2,77,80,0,0,,,2026-03-10 12:16:55.32733,true,true,true,false,2021-03-29 18:30:00
100593662,8,7,4,4,,,,,,,,,5,4,5,2,0,0,,,54,46,10,6,2,1,,,0,0,,,2026-07-04 23:33:06,false,false,true,,2021-03-09 19:45:00
111554,19,18,6,6,11,12,8,6,7,5,0,0,9,6,1,1,0,0,1.55,1.59,51,49,12,12,3,3,72,76,1,0,,,,true,true,true,false,2024-03-02 17:45:00
163233,,,,,,,,,,,,,,,,,,,,,,,,,,,,,1,0,,,,true,false,false,,2024-11-16 18:45:00
64108,16,12,3,4,7,6,9,6,6,4,0,1,8,6,0,1,0,0,1.12,1.55,38,62,10,14,5,0,74,85,0,1,,,,true,true,true,false,2023-07-30 16:15:00
322798,9,11,5,3,4,7,5,4,2,2,0,0,6,3,3,2,0,0,0.64,0.95,,,,,,,,,0,0,,,,true,true,true,false,2019-10-02 00:00:00
126326,13,8,6,2,0,0,0,0,3,1,0,0,8,1,3,3,0,0,,,66,34,16,8,2,1,,,0,0,,,,true,true,false,true,2023-02-26 06:45:00
209144,16,7,9,2,13,5,3,2,2,2,0,1,9,4,4,3,0,0,1.6,1.29,,,,,,,,,1,1,,,,true,true,true,false,2019-04-07 14:45:00
327361,0,0,0,0,0,0,0,0,0,0,0,0,0,0,0,0,0,0,,,,,,,,,,,,,,,,false,true,false,true,2016-07-24 18:15:00
115993,0,0,0,0,0,0,0,0,0,0,0,0,0,0,0,0,0,0,,,,,0,0,0,0,,,0,0,,,2026-03-10 12:00:10.945128,true,true,false,true,2021-12-05 17:45:00
197464,11,11,4,4,6,9,5,2,4,3,0,0,5,6,0,4,0,0,0.87,1.11,52,48,10,16,2,2,68,61,0,0,,,,true,true,true,false,2025-09-13 15:45:00
5094,11,13,7,5,9,8,2,5,3,1,0,0,4,9,2,0,0,0,1.11,1.09,40,60,14,9,2,1,68,77,0,1,,,,true,true,true,false,2024-03-09 16:45:00
317454,17,12,7,2,12,6,5,6,7,4,0,0,3,8,2,2,0,0,1.56,0.9,,,,,,,,,1,0,,,,true,true,true,false,2019-04-19 21:15:00
603843,10,11,6,1,7,7,3,4,0,5,0,0,8,3,1,2,0,0,0.91,0.95,54,46,8,16,1,3,78,77,0,0,,,2026-03-23 22:49:08.083378,true,false,true,false,2025-10-26 14:45:00
296233,0,0,0,0,0,0,0,0,0,0,0,1,0,0,0,0,0,0,0.0,0.76,,,,,,,,,2,1,,,,true,true,true,false,2017-12-28 13:05:00
601121,,,,,,,,,,,,,,,,,,,,,,,,,,,,,0,0,,,,true,false,true,,2023-10-07 15:45:00
240693,15,11,12,8,0,0,0,0,0,0,1,0,5,5,1,3,0,1,,,,,,,,,,,,,,,,false,true,false,true,2016-10-02 19:45:00
302511,0,0,0,0,0,0,0,0,0,0,0,0,0,0,0,0,0,0,,,,,,,,,,,2,1,,,,true,true,false,true,2019-02-15 17:45:00
351666,,,,,,,,,,,,,,,,,,,,,,,,,,,,,1,1,,,,true,false,false,,2019-09-05 20:30:00
102115,10,10,7,2,7,5,3,5,1,3,1,0,1,6,2,4,0,0,1.56,0.75,69,31,11,15,3,2,90,75,0,0,,,2026-03-10 11:48:10.58753,true,true,true,false,2022-07-03 23:15:00
286940,22,6,12,2,0,0,0,0,0,0,0,0,5,2,1,1,0,1,,,,,,,,,,,,,,,,false,true,false,true,2016-11-26 17:45:00
161910,13,10,4,9,10,6,3,4,6,0,0,0,10,2,2,1,0,0,1.26,0.83,,,,,,,,,0,1,,,,true,true,true,false,2020-09-05 15:45:00
330656,10,4,3,3,0,0,0,0,0,0,0,0,4,4,4,6,1,0,,,,,,,,,,,0,0,,,,true,true,false,true,2020-02-26 18:45:00
317774,13,7,4,3,7,4,6,3,4,1,0,1,5,3,4,4,0,0,1.02,1.21,64,36,11,8,0,0,80,65,0,0,,,,true,true,true,false,2025-10-24 21:45:00
609523,,,,,,,,,,,,,,,,,,,,,,,,,,,,,0,0,,,,true,false,true,,2025-02-22 10:45:00
106107,0,0,0,0,0,0,0,0,0,0,0,0,0,0,0,0,0,0,,,,,0,0,0,0,,,1,2,,,2026-03-10 10:06:24.631372,true,true,false,true,2023-09-23 23:25:00
209775,17,9,5,4,7,5,10,4,4,3,0,0,3,4,2,2,0,0,1.16,0.72,48,52,8,14,0,3,88,90,1,0,,,2026-03-10 12:22:59.110245,true,true,true,false,2021-01-17 21:30:00
610101,,,,,,,,,,,,,,,,,,,,,,,,,,,,,0,0,,,,true,false,true,,2026-03-13 17:45:00
626895,,,,,,,,,,,,,,,,,,,,,,,,,,,,,1,0,,,,true,false,true,,2025-08-24 01:45:00
26262,13,12,1,5,6,9,7,3,6,3,0,0,5,1,2,2,0,0,0.94,1.14,59,41,15,17,4,2,87,84,0,1,,,,true,true,true,false,2024-05-12 18:45:00
592654,,,,,,,,,,,,,,,2,0,0,1,,,,,,,,,,,0,4,,,,true,false,true,,2022-10-25 01:45:00
619276,,,,,,,,,,,,,,,,,,,,,,,0,0,0,0,,,0,0,,,2026-03-29 03:02:09.335888,true,false,true,,2026-03-27 01:45:00
157130,9,16,2,2,6,9,3,7,2,3,0,0,6,8,0,0,0,0,0.8,1.28,36,64,14,20,1,3,70,83,0,0,,,2026-03-10 11:57:51.590397,true,true,true,false,2022-01-28 03:50:00
114959,15,11,7,3,6,10,9,1,6,3,0,0,5,4,2,0,0,0,1.01,1.19,73,27,15,13,1,1,90,70,0,0,,,,true,true,true,false,2024-08-04 17:15:00
125141,0,0,0,0,0,0,0,0,0,0,0,0,0,0,0,0,0,0,,,,,0,0,0,0,,,1,0,,,2026-03-10 12:13:11.536717,true,true,false,true,2021-05-09 18:15:00
203595,10,10,3,2,3,5,7,5,2,5,0,0,3,1,4,4,0,0,0.59,0.75,,,,,,,,,1,1,,,,true,true,true,false,2018-11-12 21:45:00
199016,18,6,7,1,14,4,4,2,4,1,0,0,10,3,0,5,0,0,,,,,,,,,,,,,,,,false,true,false,true,2015-12-20 19:00:00
153308,,,,,,,,,,,,,,,,,,,,,,,,,,,,,1,0,,,,true,false,false,,2024-09-28 15:45:00
371812,15,20,4,6,,,,,,,,,9,5,0,1,1,0,,,41,59,9,13,5,2,73,85,2,0,,,2026-03-29 03:02:19.508759,true,false,true,,2026-03-22 18:00:00
146079,13,13,4,4,9,7,4,6,3,1,0,0,7,3,2,2,0,0,,,65,35,12,14,1,1,80,67,0,0,,,,true,true,false,true,2023-10-07 14:45:00
245725,11,13,8,4,8,6,3,7,0,2,0,0,2,6,3,3,0,0,1.03,0.94,46,54,17,16,2,2,74,76,1,0,,,2026-03-15 03:06:13.491575,true,true,true,false,2020-12-09 18:15:00
246575,10,10,5,3,7,8,3,2,1,0,1,1,4,3,4,1,0,0,1.56,1.64,54,46,13,13,3,0,84,80,1,1,,,,true,true,true,false,2023-01-04 18:45:00
610681,,,,,,,,,,,,,,,,,,,,,,,,,,,,,0,0,,,,true,false,true,,2024-04-28 15:45:00
218245,15,5,6,0,9,5,6,0,2,1,0,0,6,3,1,0,0,0,1.25,0.58,53,47,12,10,1,1,85,80,3,0,,,2026-03-10 12:02:48.933739,true,true,true,false,2021-10-31 15:45:00
312868,,,,,,,,,,,,,,,,,,,,,,,,,,,,,1,0,,,,true,false,false,,2025-10-22 20:45:00
270981,12,5,3,0,6,4,6,1,4,1,0,0,7,3,1,3,0,0,0.9,0.49,63,37,9,13,3,3,86,68,0,0,,,,true,true,true,false,2025-04-05 18:30:00
191239,11,11,2,1,4,6,7,5,2,3,0,0,7,8,1,1,0,0,,,,,,,,,,,0,0,,,,true,true,false,true,2019-08-10 15:45:00
115845,0,0,0,0,0,0,0,0,0,0,0,0,0,0,0,0,0,0,,,,,0,0,0,0,,,2,0,,,2026-03-10 12:10:20.685823,true,true,false,true,2021-07-19 20:45:00
629200,,,,,,,,,,,,,,,,,,,,,,,,,,,,,0,0,,,,true,false,true,,2024-01-17 21:45:00
4878,13,11,5,4,5,8,8,3,3,3,0,0,7,5,2,1,0,0,0.86,1.03,64,36,12,11,1,0,73,54,0,0,,,,true,true,true,false,2023-11-28 21:30:00
319214,,,,,,,,,,,,,,,,,,,,,,,,,,,,,0,0,,,,true,false,true,,2018-04-06 16:10:00
212988,17,6,8,3,12,5,5,1,4,1,0,0,9,2,1,4,0,1,1.56,0.61,,,,,,,,,2,1,,,,true,true,true,false,2020-07-24 20:45:00
153510,,,,,,,,,,,,,,,,,,,,,,,,,,,,,0,0,,,,true,false,false,,2024-11-02 16:45:00
620818,,,,,,,,,,,,,,,,,,,,,,,,,,,,,1,2,,,,true,false,true,,2025-04-03 20:45:00
97526,16,10,9,5,11,6,5,4,1,1,0,1,10,4,5,3,0,0,1.44,1.48,58,42,13,11,0,2,85,81,1,1,,,,true,true,true,false,2023-05-11 02:55:00
253938,10,16,3,4,5,9,5,7,2,4,0,0,3,5,2,2,0,0,0.75,1.28,,,,,,,,,,,,,,false,true,true,false,2016-05-26 00:15:00
312874,,,,,,,,,,,,,,,,,,,,,,,,,,,,,0,0,,,,true,false,false,,2025-10-25 18:45:00
274865,6,8,3,4,3,5,3,3,0,1,0,0,4,8,3,2,0,0,0.45,0.68,45,55,8,14,3,2,72,76,2,1,,,,true,true,true,false,2024-03-30 21:15:00
113359,0,0,0,0,0,0,0,0,0,0,0,0,0,0,0,0,0,0,,,,,0,0,0,0,,,0,0,,,2026-03-10 10:05:36.947269,true,true,false,true,2023-11-10 16:45:00
176610,0,0,0,0,0,0,0,0,0,0,0,0,0,0,0,0,0,0,,,,,,,,,,,,,,,,false,true,false,true,2016-05-08 13:15:00
283418,7,6,3,2,0,0,0,0,0,0,0,0,0,3,2,1,0,0,,,,,,,,,,,1,0,,,,true,true,false,true,2019-04-13 15:45:00
619269,,,,,,,,,,,,,,,,,,,,,,,0,0,0,0,,,1,1,,,2026-03-29 03:02:16.076088,true,false,true,,2026-03-23 03:15:00
181077,8,18,1,11,,,,,,,,,4,0,2,3,0,0,,,,,14,14,,,,,0,0,,,,true,false,true,,2016-11-19 16:45:00
239352,9,8,5,5,4,7,5,1,2,1,0,0,1,5,2,3,0,0,0.64,0.84,45,55,16,14,2,3,82,85,1,1,,,,true,true,true,false,2025-12-07 17:15:00
256787,14,8,3,3,8,4,6,4,4,0,0,0,6,2,1,1,0,0,1.13,0.6,35,65,8,10,1,3,87,93,1,1,,,,true,true,true,false,2024-06-21 00:45:00
211348,19,15,6,5,13,12,6,3,7,2,0,0,4,4,1,1,0,0,1.71,1.49,53,47,21,13,0,2,88,85,1,0,,,,true,true,true,false,2026-01-31 18:45:00
147163,10,16,3,7,4,12,6,4,4,4,0,0,4,6,2,1,0,0,0.67,1.52,38,62,14,12,2,2,62,75,0,1,,,,true,true,true,false,2024-08-31 18:15:00
100045887,,,,,,,,,,,,,2,9,2,5,0,0,,,,,,,,,,,0,0,,,2026-07-04 23:33:06,false,false,true,,2018-08-11 13:45:00
116677,7,11,4,8,0,0,0,0,0,0,0,0,3,6,3,2,0,0,,,42,58,12,9,0,1,,,2,0,,,2026-03-10 11:59:22.653503,true,true,false,true,2021-12-18 15:45:00
329067,14,8,6,2,8,7,6,1,2,3,0,0,3,9,3,4,0,0,1.13,0.84,,,,,,,,,0,1,,,,true,true,true,false,2017-10-29 07:45:00
628863,,,,,,,,,,,,,,,,,,,,,,,,,,,,,0,0,,,,true,false,true,,2024-10-28 00:15:00
619659,,,,,,,,,,,,,,,,,,,,,,,,,,,,,0,0,,,,true,false,true,,2024-03-05 00:50:00
595143,,,,,,,,,,,,,,,2,0,0,0,,,,,,,,,,,1,1,,,,true,false,true,,2017-09-16 01:45:00
211387,15,4,8,2,0,0,0,0,0,0,0,0,5,5,3,1,1,1,,,,,,,,,,,1,1,,,,true,true,false,true,2017-05-01 14:45:00
216342,11,10,4,6,8,6,3,4,1,2,0,0,4,4,2,1,1,0,1.03,0.83,,,,,,,,,,,,,,false,true,true,false,2016-09-10 16:45:00
80445,21,10,7,2,13,8,8,2,5,2,0,0,7,5,4,3,0,0,1.78,0.99,66,34,18,16,1,4,86,71,0,1,,,,true,true,true,false,2023-10-02 18:45:00
228956,10,6,5,3,0,0,0,0,0,0,0,0,2,6,1,1,0,0,,,,,,,,,,,,,,,,false,true,false,true,2015-11-21 13:45:00
102375,17,23,5,10,10,13,7,10,6,6,0,0,7,7,3,0,0,1,1.4,1.85,52,48,12,9,3,0,73,67,1,1,,,2026-03-10 12:07:48.903792,true,true,true,false,2021-08-26 22:15:00
188716,7,7,1,1,4,3,3,4,3,1,0,0,1,4,1,0,0,0,0.57,0.49,,,,,,,,,0,0,,,,true,true,true,false,2020-11-07 16:45:00
618765,,,,,,,,,,,,,,,,,,,,,,,,,,,,,0,0,,,,true,false,true,,2025-05-17 18:15:00
360287,12,23,3,7,6,15,6,8,2,5,1,0,2,9,4,3,0,0,,,,,,,,,,,,,,,,false,true,false,true,2016-09-29 16:45:00
122030,0,0,0,0,0,0,0,0,0,0,1,0,0,0,0,0,0,0,,,,,0,0,0,0,,,2,0,,,2026-03-10 11:41:31.176908,true,true,false,true,2023-03-04 16:45:00
93414,8,6,3,3,3,6,5,0,2,2,0,0,6,4,5,5,0,0,0.52,0.69,47,53,24,22,2,2,63,66,0,0,,,,true,true,true,false,2024-09-25 02:15:00
234725,13,10,7,7,10,7,3,3,3,0,0,0,4,6,0,1,0,0,1.26,0.91,50,50,3,8,3,0,78,80,1,1,,,2026-03-10 11:55:14.048404,true,true,true,false,2022-03-06 17:30:00
331789,5,10,1,5,4,7,1,3,2,1,0,0,1,2,4,5,1,0,0.49,0.91,,,,,,,,,1,1,,,,true,true,true,false,2018-08-02 02:45:00
192511,14,15,9,8,6,10,8,5,2,4,0,4,7,1,3,0,0,0,0.97,3.91,40,60,16,10,2,0,65,76,0,3,,,2026-03-10 11:57:49.329454,true,true,true,false,2022-01-29 16:45:00
196389,7,8,1,2,3,6,4,2,2,2,0,0,6,4,0,1,0,0,0.49,0.76,53,47,12,6,0,0,70,66,1,1,,,,true,true,true,false,2022-10-01 15:45:00
149608,13,18,3,9,10,12,3,6,4,2,0,0,4,4,2,4,0,0,,,56,44,9,12,0,2,80,79,0,1,,,,true,true,false,true,2024-11-28 21:45:00
374462,13,9,6,2,8,5,5,4,3,2,0,0,6,3,3,3,0,0,1.09,0.72,45,55,14,20,3,0,80,84,1,0,,,,true,false,true,false,2026-02-25 21:45:00
218441,24,10,7,3,17,5,7,5,6,1,0,0,14,5,4,1,0,0,2.2,0.75,60,40,12,10,1,0,86,80,0,1,,,2026-03-10 11:52:21.36869,true,true,true,false,2022-04-17 14:45:00
313920,,,,,,,,,,,,,,,,,,,,,,,,,,,,,2,1,,,,true,false,true,,2017-11-18 20:15:00
144236,,,,,,,,,,,,,,,,,,,,,,,,,,,,,0,1,,,,true,false,false,,2021-08-18 22:45:00
356344,,,,,,,,,,,,,,,,,,,,,,,,,,,,,0,0,,,,true,false,false,,2025-07-10 20:45:00
192064,14,14,3,5,7,7,7,7,4,4,0,0,7,3,2,1,0,0,1.05,1.05,44,56,12,14,2,3,69,72,2,1,,,2026-03-10 12:16:50.010454,true,true,true,false,2021-04-02 15:45:00
266985,17,9,6,4,5,5,12,4,3,3,0,0,4,2,0,1,0,0,1.0,0.72,,,,,,,,,,,,,,false,true,true,false,2016-08-28 17:45:00
618964,,,,,,,,,,,,,,,,,,,,,,,,,,,,,0,1,,,,true,false,true,,2024-03-23 22:45:00
259860,13,7,4,2,8,4,5,3,3,3,0,0,14,3,2,1,0,1,1.09,0.57,,,,,,,,,1,0,,,,true,true,true,false,2018-08-13 03:45:00
245440,24,11,8,5,12,8,12,3,3,3,0,0,11,4,2,2,0,0,1.8,1.03,,,,,,,,,1,3,,,,true,true,true,false,2019-12-08 15:15:00
123451,10,15,3,6,9,9,1,6,1,2,0,1,4,3,3,1,0,0,1.07,1.89,45,55,12,13,3,1,76,83,0,0,,,2026-03-10 11:45:26.922627,true,true,true,false,2022-08-19 19:45:00
96243,18,9,6,1,4,2,14,7,6,4,1,0,6,4,1,3,0,0,1.6,0.48,60,40,5,11,1,0,74,53,0,0,,,,true,true,true,false,2022-10-08 17:45:00
209437,13,15,5,7,8,9,5,6,4,4,1,0,4,6,4,3,0,0,1.74,1.25,,,,,,,,,1,2,,,,true,true,true,false,2020-02-03 21:30:00
230336,16,9,7,2,12,5,4,4,4,3,0,0,5,4,5,3,1,1,1.52,0.72,,,,,,,,,0,2,,,,true,true,true,false,2020-06-17 18:15:00
100593430,8,9,3,5,,,,,,,,,3,1,1,4,0,0,,,54,46,10,16,2,0,,,1,0,,,2026-07-04 23:33:06,false,false,true,,2020-09-20 12:45:00
280756,5,20,1,9,2,13,3,7,2,5,0,0,0,5,1,1,0,0,0.34,1.74,,,,,,,,,0,1,,,,true,true,true,false,2020-08-15 14:45:00
350844,5,27,1,15,1,13,4,14,1,5,0,2,3,7,5,1,0,0,0.26,3.28,31,69,20,8,0,4,71,88,0,2,,,,true,true,true,false,2025-11-14 01:45:00
238947,27,6,8,1,18,4,9,2,7,2,0,0,12,2,0,1,0,0,2.39,0.53,63,37,6,14,0,0,86,72,0,0,,,,true,true,true,false,2024-08-17 21:15:00
288616,,,,,,,,,,,,,,,,,,,,,,,,,,,,,1,0,,,,true,false,false,,2022-10-02 17:15:00
296,11,3,6,2,6,3,5,0,2,0,0,0,9,2,3,2,0,0,0.87,0.35,50,50,13,14,0,4,79,77,0,0,,,,true,true,true,false,2024-04-02 20:30:00
133869,0,0,0,0,0,0,0,0,0,0,1,0,0,0,0,0,0,0,,,,,0,0,0,0,,,0,1,,,2026-03-10 10:00:47.668205,true,true,false,true,2024-11-30 15:45:00
270723,15,11,6,3,6,6,9,5,4,5,0,0,5,1,1,2,0,0,1.01,0.87,62,38,9,10,4,4,82,63,0,0,,,,true,true,true,false,2023-04-30 12:45:00
195934,14,17,5,4,13,7,1,10,5,4,0,0,8,9,0,0,0,0,1.53,1.16,54,46,4,6,1,1,70,64,0,0,,,2026-03-10 12:00:02.238508,true,true,true,false,2021-12-07 21:30:00
234505,6,19,2,6,2,14,4,5,2,7,0,0,2,11,2,2,0,0,0.37,1.79,37,63,12,10,2,1,73,84,0,1,,,2026-03-10 12:08:50.323236,true,true,true,false,2021-08-14 18:30:00
235638,17,14,3,8,11,10,6,4,5,3,0,0,2,12,3,5,0,1,1.48,1.29,43,57,7,14,2,1,80,85,1,0,,,,true,true,true,false,2025-12-21 13:00:00
125326,0,0,0,0,0,0,0,0,0,0,0,0,0,0,0,0,0,0,,,,,,,,,,,0,1,,,,true,true,false,true,2020-09-20 13:45:00
280563,11,9,5,3,7,5,4,4,0,1,0,0,4,2,1,2,0,1,0.95,0.72,,,,,,,,,1,0,,,,true,true,true,false,2019-09-01 17:15:00
251984,,,,,,,,,,,,,,,,,,,,,,,,,,,,,0,0,,,,true,false,true,,2022-11-19 16:45:00
277364,0,0,5,6,0,0,0,0,0,0,0,1,7,3,2,4,2,2,,,,,,,,,,,,,,,,false,true,false,true,2015-04-12 20:45:00
371358,,,,,,,,,,,,,,,,,,,,,52,48,15,19,0,6,76,73,0,0,,,2026-03-29 03:02:04.796387,true,false,true,,2026-03-28 14:45:00
356189,17,8,7,6,10,6,7,2,2,0,0,0,7,1,1,5,0,0,,,73,27,9,14,0,1,87,72,0,1,,,,true,true,false,true,2025-09-25 18:30:00
100339,0,0,0,0,0,0,0,0,0,0,0,0,0,0,0,0,0,0,,,,,0,0,0,0,,,0,0,,,2026-03-10 11:40:25.401846,true,true,false,true,2023-04-23 23:45:00
150926,31,1,12,0,20,1,11,0,2,0,0,0,13,1,0,1,0,0,2.69,0.12,,,,,,,,,1,0,,,,true,true,true,false,2019-09-10 20:30:00
100514,0,0,0,0,0,0,0,0,0,0,0,0,0,0,0,0,0,0,,,,,0,0,0,0,,,0,1,,,2026-03-10 11:48:09.442251,true,true,false,true,2022-07-04 00:00:00
218794,20,2,7,1,12,1,8,1,5,0,0,0,5,1,3,3,0,1,1.66,0.15,60,40,14,9,2,1,88,82,1,0,,,,true,true,true,false,2023-04-02 12:45:00
96431,21,10,6,4,17,10,4,0,3,3,0,0,15,3,4,4,0,0,2.1,1.15,70,30,22,12,4,1,84,64,0,1,,,2026-03-10 12:14:24.741489,true,true,true,false,2021-04-25 22:45:00
138105,14,13,4,3,9,4,5,9,3,1,0,0,6,3,2,1,0,0,1.21,0.78,48,52,9,6,4,1,81,79,1,1,,,2026-03-10 12:06:37.570429,true,true,true,false,2021-09-14 03:45:00
130456,19,12,5,5,11,6,8,6,7,4,0,0,7,3,1,3,0,0,1.55,0.9,68,32,18,17,1,5,83,65,0,0,,,2026-03-10 12:01:28.098702,true,true,true,false,2021-11-21 06:50:00
152636,15,16,2,8,7,8,8,8,5,4,0,0,6,6,1,1,0,0,,,32,68,10,5,1,0,74,87,0,1,,,,true,true,false,true,2024-03-07 19:30:00
218372,13,16,7,9,10,15,3,1,1,3,1,0,5,7,2,6,0,0,1.9,1.76,28,72,16,10,1,1,78,91,3,0,,,2026-03-10 11:56:28.43659,true,true,true,false,2022-02-19 21:45:00
266648,21,17,6,1,13,9,8,8,4,4,0,0,6,5,4,3,0,0,1.78,1.32,53,47,12,14,0,2,80,77,0,1,,,,true,true,true,false,2025-08-16 04:50:00
257093,20,7,5,3,13,5,7,2,6,2,0,0,8,1,2,3,0,0,1.74,0.65,70,30,12,12,5,3,85,67,0,1,,,,true,true,true,false,2025-04-06 23:15:00
599774,7,24,2,3,4,10,3,14,2,5,,,4,9,2,0,,,0.64,2.73,32,68,9,11,0,1,62,81,0,1,,,2026-07-04 21:34:46,false,false,true,false,2026-04-29 23:45:00
195595,13,5,5,2,8,2,5,3,5,1,0,0,8,6,0,0,0,0,1.09,0.34,47,53,12,11,6,3,54,57,1,0,,,2026-03-10 12:16:47.420426,true,true,true,false,2021-04-02 15:45:00
200817,5,14,1,4,5,12,0,2,1,2,0,0,2,4,1,0,1,0,0.58,1.45,,,,,,,,,0,0,,,,true,true,true,false,2020-10-25 14:45:00
126114,0,0,0,0,0,0,0,0,0,0,0,0,0,0,0,0,0,0,,,,,0,0,0,0,,,1,0,,,,true,true,false,true,2024-04-02 12:15:00
